,Accuracy,Balanced Accuracy,F1 Score,Specificity,Parity Score Gender,Parity Score Race,Intersectional Parity Score,Model
0,0.5066666666666667,0.4990423589149704,0.5842696629213484,0.3356643356643357,0.9567790530846484,0.7883568521118398,0.6914554944558212,FairBN
1,0.89,0.8874214957017506,0.8996960486322189,0.8321678321678322,0.421987087517934,0.42323996210467363,0.23103788072263887,LabelBN
2,0.9233333333333333,0.9233219010289074,0.926517571884984,0.9230769230769231,0.49264705882352944,0.3428107562451802,0.1327381877102477,NBSens
3,0.9166666666666666,0.9169524742773151,0.9196141479099679,0.9230769230769231,0.4779411764705882,0.38399736010107166,0.1645672702673664,NB
4,1.0,1.0,1.0,1.0,0.5269010043041606,0.2999591151813362,0.182692948721367,Dataset
5,0.5466666666666666,0.5652056277056277,0.5828220858895705,0.4107142857142857,0.6133333333333333,0.7756697495560629,0.523153017684078,FairBN
6,0.7833333333333333,0.7976190476190477,0.7882736156351791,0.6785714285714286,0.42000000000000004,0.5407456153660478,0.24971232407566413,LabelBN
7,0.86,0.8668831168831168,0.8531468531468532,0.8095238095238095,0.48,0.38840065296367154,0.1130073544552086,NBSens
8,0.8533333333333334,0.8609307359307359,0.8472222222222222,0.7976190476190477,0.4933333333333333,0.3864856301496946,0.11492563649926935,NB
9,1.0,1.0,1.0,1.0,0.5866666666666667,0.22924904576433802,0.1555129250620203,Dataset
10,0.51,0.5048943270300333,0.5811965811965812,0.35172413793103446,0.9188034188034189,0.7969609725996926,0.6781440949417373,FairBN
11,0.8933333333333333,0.8909899888765295,0.903030303030303,0.8206896551724138,0.39903846153846156,0.4212453306001167,0.21075101896924975,LabelBN
12,0.9266666666666666,0.9268075639599556,0.9285714285714285,0.9310344827586207,0.5,0.37082929514317065,0.16380593876958804,NBSens
13,0.8866666666666667,0.8874304783092325,0.8874172185430464,0.9103448275862069,0.45833333333333337,0.515183628416642,0.24212802416186885,NB
14,1.0,1.0,1.0,1.0,0.5138888888888888,0.3185850787504919,0.1910479752936407,Dataset
15,0.5,0.4798319707303853,0.5901639344262295,0.32061068702290074,0.9099713055954088,0.7639180661250622,0.6394169648904593,FairBN
16,0.8966666666666666,0.8954108134965446,0.9080118694362018,0.8854961832061069,0.4732783357245336,0.43026282850665365,0.20452429974729835,LabelBN
17,0.86,0.8688739328786305,0.8653846153846153,0.9389312977099237,0.4643113342898135,0.35211320150972414,0.1506561244598098,NBSens
18,0.8533333333333334,0.8629567731153169,0.8580645161290322,0.9389312977099237,0.4496054519368724,0.4011249735577933,0.20007316628462601,NB
19,1.0,1.0,1.0,1.0,0.6151362984218078,0.27451940250325135,0.19063864122679408,Dataset
20,0.46,0.4545940170940171,0.5317919075144508,0.3194444444444444,0.8252634387088169,0.8248943231424489,0.6382102609711816,FairBN
21,0.84,0.8357371794871795,0.8596491228070176,0.7291666666666666,0.5046018407362944,0.5278999555798966,0.22302439747205804,LabelBN
22,0.8966666666666666,0.8966346153846154,0.9003215434083601,0.8958333333333334,0.5604908630118715,0.37938198619831576,0.17833565227184245,NBSens
23,0.8866666666666667,0.8867521367521367,0.8903225806451613,0.8888888888888888,0.5536881419234361,0.417490913019092,0.21024637792999756,NB
24,1.0,1.0,1.0,1.0,0.6206482593037214,0.26531541432327765,0.17875033004075835,Dataset
25,0.46,0.45118191161356624,0.5317919075144508,0.33093525179856115,0.9240244560330876,0.810380915912025,0.5355987972405435,FairBN
26,0.89,0.8832610929889628,0.9048991354466858,0.7913669064748201,0.48642330516094223,0.29123406600528823,0.16553887472508932,LabelBN
27,0.9166666666666666,0.9164618615666473,0.9221183800623053,0.9136690647482014,0.5081819816579751,0.31546316297924604,0.14731538006156242,NBSens
28,0.9033333333333333,0.9030564368381071,0.9096573208722741,0.8992805755395683,0.5081819816579751,0.3617599219347203,0.2037977928686876,NB
29,1.0,1.0,1.0,1.0,0.5156446682251393,0.24996531995901305,0.18223851502306265,Dataset
30,0.45666666666666667,0.4573758833725943,0.5075528700906344,0.3509933774834437,0.9676214196762142,0.8006004973621632,0.7292398709349737,FairBN
31,0.9066666666666666,0.9070625361127161,0.9113924050632912,0.847682119205298,0.5099626400996264,0.3787657882169574,0.2124862498996325,LabelBN
32,0.9033333333333333,0.9033957064758433,0.9036544850498338,0.8940397350993378,0.5326454367550257,0.38395224221990676,0.16766724913205866,NBSens
33,0.8733333333333333,0.8733277034534868,0.87248322147651,0.8741721854304636,0.5131649172745063,0.47440714276755414,0.23216716152363792,NB
34,1.0,1.0,1.0,1.0,0.5798790250845045,0.3207367303965978,0.19447169190841718,Dataset
35,0.53,0.5160714285714285,0.6219839142091153,0.30714285714285716,0.7418629742852004,0.7597845271357602,0.679323196985007,FairBN
36,0.8666666666666667,0.8584821428571429,0.8870056497175142,0.7357142857142858,0.4517173170293113,0.4668202065610959,0.18289565446630973,LabelBN
37,0.89,0.8892857142857142,0.897196261682243,0.8785714285714286,0.5695918000359648,0.3422756883254514,0.12285318234811349,NBSens
38,0.8633333333333333,0.8633928571428572,0.8706624605678234,0.8642857142857143,0.5397410537673081,0.46064711848931705,0.1909130332028235,NB
39,1.0,1.0,1.0,1.0,0.5621291134688007,0.268165214953045,0.16726947877300258,Dataset
40,0.4533333333333333,0.46140131930825456,0.514792899408284,0.310126582278481,0.7719017094017094,0.6261591716855552,0.4640671680607883,FairBN
41,0.9,0.8993581743626315,0.8936170212765958,0.9113924050632911,0.44177350427350426,0.3152572473645914,0.1946693851007859,LabelBN
42,0.9166666666666666,0.9137546799786058,0.9070631970260223,0.9683544303797469,0.45192307692307687,0.2912585857440897,0.1623548052096101,NBSens
43,0.9,0.8961490461757889,0.8863636363636364,0.9683544303797469,0.4198717948717948,0.3919853398973854,0.2571641392038604,NB
44,1.0,1.0,1.0,1.0,0.5213675213675214,0.2763609413892131,0.18233077697419753,Dataset
45,0.49666666666666665,0.49866613311991465,0.5382262996941896,0.39869281045751637,0.9544215559229635,0.8300596379151536,0.6976159771120869,FairBN
46,0.88,0.8814192343604108,0.8860759493670886,0.8104575163398693,0.47312212341927695,0.471423945279991,0.25993908826248047,LabelBN
47,0.92,0.920234760570895,0.9194630872483222,0.9084967320261438,0.5447070914696814,0.3380817934002167,0.16344359238362505,NBSens
48,0.9,0.900093370681606,0.8986486486486487,0.8954248366013072,0.5303186022610482,0.4314915304279965,0.23880456118530968,NB
49,1.0,1.0,1.0,1.0,0.5293355377809554,0.3239716432293386,0.18781828602349304,Dataset
50,0.5366666666666666,0.5291716847317007,0.5994236311239193,0.40425531914893614,0.9079306793247055,0.6988753898377458,0.5802173692410275,FairBN
51,0.86,0.8594941790445605,0.8679245283018869,0.851063829787234,0.5081724956338722,0.43705660469972696,0.24180150423491098,LabelBN
52,0.89,0.8898032918506624,0.8958990536277602,0.8865248226950354,0.5546101831534638,0.3506615640310575,0.12119967507873519,NBSens
53,0.8833333333333333,0.8835139836745618,0.8888888888888888,0.8865248226950354,0.5400116430074784,0.3913621736840738,0.15586570132790833,NB
54,1.0,1.0,1.0,1.0,0.6693833684116252,0.28842933469887044,0.18347215714517295,Dataset
55,0.48333333333333334,0.469023569023569,0.5658263305322128,0.32592592592592595,0.8666606441122002,0.8807342158381761,0.6388669300596833,FairBN
56,0.88,0.8727272727272728,0.8965517241379309,0.8,0.4727404128461087,0.47748966578199603,0.23918896544711687,LabelBN
57,0.9166666666666666,0.9188552188552188,0.9221183800623053,0.9407407407407408,0.537648493608564,0.3209764898651717,0.15630136567342023,NBSens
58,0.9,0.9030303030303031,0.9056603773584905,0.9333333333333333,0.5147477302497854,0.40573427250641514,0.2129541724154832,NB
59,1.0,1.0,1.0,1.0,0.6334522787840463,0.25392196121087673,0.17519662759629995,Dataset
60,0.5133333333333333,0.5087875417130144,0.5780346820809249,0.3724137931034483,0.8925214912476059,0.684935366939828,0.633427001920653,FairBN
61,0.8566666666666667,0.8543937708565073,0.8693009118541034,0.7862068965517242,0.4395795287515032,0.3400603691435842,0.20035102454875908,LabelBN
62,0.8966666666666666,0.8971078976640712,0.8983606557377048,0.9103448275862069,0.4721838670883256,0.3435009767238075,0.15554056924859572,NBSens
63,0.8966666666666666,0.8971078976640712,0.8983606557377048,0.9103448275862069,0.4721838670883256,0.3435009767238075,0.15554056924859572,NB
64,1.0,1.0,1.0,1.0,0.5338737695425594,0.27038375491665456,0.19004988974678483,Dataset
65,0.4633333333333333,0.4447811447811447,0.5636856368563684,0.25925925925925924,0.8811722199919712,0.7733985893819191,0.61521704036367,FairBN
66,0.8766666666666667,0.8723905723905724,0.8908554572271387,0.8296296296296296,0.3873946206342834,0.44665078355418875,0.26767856268910717,LabelBN
67,0.8833333333333333,0.8892255892255893,0.8867313915857605,0.9481481481481482,0.5091663321289979,0.24008861757235123,0.12068136090060155,NBSens
68,0.88,0.8861952861952862,0.8831168831168831,0.9481481481481482,0.5020741335474375,0.2666412240705305,0.15174026750009662,NB
69,1.0,1.0,1.0,1.0,0.5242874347651545,0.232571083895052,0.1672498770613422,Dataset
70,0.49333333333333335,0.4841653247450349,0.5606936416184971,0.3695652173913043,0.7872053872053872,0.6789881657590551,0.5142758879663469,FairBN
71,0.8666666666666667,0.8599033816425121,0.884393063583815,0.7753623188405797,0.38316498316498315,0.3968745858779832,0.20599185004836318,LabelBN
72,0.9033333333333333,0.9029790660225443,0.9102167182662538,0.8985507246376812,0.4821548821548821,0.3324386910650283,0.15860475149460784,NBSens
73,0.8733333333333333,0.8714439076757917,0.8841463414634145,0.8478260869565217,0.5191919191919192,0.36875563787357213,0.20168647043612742,NB
74,1.0,1.0,1.0,1.0,0.5164983164983166,0.23177349495818733,0.1601581094491077,Dataset
75,0.4866666666666667,0.48554630083292505,0.5095541401273885,0.46153846153846156,0.9498190267661647,0.7552530331024938,0.7069502048894662,FairBN
76,0.88,0.8775555654536547,0.8902439024390243,0.8251748251748252,0.567943160999151,0.35499924830064244,0.23563126299453774,LabelBN
77,0.8733333333333333,0.87492762015055,0.8741721854304636,0.9090909090909091,0.675812145314804,0.2732590603912509,0.18483221273652628,NBSens
78,0.8566666666666667,0.8590040532715693,0.8552188552188553,0.9090909090909091,0.6398409222932213,0.3703500415999572,0.25282301753505076,NB
79,1.0,1.0,1.0,1.0,0.6817105321953616,0.2187508622263663,0.15733902589006354,Dataset
80,0.56,0.5590470687586115,0.6162790697674418,0.4161073825503356,0.5941344268140488,0.7032157797816607,0.45737178558307123,FairBN
81,0.7733333333333333,0.7723009911551624,0.8045977011494253,0.6174496644295302,0.5287038687823141,0.5350889184269148,0.21864311415364046,LabelBN
82,0.83,0.8296590959598205,0.8391167192429021,0.7785234899328859,0.564449991085755,0.4453055503650033,0.1462467202561244,NBSens
83,0.83,0.8296590959598205,0.8391167192429021,0.7785234899328859,0.564449991085755,0.4453055503650033,0.1462467202561244,NB
84,1.0,1.0,1.0,1.0,0.6326439650561597,0.2897261873834226,0.18925258566652614,Dataset
85,0.49666666666666665,0.49113032626136566,0.5545722713864307,0.3873239436619718,0.790426100909253,0.7308843025097012,0.6009077567557457,FairBN
86,0.8733333333333333,0.8690497414868961,0.8875739644970415,0.7887323943661971,0.5159564984845784,0.3778306723821594,0.2135392812614384,LabelBN
87,0.8866666666666667,0.8866999465145302,0.8917197452229298,0.8873239436619719,0.5608842931003744,0.33844032373389443,0.1713468378596944,NBSens
88,0.8766666666666667,0.8768497058299163,0.8817891373801917,0.8802816901408451,0.5538420395792476,0.3965143769921572,0.23456354085074393,NB
89,1.0,1.0,1.0,1.0,0.5883401675878053,0.28177844333293234,0.1971882119729309,Dataset
90,0.5066666666666667,0.5105853051058531,0.5647058823529412,0.36363636363636365,0.7081476198965948,0.8013881716197979,0.5947656440088391,FairBN
91,0.8133333333333334,0.8171143924568582,0.8333333333333334,0.6753246753246753,0.46603672668924945,0.49315872543239414,0.18380311986855502,LabelBN
92,0.88,0.8811599359544565,0.8823529411764707,0.8376623376623377,0.5088251025138171,0.39362563556367225,0.0867243211396802,NBSens
93,0.8566666666666667,0.8582547589396905,0.8617363344051447,0.7987012987012987,0.5440363701194508,0.4077052839138363,0.11191250057183233,NB
94,1.0,1.0,1.0,1.0,0.5840613300053485,0.2945245733480626,0.17969199796883872,Dataset
95,0.49666666666666665,0.5074623530988873,0.5465465465465466,0.36024844720496896,0.9764182424916574,0.7142807085778129,0.6922923058425978,FairBN
96,0.8733333333333333,0.8785468519594262,0.8741721854304636,0.8074534161490683,0.482313681868743,0.4091972054903924,0.22224702408120567,LabelBN
97,0.9,0.8999508467759954,0.8928571428571428,0.9006211180124224,0.5308120133481646,0.34738133682507044,0.17855058231312448,NBSens
98,0.87,0.8690513427767104,0.8592057761732853,0.8819875776397516,0.5101223581757508,0.4951019667699905,0.2652650948866495,NB
99,1.0,1.0,1.0,1.0,0.6371523915461624,0.2396303248598075,0.16156237987088584,Dataset
100,0.5233333333333333,0.5181623931623932,0.5855072463768117,0.3888888888888889,0.9387372089905714,0.6957329969265797,0.5450593343411948,FairBN
101,0.89,0.8875534188034188,0.8996960486322189,0.8263888888888888,0.47508825237946284,0.27353637226132754,0.14336046899322774,LabelBN
102,0.8966666666666666,0.8963675213675213,0.9009584664536742,0.8888888888888888,0.5074400107243398,0.32928590840365624,0.1320256024096853,NBSens
103,0.8633333333333333,0.8635149572649572,0.8673139158576051,0.8680555555555556,0.47866303230707363,0.43718753625940865,0.197237845742831,NB
104,1.0,1.0,1.0,1.0,0.5538674650341837,0.25609121024408776,0.19716364820530818,Dataset
105,0.5,0.5055304285522368,0.5098039215686274,0.44171779141104295,0.9198609377785701,0.7302709702284518,0.6319073438724758,FairBN
106,0.8633333333333333,0.8695759258429985,0.862876254180602,0.7975460122699386,0.5496523444464254,0.3401381656549436,0.24467516224556196,LabelBN
107,0.88,0.8785096950427657,0.8676470588235293,0.8957055214723927,0.5333392761633089,0.3145134594329152,0.18998996733648565,NBSens
108,0.8733333333333333,0.871210424969773,0.8592592592592592,0.8957055214723927,0.5192547691210554,0.4099400046440731,0.2599042280218933,NB
109,1.0,1.0,1.0,1.0,0.6410233553218042,0.19725778432661123,0.1561027488017238,Dataset
110,0.49,0.49106626961198274,0.5590778097982708,0.33112582781456956,0.7764307363166341,0.7361465396738616,0.6268805935028534,FairBN
111,0.82,0.8207031423618827,0.8363636363636364,0.7152317880794702,0.45614191477981814,0.5876178351496985,0.20858283142242529,LabelBN
112,0.88,0.88003911284946,0.8800000000000001,0.8741721854304636,0.5256730254947406,0.390691228408517,0.11825648893371976,NBSens
113,0.86,0.8600382239210631,0.86,0.8543046357615894,0.5256730254947406,0.44269467366858084,0.1609936519773223,NB
114,1.0,1.0,1.0,1.0,0.6051880905687288,0.2562667925255544,0.17811904838060788,Dataset
115,0.49,0.48719487795118044,0.5565217391304348,0.3469387755102041,0.7588368680805656,0.6723832590905454,0.48046603856271863,FairBN
116,0.8533333333333334,0.851140456182473,0.8698224852071006,0.7414965986394558,0.49779911964785917,0.446373919503707,0.19980370950377346,LabelBN
117,0.9233333333333333,0.9235027344271042,0.9240924092409241,0.9319727891156463,0.6065092703748166,0.32952214674888824,0.15727883831233658,NBSens
118,0.9,0.9002267573696145,0.9006622516556291,0.9115646258503401,0.5997065492863812,0.403816728258678,0.2126858235489082,NB
119,1.0,1.0,1.0,1.0,0.6402561024409763,0.2621080797979687,0.18075389617379523,Dataset
120,0.5133333333333333,0.5001782848992691,0.6178010471204188,0.2535211267605634,0.8104657435713001,0.775537631622411,0.6738050482177451,FairBN
121,0.84,0.8352647530754145,0.8588235294117648,0.7464788732394366,0.2947311634598093,0.5209706318204642,0.1673289486793873,LabelBN
122,0.89,0.8902210732750936,0.8945686900958466,0.8943661971830986,0.40343463405862257,0.3614861093214189,0.15365265707122766,NBSens
123,0.8766666666666667,0.8768497058299163,0.8817891373801917,0.8802816901408451,0.40343463405862257,0.398972101113908,0.19556315996484896,NB
124,1.0,1.0,1.0,1.0,0.5202301744290595,0.2324421408714219,0.16452540123797055,Dataset
125,0.5333333333333333,0.5078199374405005,0.6276595744680851,0.32558139534883723,0.9379785947785589,0.8420305811373598,0.6193483987523286,FairBN
126,0.8633333333333333,0.860125118999048,0.880466472303207,0.8372093023255814,0.361246697416148,0.45619987258524797,0.2384620482722115,LabelBN
127,0.8733333333333333,0.8765129878960969,0.8848484848484848,0.8992248062015504,0.3872643410505575,0.40798260588682056,0.13247561019011145,NBSens
128,0.8733333333333333,0.8765129878960969,0.8848484848484848,0.8992248062015504,0.3872643410505575,0.4271904105303348,0.15064730567900686,NB
129,1.0,1.0,1.0,1.0,0.5285925395190543,0.30340222123907923,0.1965703459741026,Dataset
130,0.45666666666666667,0.449685534591195,0.5247813411078717,0.3333333333333333,0.8051468954175741,0.7335529930632176,0.6844462993363891,FairBN
131,0.8833333333333333,0.8770908604308845,0.899135446685879,0.7730496453900709,0.5116227387883907,0.45296791089695165,0.19192824726901359,LabelBN
132,0.89,0.888598956242473,0.8978328173374612,0.8652482269503546,0.56602515667363,0.3735942231624233,0.18248785970051973,NBSens
133,0.8666666666666667,0.8649805968152013,0.8765432098765432,0.8368794326241135,0.5726476732299213,0.4390974611572578,0.23834335409808416,NB
134,1.0,1.0,1.0,1.0,0.5995822036534957,0.2657182954309,0.1673657446148754,Dataset
135,0.5066666666666667,0.4977678571428571,0.5771428571428571,0.36428571428571427,0.9789222873900293,0.7577292695494854,0.7135003768175198,FairBN
136,0.8933333333333333,0.8888392857142857,0.9053254437869822,0.8214285714285714,0.4697580645161291,0.4278547361790125,0.2300011081921569,LabelBN
137,0.9,0.9008928571428572,0.9044585987261146,0.9142857142857143,0.5098973607038123,0.36172647190078455,0.16573251710179449,NBSens
138,0.88,0.8816964285714286,0.8838709677419355,0.9071428571428571,0.4776392961876832,0.4972174867122602,0.24762450468858066,NB
139,1.0,1.0,1.0,1.0,0.5032991202346041,0.34201138115961516,0.19376274648639058,Dataset
140,0.43,0.43349358974358976,0.4672897196261682,0.34615384615384615,0.9604700854700855,0.8621312887433047,0.7024463853698135,FairBN
141,0.9033333333333333,0.9051816239316239,0.9042904290429044,0.8589743589743589,0.5368589743589743,0.3159765049679877,0.21510683144530462,LabelBN
142,0.91,0.9091880341880342,0.9045936395759717,0.9294871794871795,0.5288461538461537,0.29938244195549957,0.1913760139192927,NBSens
143,0.8966666666666666,0.8961004273504274,0.8912280701754387,0.9102564102564102,0.5416666666666666,0.32293243177596664,0.2174494303069856,NB
144,1.0,1.0,1.0,1.0,0.5742521367521368,0.2506362949690113,0.1797269738859858,Dataset
145,0.44666666666666666,0.4336780174719201,0.5631578947368421,0.19014084507042253,0.910129339081737,0.9650964255559368,0.7704212673507908,FairBN
146,0.8733333333333333,0.8708325904795864,0.8841463414634145,0.823943661971831,0.3124138850615583,0.5104471318117583,0.17479123453697665,LabelBN
147,0.9,0.901854162952398,0.9013157894736841,0.9366197183098591,0.42015200675585584,0.3416957840604974,0.11940776344846749,NBSens
148,0.89,0.892360492066322,0.8903654485049833,0.9366197183098591,0.4002844570869817,0.4100840038206893,0.16672486597787428,NB
149,1.0,1.0,1.0,1.0,0.4996222054313525,0.2853906040249615,0.2036491603169207,Dataset
150,0.5233333333333333,0.5185862007487966,0.573134328358209,0.4295774647887324,0.8467525496511004,0.602452881843575,0.6237955293713466,FairBN
151,0.85,0.8461847031556426,0.8656716417910448,0.7746478873239436,0.47101449275362317,0.38738369434966535,0.19366260512757305,LabelBN
152,0.9066666666666666,0.9060438580852201,0.9119496855345911,0.8943661971830986,0.4685990338164251,0.3587590926464139,0.14424805062565682,NBSens
153,0.8833333333333333,0.8831788197539668,0.8888888888888888,0.8802816901408451,0.4468599033816425,0.45880667355048266,0.21022043878457652,NB
154,1.0,1.0,1.0,1.0,0.521202361782072,0.35757862217666425,0.2013561847769053,Dataset
155,0.49666666666666665,0.4956886972754344,0.5623188405797102,0.348993288590604,0.9662375840719789,0.6883771826597586,0.6472173679686595,FairBN
156,0.8633333333333333,0.8631716965198453,0.8673139158576052,0.8389261744966443,0.5231392811010644,0.43532185188717776,0.25302662672688936,LabelBN
157,0.8766666666666667,0.876816747410996,0.8745762711864407,0.8993288590604027,0.5542292102801656,0.36591303386037155,0.20228194339480976,NBSens
158,0.85,0.8501488955064669,0.847457627118644,0.87248322147651,0.5542292102801656,0.47578778122681786,0.26952655430777617,NB
159,1.0,1.0,1.0,1.0,0.6923522337535075,0.2145697810699735,0.15176594784711095,Dataset
160,0.51,0.5090670696475399,0.5714285714285714,0.3691275167785235,0.8946336245320021,0.7867411331818837,0.5695786554029734,FairBN
161,0.91,0.9097959909329303,0.9131832797427653,0.8791946308724832,0.40185416295239795,0.3817704370875974,0.26116866034928343,LabelBN
162,0.9166666666666666,0.9169074181074715,0.9140893470790377,0.9530201342281879,0.4482082367623462,0.317385004407685,0.12974442197963565,NBSens
163,0.9066666666666666,0.9069291968531934,0.9034482758620689,0.9463087248322147,0.4411659832412195,0.3785555658561599,0.18545200548147578,NB
164,1.0,1.0,1.0,1.0,0.49893029060438576,0.27132427724902675,0.20075647728353951,Dataset
165,0.5266666666666666,0.5337401452051134,0.5798816568047337,0.3821656050955414,0.6293400062558648,0.9026118965254302,0.560700233450521,FairBN
166,0.8133333333333334,0.8194735201104628,0.8292682926829269,0.6878980891719745,0.4197685329996872,0.5468702122659808,0.16651385339983338,LabelBN
167,0.9233333333333333,0.924880851632444,0.9225589225589226,0.89171974522293,0.45511416953393813,0.4103863867967107,0.1242946491018252,NBSens
168,0.9233333333333333,0.924880851632444,0.9225589225589226,0.89171974522293,0.45511416953393813,0.4103863867967107,0.1242946491018252,NB
169,1.0,1.0,1.0,1.0,0.49403458599579964,0.29888101094568,0.19497176119763449,Dataset
170,0.44666666666666666,0.44557535890484024,0.5257142857142857,0.28187919463087246,0.830976430976431,0.8629394530605113,0.7396643069978739,FairBN
171,0.8066666666666666,0.8059024845548691,0.8273809523809524,0.6912751677852349,0.47138047138047146,0.5606335062333053,0.2072676018505737,LabelBN
172,0.8766666666666667,0.8765945153117916,0.878688524590164,0.8657718120805369,0.6053872053872054,0.38772495314339284,0.11145381208188954,NBSens
173,0.84,0.8399039957331438,0.8431372549019609,0.825503355704698,0.6127946127946128,0.4824494771965272,0.1737956786858601,NB
174,1.0,1.0,1.0,1.0,0.663973063973064,0.2247103532993755,0.15771407863002274,Dataset
175,0.4766666666666667,0.47308120133481646,0.5341246290801188,0.36551724137931035,0.92914653784219,0.7906486166858431,0.6862587006437317,FairBN
176,0.8866666666666667,0.8854282536151279,0.89375,0.8482758620689655,0.46457326892109496,0.4061637732896426,0.26014752659669216,LabelBN
177,0.92,0.9210233592880979,0.9200000000000002,0.9517241379310345,0.5611916264090178,0.24109692577088482,0.16781770155234432,NBSens
178,0.91,0.9111234705228031,0.9096989966555183,0.9448275862068966,0.5539452495974235,0.30609254075180126,0.21975087132888815,NB
179,1.0,1.0,1.0,1.0,0.5799785292538915,0.24980161281915125,0.18297175648865494,Dataset
180,0.45666666666666667,0.4594504468454048,0.5191740412979352,0.3202614379084967,0.9614904617578891,0.7933257801386754,0.5599395920012578,FairBN
181,0.91,0.9112311591303188,0.9137380191693292,0.8496732026143791,0.41736494918880374,0.3548924203819013,0.19565558917639148,LabelBN
182,0.9266666666666666,0.9266373215953048,0.9251700680272109,0.9281045751633987,0.45738990907470134,0.342710915711564,0.1673211936824872,NBSens
183,0.92,0.9199679871948779,0.9183673469387755,0.9215686274509803,0.45738990907470134,0.3720587294262556,0.19855577662487978,NB
184,1.0,1.0,1.0,1.0,0.5242467463005882,0.25545604129665356,0.17181542231163016,Dataset
185,0.53,0.5373952576216794,0.5765765765765765,0.3987341772151899,0.6720021341870082,0.7773408504813794,0.5776807263826643,FairBN
186,0.77,0.7766535924407203,0.7876923076923077,0.6518987341772152,0.4575163398692811,0.5852362965305532,0.2566545171007434,LabelBN
187,0.88,0.8832233909787841,0.8815789473684211,0.8227848101265823,0.5147392290249433,0.39804531348977845,0.15120008389855644,NBSens
188,0.87,0.8733731502941701,0.8721311475409835,0.810126582278481,0.5215419501133787,0.41625450996998314,0.168590080301671,NB
189,1.0,1.0,1.0,1.0,0.618780845671602,0.24068762210875472,0.1484411937795821,Dataset
190,0.5,0.5043381535038932,0.5508982035928143,0.3741935483870968,0.8868782314137993,0.7543572822150807,0.6409741094713644,FairBN
191,0.8366666666666667,0.8399332591768631,0.8473520249221185,0.7419354838709677,0.47441611695489383,0.3572232249620716,0.16177299721144767,LabelBN
192,0.8833333333333333,0.8835372636262514,0.8805460750853241,0.8774193548387097,0.5714031021572472,0.35260851759391987,0.14911439642929014,NBSens
193,0.8633333333333333,0.8628476084538377,0.8571428571428571,0.8774193548387097,0.5291495810304867,0.4791285016960133,0.21689275421642684,NB
194,1.0,1.0,1.0,1.0,0.6572472811552861,0.21595142098143005,0.14953979712141374,Dataset
195,0.49,0.48835348506401133,0.5486725663716814,0.36486486486486486,0.8181939442443644,0.8297728653842207,0.6982446023306768,FairBN
196,0.8566666666666667,0.8554409672830725,0.8700906344410877,0.7635135135135135,0.49699879951980797,0.45906970576855144,0.2361573153867348,LabelBN
197,0.9066666666666666,0.9064722617354196,0.9090909090909091,0.8918918918918919,0.5939709217020142,0.33972733059089877,0.14807143934666034,NBSens
198,0.9,0.8998044096728307,0.9025974025974026,0.8851351351351351,0.5939709217020142,0.3592803166555083,0.16682442500598527,NB
199,1.0,1.0,1.0,1.0,0.59343737494998,0.27731656651399217,0.1929056290514134,Dataset
200,0.4766666666666667,0.45960772020957413,0.5768194070080862,0.26277372262773724,0.7575163689813371,0.8877577627680531,0.659662574901951,FairBN
201,0.8466666666666667,0.8361918409386055,0.8715083798882681,0.7153284671532847,0.38599616943565984,0.5990974810290022,0.2070107691044374,LabelBN
202,0.9166666666666666,0.9145806278267878,0.9244712990936557,0.8905109489051095,0.504520956750256,0.3619189261621032,0.15316056006050538,NBSens
203,0.91,0.9078635081277149,0.9184290030211482,0.8832116788321168,0.504520956750256,0.38474635201804563,0.17430381101124115,NB
204,1.0,1.0,1.0,1.0,0.49628078927441976,0.25763328086516946,0.16349162675834417,Dataset
205,0.5333333333333333,0.5276785714285714,0.5833333333333333,0.44285714285714284,0.9050920714961056,0.5782932370143712,0.5938217353408894,FairBN
206,0.91,0.9058035714285715,0.9198813056379822,0.8428571428571429,0.5884471658187385,0.32104933270178626,0.1961839084361775,LabelBN
207,0.8633333333333333,0.8629464285714286,0.871473354231975,0.8571428571428571,0.5341497456215388,0.3818712316806363,0.10077007892017387,NBSens
208,0.8466666666666667,0.846875,0.8544303797468354,0.85,0.5115933546440952,0.46845026431070724,0.16067436638940813,NB
209,1.0,1.0,1.0,1.0,0.5956958263923281,0.24918166907193162,0.16631831925005025,Dataset
210,0.48,0.48299319727891155,0.543859649122807,0.3333333333333333,0.8529940658155009,0.7214854646266162,0.49887420202321486,FairBN
211,0.9066666666666666,0.9068960917700414,0.9060402684563759,0.8954248366013072,0.31963675597914043,0.3071168470953398,0.2337638022909666,LabelBN
212,0.92,0.9189008936908096,0.9136690647482014,0.9738562091503268,0.4131451177845711,0.2722531274027853,0.16762405745675968,NBSens
213,0.9166666666666666,0.9154995331465919,0.9097472924187725,0.9738562091503268,0.4056824312174069,0.31981290261677797,0.2644018822043137,NB
214,1.0,1.0,1.0,1.0,0.4786009710483725,0.23393392465241092,0.18050347741410022,Dataset
215,0.45,0.44219189080690485,0.5244956772334294,0.3120567375886525,0.9800904977375566,0.7425050683167873,0.6131410190755406,FairBN
216,0.84,0.8362103572862305,0.8562874251497006,0.7730496453900709,0.44570135746606343,0.45030394876933355,0.22365778180385376,LabelBN
217,0.9033333333333333,0.9043891342165128,0.9067524115755626,0.9219858156028369,0.5266968325791854,0.3587110398716664,0.16759988029755257,NBSens
218,0.89,0.8918105178643115,0.8925081433224755,0.9219858156028369,0.49592760180995477,0.4267854726021625,0.24365810238112007,NB
219,1.0,1.0,1.0,1.0,0.5669683257918552,0.27875253563207814,0.18152996725162518,Dataset
220,0.48,0.4723564143853999,0.5411764705882354,0.37681159420289856,0.9503228120516499,0.7876837530371756,0.7077217769508046,FairBN
221,0.8866666666666667,0.8816425120772946,0.8999999999999999,0.8188405797101449,0.5199067431850788,0.4471308632708839,0.2540794794736634,LabelBN
222,0.9066666666666666,0.9082125603864735,0.9113924050632912,0.927536231884058,0.5451936872309899,0.34071554277382465,0.17008224911395464,NBSens
223,0.89,0.8917069243156199,0.8952380952380952,0.9130434782608695,0.5378407460545194,0.3982377183225879,0.23031971364630843,NB
224,1.0,1.0,1.0,1.0,0.5905667144906743,0.30623471090309384,0.1897117161667935,Dataset
225,0.4766666666666667,0.474389755902361,0.5341246290801187,0.36054421768707484,0.8569328760411563,0.7331210376759181,0.6072893616489375,FairBN
226,0.8866666666666667,0.8851540616246498,0.896341463414634,0.8095238095238095,0.40648523451071217,0.40581667750559336,0.1853566580096977,LabelBN
227,0.9133333333333333,0.9135654261704682,0.9139072847682119,0.9251700680272109,0.43846599260611996,0.36294791534817494,0.1633811825675736,NBSens
228,0.89,0.8900226757369614,0.8918032786885245,0.891156462585034,0.4594450135851409,0.4080699708141484,0.21500319656007827,NB
229,1.0,1.0,1.0,1.0,0.5198877555565454,0.26128910182598164,0.16512196788454236,Dataset
230,0.52,0.5176737361611311,0.5739644970414202,0.4013605442176871,0.7352094946951987,0.6112381568308203,0.47415736626946237,FairBN
231,0.8,0.7971188475390156,0.8275862068965518,0.6530612244897959,0.4726667865491817,0.3751586027494903,0.16798639410650285,LabelBN
232,0.9,0.8991596638655461,0.9056603773584905,0.8571428571428571,0.545495414493796,0.3387008898478182,0.09559036602718418,NBSens
233,0.8833333333333333,0.8822862478324663,0.8909657320872275,0.8299319727891157,0.5678834741952885,0.35515810818093363,0.11874026098033574,NB
234,1.0,1.0,1.0,1.0,0.5233770904513577,0.28153137227855074,0.1929304336412454,Dataset
235,0.5533333333333333,0.5543801946753188,0.6127167630057804,0.3973509933774834,0.5266666666666666,0.7690095884966534,0.47876941892205116,FairBN
236,0.7733333333333333,0.7743455264678429,0.8023255813953488,0.6225165562913907,0.44666666666666677,0.512222147350132,0.23530914573030437,LabelBN
237,0.85,0.8503711276056714,0.8571428571428572,0.7947019867549668,0.5733333333333333,0.341209689072138,0.14718441208667032,NBSens
238,0.85,0.8503711276056714,0.8571428571428572,0.7947019867549668,0.5733333333333333,0.341209689072138,0.14718441208667032,NB
239,1.0,1.0,1.0,1.0,0.5266666666666667,0.24674710980077197,0.17501384961267286,Dataset
240,0.51,0.5034722222222222,0.5859154929577465,0.3402777777777778,0.8498145582912552,0.8440187693329925,0.776468149197433,FairBN
241,0.8766666666666667,0.8728632478632479,0.8908554572271388,0.7777777777777778,0.43978730059430726,0.46163443284898853,0.1895142026160208,LabelBN
242,0.89,0.8904914529914529,0.8925081433224756,0.9027777777777778,0.504490817284061,0.3474859152636014,0.1323328887431816,NBSens
243,0.8833333333333333,0.8835470085470085,0.8867313915857605,0.8888888888888888,0.518879306492694,0.3448216899638419,0.1344151717311869,NB
244,1.0,1.0,1.0,1.0,0.5538674650341837,0.30915828415709656,0.18018166164904137,Dataset
245,0.5,0.5060799073537927,0.5481927710843373,0.37579617834394907,0.6733333333333333,0.8082180700467001,0.6405589559358482,FairBN
246,0.8266666666666667,0.8331477439757694,0.8424242424242423,0.6942675159235668,0.4600000000000001,0.5598276776863236,0.21704558870433865,LabelBN
247,0.9033333333333333,0.9045254108948377,0.9016949152542374,0.8789808917197452,0.5066666666666667,0.39937275126571503,0.162844268138983,NBSens
248,0.8866666666666667,0.8886018440158567,0.8866666666666668,0.8471337579617835,0.54,0.392763629498024,0.16641143364416067,NB
249,1.0,1.0,1.0,1.0,0.5800000000000001,0.3050765813831081,0.19856347088239001,Dataset
250,0.5433333333333333,0.534375,0.6096866096866096,0.4,0.6586634653861545,0.594911056953605,0.36245653088173047,FairBN
251,0.8266666666666667,0.81875,0.8522727272727273,0.7,0.5320794984660531,0.42087264232629673,0.18653702094649882,LabelBN
252,0.8866666666666667,0.8848214285714285,0.8957055214723926,0.8571428571428571,0.5819661197812458,0.3845662562998937,0.1750434810537419,NBSens
253,0.8766666666666667,0.8745535714285715,0.8868501529051986,0.8428571428571429,0.5887688408696812,0.39981976844882683,0.1880136481207243,NB
254,1.0,1.0,1.0,1.0,0.6745364812591703,0.26040220085120314,0.16439690066128843,Dataset
255,0.49,0.4917318634423897,0.545994065281899,0.3618421052631579,0.9938491709752184,0.5968197642301657,0.5886058974611141,FairBN
256,0.8933333333333333,0.8938477951635846,0.8961038961038962,0.8552631578947368,0.48208236762346224,0.3956334930698705,0.21071706228532028,LabelBN
257,0.8933333333333333,0.8931365576102419,0.8904109589041096,0.9078947368421053,0.5298627206275629,0.36852591351671327,0.15674004154686616,NBSens
258,0.8733333333333333,0.8731330014224752,0.8698630136986302,0.8881578947368421,0.5298627206275629,0.43944704316192706,0.2092968359181514,NB
259,1.0,1.0,1.0,1.0,0.5714031021572472,0.30076498002501606,0.19465947924681803,Dataset
260,0.48333333333333334,0.4810590903027878,0.5400593471810089,0.3673469387755102,0.8573717948717948,0.8435132521945603,0.6168470118455036,FairBN
261,0.9,0.9004935307456317,0.8993288590604026,0.9251700680272109,0.5112179487179487,0.39367111823564405,0.24583741322230124,LabelBN
262,0.8666666666666667,0.8682139522475657,0.8581560283687943,0.9455782312925171,0.5202991452991453,0.31394881216323145,0.1672052442069567,NBSens
263,0.8533333333333334,0.855142056822729,0.8417266187050361,0.9455782312925171,0.49252136752136755,0.40570569338822515,0.24252541200744726,NB
264,1.0,1.0,1.0,1.0,0.5801282051282051,0.27963539873502274,0.18533962755685607,Dataset
265,0.49333333333333335,0.49706457925636005,0.5502958579881656,0.35714285714285715,0.7018534157073648,0.8535234335798688,0.5267009765054336,FairBN
266,0.85,0.8537181996086105,0.8656716417910447,0.7142857142857143,0.3883728165696253,0.4001553194054325,0.19234696758571956,LabelBN
267,0.9266666666666666,0.9276819071339619,0.9276315789473684,0.8896103896103896,0.43366371838748385,0.355982801637195,0.17266908218475707,NBSens
268,0.9233333333333333,0.9244351538872086,0.9245901639344262,0.8831168831168831,0.440375127783457,0.35462223307235563,0.1735446153978023,NB
269,1.0,1.0,1.0,1.0,0.45979821325392245,0.2081015893064755,0.1523310798460461,Dataset
270,0.49333333333333335,0.4788378766140603,0.5777777777777778,0.3235294117647059,0.948170731707317,0.7046037789007549,0.6933402116388354,FairBN
271,0.89,0.8830703012912482,0.9048991354466858,0.8088235294117647,0.46251793400286945,0.473368397612675,0.16476902124898474,LabelBN
272,0.9033333333333333,0.9065638450502151,0.9079365079365079,0.9411764705882353,0.5231348637015782,0.338176961658587,0.1475292687663523,NBSens
273,0.8866666666666667,0.8913199426111909,0.8903225806451612,0.9411764705882353,0.4863701578192252,0.44728834980669996,0.22674727684784968,NB
274,1.0,1.0,1.0,1.0,0.5380200860832138,0.36062900550009425,0.20395663210970283,Dataset
275,0.49666666666666665,0.4870535714285714,0.5722379603399433,0.34285714285714286,0.9212305763288702,0.7123427646417471,0.5125383525593692,FairBN
276,0.8966666666666666,0.8964285714285715,0.90282131661442,0.8928571428571429,0.48130401683758006,0.28909722853079767,0.20011102331749653,LabelBN
277,0.9133333333333333,0.9151785714285714,0.9161290322580645,0.9428571428571428,0.4827817831713761,0.2991579286156182,0.11098890780558712,NBSens
278,0.8866666666666667,0.8888392857142857,0.8896103896103895,0.9214285714285714,0.48161748242353675,0.3843647741004401,0.17969235496534863,NB
279,1.0,1.0,1.0,1.0,0.5154717657068649,0.3003777656245634,0.17132308140093588,Dataset
280,0.5133333333333333,0.503030303030303,0.5780346820809249,0.4,0.8568357888137567,0.7424139793149923,0.6386796609427587,FairBN
281,0.9,0.8929292929292929,0.9137931034482758,0.8222222222222222,0.4684071470153598,0.3701257200268163,0.2303926764926968,LabelBN
282,0.9033333333333333,0.9020202020202019,0.9123867069486404,0.8888888888888888,0.4920961891540907,0.33066806343410493,0.19394831903055676,NBSens
283,0.88,0.8781144781144781,0.891566265060241,0.8592592592592593,0.4993954592270834,0.39725927716245535,0.25005663194337757,NB
284,1.0,1.0,1.0,1.0,0.5250996372755362,0.25235760623366166,0.1905416974523505,Dataset
285,0.56,0.5494740595471563,0.6413043478260869,0.352112676056338,0.6470588235294118,0.7283062780307799,0.4416897553855401,FairBN
286,0.85,0.8440452843644144,0.8703170028818444,0.7323943661971831,0.39049773755656103,0.503600583958504,0.1990492564538825,LabelBN
287,0.9133333333333333,0.9113032626136566,0.920245398773006,0.8732394366197183,0.4733031674208146,0.3853863047695981,0.12527276737871595,NBSens
288,0.9066666666666666,0.9042610090925298,0.9146341463414634,0.8591549295774648,0.4886877828054299,0.38303997623624664,0.12791612112931705,NB
289,1.0,1.0,1.0,1.0,0.5457013574660634,0.19533586368730504,0.1510756991009834,Dataset
290,0.5133333333333333,0.5074786324786325,0.5828571428571429,0.3611111111111111,0.9600000000000001,0.737720925226117,0.6495057932683772,FairBN
291,0.8666666666666667,0.8669871794871795,0.8701298701298701,0.875,0.45333333333333337,0.3467058127314083,0.2415642110063697,LabelBN
292,0.8933333333333333,0.8947649572649572,0.8933333333333334,0.9305555555555556,0.42666666666666664,0.32989513060450604,0.1388572724878201,NBSens
293,0.8933333333333333,0.8944978632478633,0.8940397350993378,0.9236111111111112,0.43999999999999995,0.3461309019896093,0.1725288788049708,NB
294,1.0,1.0,1.0,1.0,0.56,0.2882797854025707,0.1930598258695081,Dataset
295,0.5066666666666667,0.4926940435229456,0.5978260869565218,0.302158273381295,0.7241950651560611,0.7466262674217162,0.58606004003586,FairBN
296,0.8066666666666666,0.7987398900755173,0.8342857142857143,0.6906474820143885,0.4047288522681475,0.5799183621471062,0.2175285814485618,LabelBN
297,0.87,0.8685598105366639,0.88,0.8489208633093526,0.49093188840625135,0.4426915321138536,0.13558341507391758,NBSens
298,0.8566666666666667,0.8546628535680771,0.8685015290519877,0.8273381294964028,0.5055304285522367,0.46418897192152386,0.15880385323986046,NB
299,1.0,1.0,1.0,1.0,0.603376472168734,0.2908596565994186,0.19650693722448687,Dataset
300,0.5066666666666667,0.5080903271692746,0.5515151515151515,0.40131578947368424,0.837126600284495,0.7492532004316486,0.6528530622954012,FairBN
301,0.8633333333333333,0.8643314366998578,0.871473354231975,0.7894736842105263,0.5247155049786628,0.370044506305633,0.20253422070175375,LabelBN
302,0.9133333333333333,0.9131401137980086,0.9109589041095891,0.9276315789473685,0.6004623044096729,0.35136008539896824,0.18697276209968494,NBSens
303,0.8933333333333333,0.893047652916074,0.8896551724137931,0.9144736842105263,0.5873044096728307,0.4428619493627385,0.25165312027385267,NB
304,1.0,1.0,1.0,1.0,0.626778093883357,0.32110396225560445,0.20295503590541597,Dataset
305,0.5166666666666667,0.50063236821898,0.5938375350140055,0.37404580152671757,0.6606886657101865,0.7558724918065708,0.5793977780797153,FairBN
306,0.84,0.8228013912100818,0.8709677419354839,0.6870229007633588,0.5557747489239598,0.469890098160773,0.2131356562020288,LabelBN
307,0.8966666666666666,0.8936943854735986,0.9090909090909092,0.8702290076335878,0.5833931133428981,0.34007803818256277,0.15283315299365818,NBSens
308,0.88,0.8763268440308957,0.8947368421052632,0.8473282442748091,0.5907460545193688,0.36889841590090433,0.1900617272043441,NB
309,1.0,1.0,1.0,1.0,0.5882352941176471,0.23828637605996994,0.16474180638559432,Dataset
310,0.48,0.4808658162585004,0.5384615384615384,0.3509933774834437,0.9918634120314793,0.7331527161979112,0.6524683076294695,FairBN
311,0.9066666666666666,0.9067958575936708,0.9078947368421052,0.8874172185430463,0.37374949979992,0.4417890120294907,0.22847459108764634,LabelBN
312,0.92,0.9197742121872083,0.9166666666666667,0.9536423841059603,0.41163131919434437,0.3446483619826445,0.1646444140749338,NBSens
313,0.9133333333333333,0.9130628027912351,0.9090909090909092,0.9536423841059603,0.3980258770174737,0.3900013198183999,0.21150919465289042,NB
314,1.0,1.0,1.0,1.0,0.45298119247699087,0.33266880898978224,0.19955173809850202,Dataset
315,0.4633333333333333,0.4437229437229437,0.558904109589041,0.2803030303030303,0.9814814814814815,0.7599362959528952,0.748141062955626,FairBN
316,0.8966666666666666,0.8931277056277056,0.9090909090909092,0.8636363636363636,0.44202898550724634,0.3639602182555549,0.22692102778181777,LabelBN
317,0.9,0.9074675324675325,0.9044585987261147,0.9696969696969697,0.4610842726784756,0.2181657275925475,0.13689899747763834,NBSens
318,0.89,0.898538961038961,0.8938906752411575,0.9696969696969697,0.4393451422436929,0.2823571988527356,0.219292666974658,NB
319,1.0,1.0,1.0,1.0,0.5399892646269457,0.20200808495013478,0.16037710649195958,Dataset
320,0.4633333333333333,0.4560821344260835,0.5439093484419263,0.3006993006993007,0.9314866854007762,0.8370425819659643,0.7843304137180551,FairBN
321,0.88,0.8775555654536547,0.8902439024390243,0.8251748251748252,0.4062625451625852,0.4068145307945221,0.26571423095110036,LabelBN
322,0.9133333333333333,0.9137677609015189,0.9161290322580646,0.9230769230769231,0.452562558544092,0.27593273617486425,0.18539557914721783,NBSens
323,0.9,0.9000935370362122,0.9038461538461539,0.9020979020979021,0.4667469557072126,0.29581439380960406,0.22844042333410053,NB
324,1.0,1.0,1.0,1.0,0.4407868325973504,0.24471848608656854,0.16208842476810237,Dataset
325,0.49,0.4970619658119658,0.5590778097982709,0.32051282051282054,0.7135019403184798,0.6915511654947257,0.46792088683536115,FairBN
326,0.82,0.8255876068376069,0.8373493975903614,0.6858974358974359,0.37963334671484006,0.49489367716097366,0.21831296942903,LabelBN
327,0.9166666666666666,0.9180021367521367,0.9163879598662208,0.8846153846153846,0.5068914759801955,0.35939483939874084,0.12992111633806058,NBSens
328,0.9166666666666666,0.9180021367521367,0.9163879598662208,0.8846153846153846,0.5068914759801955,0.35939483939874084,0.12992111633806058,NB
329,1.0,1.0,1.0,1.0,0.482403318613676,0.22911466646301404,0.1563597934036447,Dataset
330,0.5266666666666666,0.5266666666666666,0.5988700564971752,0.3466666666666667,0.7101939156733678,0.7746496814492078,0.650568675068524,FairBN
331,0.8166666666666667,0.8166666666666667,0.8348348348348349,0.7066666666666667,0.4003735990037359,0.4549985151929862,0.18401375159279387,LabelBN
332,0.8866666666666667,0.8866666666666667,0.8866666666666667,0.8866666666666667,0.5063156022060131,0.3569132208735061,0.19630681747219214,NBSens
333,0.8666666666666667,0.8666666666666667,0.8675496688741722,0.86,0.5193026151930261,0.3924175485968071,0.23543912705998105,NB
334,1.0,1.0,1.0,1.0,0.5997153531400106,0.23691250850324497,0.1561398220084088,Dataset
335,0.48,0.4915178571428571,0.543859649122807,0.31875,0.8268433025558677,0.8247762467647369,0.6216114989821284,FairBN
336,0.8366666666666667,0.84375,0.8444444444444444,0.7375,0.40786832597350464,0.5371722629916962,0.19860897561671964,LabelBN
337,0.8933333333333333,0.8955357142857143,0.8904109589041096,0.8625,0.41870734644720997,0.42149118943661135,0.13144856214299971,NBSens
338,0.88,0.8825892857142856,0.8775510204081632,0.84375,0.43289174361033045,0.441913260660471,0.16091752975409013,NB
339,1.0,1.0,1.0,1.0,0.5477050715910612,0.22205044732790458,0.14810671295072908,Dataset
340,0.5466666666666666,0.5456686963865061,0.606936416184971,0.3959731543624161,0.7405031844256741,0.78750787168009,0.5849389650574206,FairBN
341,0.8433333333333334,0.8426374505533579,0.8588588588588588,0.738255033557047,0.4786575726094223,0.4262394493455922,0.20489414603093792,LabelBN
342,0.9033333333333333,0.9033512600560025,0.9036544850498339,0.9060402684563759,0.5189484619901532,0.38917943447751924,0.15821010878730346,NBSens
343,0.8966666666666666,0.8967287434997111,0.8963210702341138,0.9060402684563759,0.5036812864176341,0.43581621276506277,0.2159721388640904,NB
344,1.0,1.0,1.0,1.0,0.5672342924251321,0.29720512354748896,0.19886344731796135,Dataset
345,0.48333333333333334,0.47436929683306495,0.5507246376811594,0.36231884057971014,0.9562588904694168,0.8888872143318975,0.6300138310688543,FairBN
346,0.9133333333333333,0.9106280193236715,0.9216867469879517,0.8768115942028986,0.5216927453769559,0.34064490923831414,0.2416795658717502,LabelBN
347,0.9233333333333333,0.9236446591519055,0.9283489096573208,0.927536231884058,0.5673897581792318,0.3113584099282578,0.1574732958739331,NBSens
348,0.9033333333333333,0.9040526033279657,0.9090909090909091,0.9130434782608695,0.5538762446657184,0.38672173356919803,0.21120891028108424,NB
349,1.0,1.0,1.0,1.0,0.5476529160739687,0.27727695100057337,0.1975527322397419,Dataset
350,0.49666666666666665,0.5010683760683761,0.5382262996941896,0.391025641025641,0.9481310280456909,0.7132673043414326,0.6832507084054389,FairBN
351,0.9,0.9019764957264957,0.9013157894736842,0.8525641025641025,0.5004222409884884,0.3858405389051266,0.23441536401047947,LabelBN
352,0.91,0.9105235042735043,0.9078498293515358,0.8974358974358975,0.49326636739410645,0.3733500342339099,0.16416808653344872,NBSens
353,0.89,0.8904914529914529,0.8873720136518771,0.8782051282051282,0.49326636739410645,0.43157465961881425,0.2326606079106771,NB
354,1.0,1.0,1.0,1.0,0.539712876127828,0.3359179864739956,0.1959547344562853,Dataset
355,0.48,0.4738247863247863,0.5568181818181818,0.3194444444444444,0.9663248399086471,0.8003559748325803,0.6810171401554366,FairBN
356,0.8833333333333333,0.8811431623931624,0.892966360856269,0.8263888888888888,0.4748555819264699,0.43612378087020376,0.24256356925893485,LabelBN
357,0.92,0.920405982905983,0.922077922077922,0.9305555555555556,0.5511172809099458,0.3477458382180152,0.16013620120263528,NBSens
358,0.91,0.9107905982905984,0.9114754098360656,0.9305555555555556,0.5292194706909678,0.4055228958578466,0.2197230427839394,NB
359,1.0,1.0,1.0,1.0,0.5534458824056244,0.35309092276082577,0.19116355782526195,Dataset
360,0.5466666666666666,0.5389957264957265,0.6263736263736265,0.3472222222222222,0.7180600958309077,0.7967778445762141,0.5562075613208751,FairBN
361,0.8233333333333334,0.8175747863247864,0.8498583569405098,0.6736111111111112,0.4228202946576508,0.5906986748024927,0.16245956662382333,LabelBN
362,0.8933333333333333,0.8904914529914529,0.9036144578313254,0.8194444444444444,0.45761497469884915,0.46962400667560744,0.1292206849100599,NBSens
363,0.8766666666666667,0.8733974358974359,0.8895522388059701,0.7916666666666666,0.47951278491782723,0.4835151463946715,0.16148139583571175,NB
364,1.0,1.0,1.0,1.0,0.44597196722045596,0.3644943878960306,0.2013579253975063,Dataset
365,0.5233333333333333,0.5262771775376818,0.5806451612903225,0.3790849673202614,0.6861952861952862,0.7967348413462941,0.5716780079481185,FairBN
366,0.84,0.8426037081499267,0.8562874251497005,0.7124183006535948,0.4188552188552188,0.4469887362752908,0.21116455454415983,LabelBN
367,0.9266666666666666,0.927170868347339,0.9271523178807947,0.9019607843137255,0.47811447811447816,0.3699893384423022,0.14311044411488727,NBSens
368,0.9166666666666666,0.9171001734026945,0.9169435215946843,0.8954248366013072,0.47070707070707074,0.4122625668402421,0.17843738881908766,NB
369,1.0,1.0,1.0,1.0,0.5804713804713804,0.26932165417018805,0.1893064655725517,Dataset
370,0.5033333333333333,0.49554585541846685,0.5826330532212886,0.32867132867132864,0.85280342566573,0.6003030077282554,0.5811060406077491,FairBN
371,0.9033333333333333,0.9026546701705938,0.9085173501577287,0.8881118881118881,0.4754449350996921,0.34183267236376647,0.18661012147206635,LabelBN
372,0.91,0.9130773684913813,0.9078498293515358,0.9790209790209791,0.532717784022481,0.2946947459394448,0.1576419376281245,NBSens
373,0.8966666666666666,0.8997149347467819,0.89419795221843,0.965034965034965,0.532717784022481,0.37974892248838776,0.23263498496322732,NB
374,1.0,1.0,1.0,1.0,0.6013649136892815,0.2764602778212437,0.18173520596365444,Dataset
375,0.47,0.4843436370935368,0.5619834710743802,0.24528301886792453,0.9426028921023359,0.8967747032153401,0.8265438857933715,FairBN
376,0.8133333333333334,0.8182791382309648,0.8193548387096774,0.7358490566037735,0.3635150166852058,0.5348880630170296,0.17436774975689961,LabelBN
377,0.9066666666666666,0.9059280074936438,0.9,0.9182389937106918,0.4903225806451612,0.345181512804844,0.12057504923046147,NBSens
378,0.8866666666666667,0.8858557473571524,0.8785714285714286,0.89937106918239,0.4903225806451612,0.4399128414585626,0.19205713012046677,NB
379,1.0,1.0,1.0,1.0,0.610901001112347,0.26071493740405594,0.16243006402857596,Dataset
380,0.5733333333333334,0.587786944045911,0.6121212121212122,0.4329268292682927,0.6188143067123959,0.7429123412289427,0.48041489013876104,FairBN
381,0.7666666666666667,0.7777977044476327,0.7770700636942676,0.6585365853658537,0.316466972517928,0.5923083877994363,0.17884540719327258,LabelBN
382,0.87,0.8723098995695839,0.8621908127208481,0.8475609756097561,0.3996258518551512,0.3830815377368556,0.14473677643113414,NBSens
383,0.8666666666666667,0.8686334289813487,0.8581560283687942,0.8475609756097561,0.39325642510355885,0.42179319746521404,0.1829992932368787,NB
384,1.0,1.0,1.0,1.0,0.4097367600552315,0.26370005433042654,0.16968365909567817,Dataset
385,0.45,0.455841027699719,0.48598130841121495,0.3584905660377358,0.9412915851272016,0.816815088554525,0.6531915915219905,FairBN
386,0.8566666666666667,0.8603639769838084,0.858085808580858,0.7987421383647799,0.4417363458459349,0.3989342103431466,0.24310926430771407,LabelBN
387,0.8866666666666667,0.8878629733708016,0.882758620689655,0.8679245283018868,0.49946628713751995,0.285605562864394,0.19460352704652573,NBSens
388,0.87,0.8709353673223605,0.8650519031141869,0.8553459119496856,0.5059597936310265,0.3377318069459033,0.26258137401258186,NB
389,1.0,1.0,1.0,1.0,0.44467176658957475,0.2704637489109636,0.1614412253512375,Dataset
390,0.5333333333333333,0.5320680919151962,0.6089385474860335,0.3422818791946309,0.7634285714285715,0.8200862267400606,0.4880551021294609,FairBN
391,0.8166666666666667,0.8157918129694652,0.8387096774193548,0.6845637583892618,0.40800000000000003,0.5663165588658357,0.23276374761785623,LabelBN
392,0.93,0.9298857727010089,0.9315960912052117,0.912751677852349,0.5611428571428572,0.27928263044392787,0.15120308032806296,NBSens
393,0.92,0.919907551446731,0.9215686274509803,0.9060402684563759,0.5531428571428572,0.31229672024295874,0.18938287942884158,NB
394,1.0,1.0,1.0,1.0,0.6171428571428572,0.18717640852979023,0.13959982801145365,Dataset
395,0.48333333333333334,0.49061620269002193,0.5141065830721003,0.391304347826087,0.9679985777145651,0.7609239926308592,0.6157932004161141,FairBN
396,0.8733333333333333,0.8775637874793333,0.8724832214765101,0.8198757763975155,0.49371083159251516,0.37663553842967123,0.15908266131679127,LabelBN
397,0.9266666666666666,0.9257786317529827,0.9202898550724637,0.937888198757764,0.4927330103560159,0.3493932696218697,0.10414197057922647,NBSens
398,0.91,0.9092676169623307,0.9025270758122743,0.9192546583850931,0.49944441975198905,0.4032557255659903,0.15172025550035106,NB
399,1.0,1.0,1.0,1.0,0.5194897551002267,0.323260892835989,0.16830721305673557,Dataset
400,0.49333333333333335,0.48261722232126936,0.5869565217391304,0.28169014084507044,0.9155458242101971,0.7699396533065781,0.5762223252027475,FairBN
401,0.8866666666666667,0.8824211089320735,0.8994082840236687,0.8028169014084507,0.4584208409669779,0.4192582433936186,0.16544933116762162,LabelBN
402,0.89,0.8902210732750936,0.8945686900958466,0.8943661971830986,0.4662406720586264,0.4232868533677816,0.10886016943956045,NBSens
403,0.87,0.8712337315029417,0.8729641693811075,0.8943661971830986,0.42307520443272706,0.5559428905738304,0.1674966859152628,NB
404,1.0,1.0,1.0,1.0,0.6084722284284373,0.2778534354097453,0.18397369234423577,Dataset
405,0.45,0.4606583701324769,0.5217391304347826,0.2830188679245283,0.9519466073414905,0.7263117077054535,0.5842334495323893,FairBN
406,0.8433333333333334,0.8477853606316071,0.8469055374592833,0.7735849056603774,0.3828698553948833,0.43620557746903366,0.19714831269787214,LabelBN
407,0.8966666666666666,0.8944868192158437,0.8864468864468864,0.9308176100628931,0.5354838709677419,0.3117197413190752,0.1847273881883983,NBSens
408,0.8933333333333333,0.8909407199250636,0.8823529411764706,0.9308176100628931,0.5285873192436039,0.3419320736070024,0.22294042881854703,NB
409,1.0,1.0,1.0,1.0,0.5575083426028922,0.30458965826443773,0.19143527764684176,Dataset
410,0.5266666666666666,0.5255789146184274,0.5942857142857143,0.3624161073825503,0.7218466465041807,0.7934987604366044,0.71489851060337,FairBN
411,0.8266666666666667,0.8259033734832659,0.8452380952380952,0.7114093959731543,0.4524995552392813,0.4789555168300994,0.20357926480613675,LabelBN
412,0.9033333333333333,0.9032179207964799,0.9055374592833878,0.8859060402684564,0.4940402063689734,0.38276910947224596,0.18942501764926567,NBSens
413,0.89,0.8898395484243744,0.8932038834951456,0.8657718120805369,0.5077388365059597,0.40872493400818577,0.23290704810881957,NB
414,1.0,1.0,1.0,1.0,0.526507738836506,0.2826574147168087,0.19742198076991901,Dataset
415,0.5766666666666667,0.5898610304303141,0.627565982404692,0.40993788819875776,0.6855323185329056,0.8629789122859333,0.5100888773820424,FairBN
416,0.8166666666666667,0.8267348853836185,0.8297213622291021,0.6894409937888198,0.46682325308279515,0.41345838994695494,0.21520143678911108,LabelBN
417,0.8566666666666667,0.8615443049287278,0.8571428571428571,0.7950310559006211,0.5021455350286824,0.42613217393492553,0.09781837724282405,NBSens
418,0.8566666666666667,0.8615443049287278,0.8571428571428571,0.7950310559006211,0.5021455350286824,0.42613217393492553,0.09781837724282405,NB
419,1.0,1.0,1.0,1.0,0.5975879669361759,0.24351507690656893,0.1758910535884496,Dataset
420,0.49,0.48436595251881875,0.553935860058309,0.36363636363636365,0.9553443328550932,0.7415809303177829,0.6617560250029053,FairBN
421,0.8666666666666667,0.863881341588348,0.8787878787878788,0.8041958041958042,0.5772955523672884,0.37435529965145065,0.20853353657447848,LabelBN
422,0.8833333333333333,0.8838581800365239,0.8867313915857605,0.8951048951048951,0.5842898134863702,0.360180258858935,0.1661105083579325,NBSens
423,0.8733333333333333,0.8739922497884282,0.8766233766233766,0.8881118881118881,0.5769368723098995,0.40989938568613293,0.22384146454634202,NB
424,1.0,1.0,1.0,1.0,0.7017575322812051,0.2405766936430055,0.1679957204371807,Dataset
425,0.5133333333333333,0.51260056002489,0.562874251497006,0.40268456375838924,0.9251712865523264,0.6658903393200659,0.5091011225851815,FairBN
426,0.9066666666666666,0.9063069469754211,0.9119496855345912,0.8523489932885906,0.47252698043079133,0.3505824347321179,0.24822127678099581,LabelBN
427,0.91,0.9098848837726121,0.9120521172638437,0.8926174496644296,0.44597196722045596,0.3738416288416573,0.17201139134984367,NBSens
428,0.9033333333333333,0.9031734743766389,0.9061488673139159,0.8791946308724832,0.46057050736644134,0.37163702859659975,0.17384105072482836,NB
429,1.0,1.0,1.0,1.0,0.4900810532443688,0.29487593633499365,0.187173385033506,Dataset
430,0.63,0.63,0.6801152737752161,0.47333333333333333,0.6745609723401403,0.7193140476920327,0.47966591627252186,FairBN
431,0.8333333333333334,0.8333333333333334,0.8511904761904763,0.7133333333333334,0.4881808838643372,0.36702709111639154,0.22346229727633693,LabelBN
432,0.8866666666666667,0.8866666666666667,0.8910256410256411,0.8466666666666667,0.46297868537468156,0.40802523180237626,0.1408646450581903,NBSens
433,0.8666666666666667,0.8666666666666667,0.8734177215189873,0.8133333333333334,0.4917556637919478,0.4250007019431621,0.16802007440673827,NB
434,1.0,1.0,1.0,1.0,0.48389114795120436,0.31103928171792694,0.19678234035798225,Dataset
435,0.43666666666666665,0.43001471965743343,0.5043988269794721,0.3191489361702128,0.9604004449388208,0.8339994687812327,0.694668821359826,FairBN
436,0.9,0.8968285828984344,0.9096385542168675,0.8439716312056738,0.47119021134593997,0.3759829071246096,0.24457556016099502,LabelBN
437,0.9166666666666666,0.9173691957714438,0.9201277955271565,0.9290780141843972,0.5270300333704115,0.32949606875971915,0.1769231525647611,NBSens
438,0.8966666666666666,0.8968954904322226,0.9015873015873016,0.900709219858156,0.5408231368186874,0.363828756229607,0.2261870838019775,NB
439,1.0,1.0,1.0,1.0,0.5481646273637375,0.30016640899740943,0.2075009904333095,Dataset
440,0.49666666666666665,0.48780106349702845,0.5648414985590778,0.3669064748201439,0.9771043771043771,0.6213144203227734,0.6160953856862723,FairBN
441,0.9233333333333333,0.9211984449707316,0.9300911854103344,0.8920863309352518,0.45319865319865327,0.3439011893921372,0.22544808874307076,LabelBN
442,0.87,0.8724920684570356,0.8737864077669903,0.9064748201438849,0.43973063973063964,0.35881071362616623,0.1542169627807336,NBSens
443,0.8666666666666667,0.8693864783949239,0.8701298701298701,0.9064748201438849,0.4323232323232322,0.38003589466589116,0.19092088192320744,NB
444,1.0,1.0,1.0,1.0,0.5225589225589227,0.2946006460541022,0.18380196176895602,Dataset
445,0.46,0.45999999999999996,0.5030674846625767,0.37333333333333335,0.7842510467786232,0.8389629376399387,0.6423908897964834,FairBN
446,0.8766666666666667,0.8766666666666667,0.8762541806020067,0.88,0.4994822385304578,0.44148899256047003,0.260700211783108,LabelBN
447,0.91,0.91,0.9045936395759717,0.9666666666666667,0.5952906217639908,0.3103018900792255,0.15842528278762236,NBSens
448,0.8866666666666667,0.8866666666666667,0.8785714285714284,0.9533333333333334,0.5727342307865472,0.42366202246898255,0.2386983354211093,NB
449,1.0,1.0,1.0,1.0,0.6555760659132861,0.28068477812569936,0.18999022010074096,Dataset
450,0.4766666666666667,0.4818376068376069,0.5285285285285286,0.3525641025641026,0.8698222202319645,0.762543844227212,0.6973615821551478,FairBN
451,0.8866666666666667,0.8872863247863247,0.8843537414965987,0.8717948717948718,0.4424790649769379,0.40780994679193816,0.24662288959320022,LabelBN
452,0.9166666666666666,0.9142628205128205,0.9077490774907748,0.9743589743589743,0.48954368366844303,0.2995436083292333,0.15758322720710594,NBSens
453,0.9066666666666666,0.9038461538461539,0.8955223880597015,0.9743589743589743,0.46764587344946484,0.38449754887629783,0.24744956602774404,NB
454,1.0,1.0,1.0,1.0,0.5733285567148807,0.2767933036413268,0.19017499467919374,Dataset
455,0.45,0.45,0.5378151260504201,0.26,0.9850640113798009,0.7952158116174457,0.6934675747319152,FairBN
456,0.8666666666666667,0.8666666666666667,0.8734177215189873,0.8133333333333334,0.3879800853485065,0.470822094380664,0.2296677689986898,LabelBN
457,0.9,0.8999999999999999,0.8936170212765958,0.96,0.5183143669985775,0.3020191565840883,0.1504896016798597,NBSens
458,0.8766666666666667,0.8766666666666667,0.8692579505300353,0.9333333333333333,0.5250711237553343,0.3866034660033505,0.2062455041168153,NB
459,1.0,1.0,1.0,1.0,0.6132645803698435,0.28054594749865236,0.1777725027718846,Dataset
460,0.45666666666666667,0.46287393162393164,0.5219941348973608,0.3076923076923077,0.9933333333333333,0.9036180089121386,0.7076343540399658,FairBN
461,0.8666666666666667,0.8685897435897436,0.8684210526315789,0.8205128205128205,0.3999999999999999,0.4472540500770247,0.23037977727869374,LabelBN
462,0.8866666666666667,0.8854166666666666,0.8785714285714286,0.9166666666666666,0.5066666666666667,0.35382946482706534,0.10534598721484012,NBSens
463,0.8766666666666667,0.875,0.8664259927797833,0.9166666666666666,0.4866666666666667,0.43879905070685865,0.16134822299674656,NB
464,1.0,1.0,1.0,1.0,0.5866666666666667,0.28617804590047025,0.19008675343043613,Dataset
465,0.48333333333333334,0.47383252818035426,0.5533141210374639,0.35507246376811596,0.926948051948052,0.8737211924272269,0.7010575437135225,FairBN
466,0.8833333333333333,0.8774825550187869,0.8979591836734694,0.8043478260869565,0.39610389610389607,0.5256403188312773,0.25442686464328856,LabelBN
467,0.9333333333333333,0.9329039184111647,0.9382716049382716,0.927536231884058,0.4686147186147186,0.36033468986638295,0.1683145402591698,NBSens
468,0.9133333333333333,0.9127750939345143,0.9197530864197531,0.9057971014492754,0.4686147186147186,0.4123271288854028,0.23593507268078084,NB
469,1.0,1.0,1.0,1.0,0.4956709956709957,0.3409584551303162,0.19685491118415066,Dataset
470,0.5033333333333333,0.5027556780301347,0.54434250764526,0.4161073825503356,0.9543247617335012,0.7632036058822221,0.5497427326283673,FairBN
471,0.8733333333333333,0.8729721320947598,0.8805031446540881,0.8187919463087249,0.5739075705808308,0.28662991848107966,0.20901546581251162,LabelBN
472,0.9066666666666666,0.9065291790746255,0.9090909090909091,0.8859060402684564,0.5802014026254272,0.32429053346278736,0.165270815580982,NBSens
473,0.8933333333333333,0.8932841459620429,0.894736842105263,0.8859060402684564,0.5503506563567704,0.38675148063229137,0.23232009458517366,NB
474,1.0,1.0,1.0,1.0,0.5893724150332674,0.28722314067211696,0.18684269124843156,Dataset
475,0.5433333333333333,0.5119248099767876,0.6441558441558441,0.30708661417322836,0.7754872563718141,0.7387399323524377,0.6539642398212846,FairBN
476,0.86,0.8409266760730053,0.8882978723404256,0.7165354330708661,0.4027361319340329,0.5391560404190741,0.1793040228848215,LabelBN
477,0.8933333333333333,0.8844840926676073,0.9106145251396648,0.8267716535433071,0.40217391304347827,0.44539574586785424,0.1479005241580117,NBSens
478,0.88,0.8697828956351554,0.9,0.8031496062992126,0.41941529235382313,0.4607185902290407,0.18755869486407384,NB
479,1.0,1.0,1.0,1.0,0.43928035982008995,0.32365862000446655,0.1927022494949776,Dataset
480,0.57,0.5584821428571428,0.6446280991735537,0.38571428571428573,0.7775041050903121,0.7942247860862083,0.6072680210012391,FairBN
481,0.8366666666666667,0.8294642857142858,0.8595988538681948,0.7214285714285714,0.43377120963327864,0.4828456749408213,0.21178229894338485,LabelBN
482,0.92,0.9183035714285714,0.9263803680981595,0.8928571428571429,0.4428024083196497,0.39248706946514034,0.11754704348748368,NBSens
483,0.9133333333333333,0.9116071428571428,0.920245398773006,0.8857142857142857,0.4428024083196497,0.41512626646237294,0.14090609548073263,NB
484,1.0,1.0,1.0,1.0,0.4362342638204708,0.3610779172686843,0.1921798555651204,Dataset
485,0.48,0.4888571937956855,0.543859649122807,0.3227848101265823,0.9422119487908962,0.7508065614233843,0.6410667134076354,FairBN
486,0.86,0.863522909609556,0.8627450980392157,0.7974683544303798,0.4119843527738265,0.39293150086723894,0.19101693053708702,LabelBN
487,0.89,0.8905776430736316,0.8858131487889274,0.879746835443038,0.5001778093883358,0.3633241038693832,0.12114428978592662,NBSens
488,0.88,0.8800142627919416,0.8741258741258742,0.879746835443038,0.5071123755334281,0.38601360543164287,0.14440004962464548,NB
489,1.0,1.0,1.0,1.0,0.5206258890469417,0.29108476614951784,0.1894604476671462,Dataset
490,0.5933333333333334,0.560483870967742,0.6839378238341969,0.3709677419354839,0.6905507459937373,0.7994636543253322,0.5734872456432771,FairBN
491,0.8633333333333333,0.843016862170088,0.8918205804749341,0.7258064516129032,0.4535826118990606,0.5736930059532241,0.1923575226880918,LabelBN
492,0.91,0.904233870967742,0.9243697478991596,0.8709677419354839,0.41140173144225456,0.39227734322126906,0.0820869429294081,NBSens
493,0.8966666666666666,0.8892961876832844,0.9136490250696379,0.8467741935483871,0.4277951740652055,0.4041490194519425,0.10003274307742316,NB
494,1.0,1.0,1.0,1.0,0.5361945109596611,0.36455007618971347,0.20155369594903538,Dataset
495,0.4766666666666667,0.475554469087515,0.5527065527065527,0.3087248322147651,0.9955506117908788,0.809700299510892,0.6611293216972668,FairBN
496,0.91,0.9098404373527713,0.912621359223301,0.8859060402684564,0.39443826473859844,0.3713874140837532,0.22832929088479992,LabelBN
497,0.9,0.9002622338770612,0.896551724137931,0.9395973154362416,0.4235817575083426,0.28123918036464957,0.17526262238281343,NBSens
498,0.8833333333333333,0.8836170496466509,0.8788927335640138,0.9261744966442953,0.4300333704115684,0.32706631545037546,0.2408740540670149,NB
499,1.0,1.0,1.0,1.0,0.5063403781979978,0.21936565751445392,0.1674894174703142,Dataset
