,Accuracy,Balanced Accuracy,F1 Score,Specificity,Parity Score Gender,Parity Score Race,Intersectional Parity Score,AUC_Gender,KL Divergence_Gender,Model
0,0.9266666666666666,0.9251973772246755,0.9320987654320988,0.900709219858156,0.9420068333033627,0.8696704958642906,0.5833150291535667,0.5174429059521669,0.006782840418660181,FairBN
1,0.9266666666666666,0.9251973772246755,0.9320987654320988,0.900709219858156,0.9420068333033627,0.8696704958642906,0.5833150291535667,0.5144758137025714,0.006782840418660181,LabelBN
2,0.9166666666666666,0.9149605245550649,0.9230769230769232,0.8865248226950354,0.9615177126416112,0.868068959733187,0.5872357781605209,0.5007417730623989,0.0029914976165890325,NBSens
3,0.9133333333333333,0.911012980061555,0.9207317073170732,0.8723404255319149,0.9391296529401187,0.8819485751170429,0.5814019158260146,0.5191287538212551,0.007512666985566352,NB
4,0.53,0.5,0.6928104575163399,0.0,1.0,1.0,1.0,0.5249955044056824,0.0,FRFC05
5,1.0,1.0,1.0,1.0,0.9598093868009351,0.8724319740129362,0.605866399934933,0.5200953065995324,0.0032401404191010133,Dataset
6,0.92,0.9206730769230769,0.9215686274509804,0.9375,0.9799777530589544,0.9114342395276689,0.8545842476335208,0.5105450500556173,0.0008018954166506241,FairBN
7,0.92,0.9206730769230769,0.9215686274509804,0.9375,0.9799777530589544,0.9114342395276689,0.8545842476335208,0.5220467185761958,0.0008018954166506241,LabelBN
8,0.9,0.9014423076923077,0.9,0.9375,0.9919911012235818,0.9284790225837637,0.8433353570406632,0.525650723025584,0.00012852370412048085,NBSens
9,0.9,0.9014423076923077,0.9,0.9375,0.9946607341490545,0.9583287173344994,0.8843197442553149,0.5036484983314795,5.709851734317633e-05,NB
10,0.52,0.5,0.6842105263157895,0.0,1.0,1.0,1.0,0.5288765294771969,0.0,FRFC05
11,1.0,1.0,1.0,1.0,0.9919911012235817,0.887415082839466,0.8443807330938085,0.5040044493882092,0.00012852370412048085,Dataset
12,0.8333333333333334,0.8357371794871795,0.8376623376623377,0.7756410256410257,0.981859410430839,0.5533176359019976,0.6331530865812482,0.5255657818683028,0.0006632231770202432,FairBN
13,0.8366666666666667,0.8389423076923077,0.8403908794788273,0.782051282051282,0.9750566893424036,0.5587114000397781,0.635812521719049,0.5279889733671246,0.0012521044217466831,LabelBN
14,0.82,0.8223824786324786,0.8246753246753248,0.7628205128205128,0.9914632519674537,0.5593764362669806,0.6374695222951514,0.5007113956693788,0.00014712035957242277,NBSens
15,0.82,0.8223824786324786,0.8246753246753248,0.7628205128205128,0.9951980792316927,0.5593311080014678,0.642582017958536,0.503712596149571,4.650767039576266e-05,NB
16,0.61,0.624198717948718,0.7067669172932329,0.2692307692307692,0.9993330665599574,0.3197519176394007,0.46253155261055545,0.5164287937397181,1.7454454887576906e-06,FRFC05
17,1.0,1.0,1.0,1.0,0.952514339068961,0.6147911494046363,0.6819272718027456,0.5237428304655195,0.004526661570453901,Dataset
18,0.8966666666666666,0.8974358974358974,0.8949152542372881,0.8782051282051282,0.9669887278582932,0.6091294349595235,0.6018860746428158,0.5221417069243157,0.002180509145216343,FairBN
19,0.8866666666666667,0.8870192307692308,0.8835616438356165,0.8782051282051282,0.9452495974235104,0.5494858437115486,0.5633159633912128,0.5339506172839505,0.005999214793481644,LabelBN
20,0.91,0.9110576923076923,0.9090909090909091,0.8846153846153846,0.9412238325281803,0.6211827932525322,0.5413991160079005,0.5203524780819466,0.006923038025057553,NBSens
21,0.9133333333333333,0.9142628205128205,0.9121621621621622,0.8910256410256411,0.9339774557165861,0.619415749929504,0.5402362402729534,0.5184961531579889,0.008734329396558764,NB
22,0.5133333333333333,0.532051282051282,0.6635944700460829,0.0641025641025641,0.9946323134728932,0.9113514200422048,0.9085224380653018,0.5022365360529611,0.0004567221198770767,FRFC05
23,1.0,1.0,1.0,1.0,0.9296833064949006,0.5959510035219725,0.5942461861598739,0.5351583467525497,0.00990468979802371,Dataset
24,0.86,0.8565705128205128,0.840909090909091,0.9423076923076923,0.9893029060438581,0.8781631113627946,0.8328962334121585,0.5235113210911035,0.0002381037046360595,FairBN
25,0.86,0.8565705128205128,0.840909090909091,0.9423076923076923,0.9893029060438581,0.8781631113627946,0.8328962334121585,0.5172936352290961,0.0002381037046360595,LabelBN
26,0.79,0.7852564102564102,0.7529411764705882,0.9038461538461539,0.913620966304154,0.8284995351427087,0.7163492497868269,0.5214833303619184,0.0162725911295743,NBSens
27,0.7933333333333333,0.7889957264957266,0.7596899224806201,0.8974358974358975,0.9459796755214833,0.8376013463953308,0.7979403521296612,0.5157336423604921,0.006248196101855633,NB
28,0.5433333333333333,0.5608974358974359,0.6776470588235294,0.12179487179487179,0.9867177750044571,0.93269541247449,0.893890172219133,0.5196559101444107,0.0014506283561510729,FRFC05
29,1.0,1.0,1.0,1.0,0.988768051346051,0.9509739817129161,0.8756280625703319,0.5056159743269746,0.00025279104462425615,Dataset
30,0.8466666666666667,0.8480618776671409,0.8308823529411765,0.9527027027027027,0.9333333333333333,0.7829917753632509,0.6291551868429107,0.5209555555555556,0.009362243458244893,FairBN
31,0.8466666666666667,0.8480618776671409,0.8308823529411765,0.9527027027027027,0.9333333333333333,0.7829917753632509,0.6291551868429107,0.5234888888888889,0.009362243458244893,LabelBN
32,0.8366666666666667,0.8381045519203414,0.8191881918819188,0.9459459459459459,0.98,0.7786761501718715,0.6167734579206721,0.5114666666666667,0.0008382374669085382,NBSens
33,0.8333333333333334,0.8348150782361309,0.8148148148148149,0.9459459459459459,0.96,0.7795871448423703,0.6164364144015682,0.5028666666666667,0.0033748392102548874,NB
34,0.5066666666666667,0.5,0.6725663716814159,0.0,1.0,1.0,1.0,0.5029555555555556,0.0,FRFC05
35,1.0,1.0,1.0,1.0,0.9333333333333333,0.8520324366185441,0.6543816318551785,0.5333333333333333,0.008898389900716112,Dataset
36,0.7133333333333334,0.7148762167207432,0.7663043478260869,0.48344370860927155,0.9276819071339619,0.7351328438452409,0.726058263130372,0.5791229318626578,0.012978059500666578,FairBN
37,0.71,0.7115649584425974,0.7642276422764227,0.4768211920529801,0.9208325920654687,0.7626950347041009,0.7460428356747828,0.5841487279843444,0.015640801885162703,LabelBN
38,0.7533333333333333,0.754833548157696,0.7978142076502732,0.5298013245033113,0.9413805372709482,0.8886441076303699,0.8081297388988292,0.5829478740437645,0.008435272275251371,NBSens
39,0.75,0.7515222898795502,0.7956403269754769,0.5231788079470199,0.9478740437644547,0.7767689919245004,0.7596625051004864,0.5718733321473048,0.006729520186896522,NB
40,0.5033333333333333,0.5065336237166096,0.6636568848758465,0.026490066225165563,0.9877246041629604,0.970678664528036,0.960486942441832,0.5615548834726917,0.0035880247324390196,FRFC05
41,1.0,1.0,1.0,1.0,0.9134495641344955,0.7524404672156232,0.5060158137711168,0.5432752179327522,0.015023625908635624,Dataset
42,0.85,0.8505512091038407,0.8453608247422679,0.8918918918918919,0.9851940776310524,0.7849193541102467,0.7667759887102557,0.5038015206082432,0.00044053138400155546,FairBN
43,0.84,0.8405938833570412,0.8344827586206897,0.8851351351351351,0.978391356542617,0.654129257834424,0.6501631878739367,0.5074474234138099,0.000939002087742849,LabelBN
44,0.8,0.80049786628734,0.7945205479452055,0.8378378378378378,0.9946645324796586,0.6752736245374298,0.6726914212775388,0.5000666933440043,5.720193707712054e-05,NBSens
45,0.81,0.8105440967283073,0.8041237113402062,0.8513513513513513,0.9747899159663866,0.7398070927722413,0.7237757228256688,0.530523320439287,0.0012797264058452863,NB
46,0.5433333333333333,0.5371621621621622,0.6893424036281178,0.07432432432432433,0.9785247432306255,0.9640535849019196,0.9356787079997578,0.5489084522697968,0.007316673719048004,FRFC05
47,1.0,1.0,1.0,1.0,0.9269040949713219,0.8732377683513457,0.8207144691288158,0.536547952514339,0.010712861696582185,Dataset
48,0.91,0.9154314629886704,0.9114754098360656,0.9781021897810219,0.9978632478632479,0.582247676022398,0.652384271973618,0.5051415598290598,9.156866381194832e-06,FairBN
49,0.91,0.9154314629886704,0.9114754098360656,0.9781021897810219,0.9978632478632479,0.582247676022398,0.652384271973618,0.5357905982905983,9.156866381194832e-06,LabelBN
50,0.94,0.9430388249518606,0.9426751592356688,0.9781021897810219,0.9797008547008548,0.60600734641633,0.6812836177177807,0.5034722222222222,0.0008241864978389864,NBSens
51,0.9433333333333334,0.9455241592405177,0.9463722397476341,0.9708029197080292,0.9989316239316239,0.6123658544293993,0.6821699280211853,0.5002003205128205,2.284441962031609e-06,NB
52,0.5433333333333333,0.5,0.7041036717062634,0.0,1.0,1.0,1.0,0.5020477207977208,0.0,FRFC05
53,1.0,1.0,1.0,1.0,0.9834401709401709,0.6294071992080049,0.6991523134124507,0.5082799145299146,0.0005531240145172367,Dataset
54,0.81,0.8146367521367521,0.8246153846153846,0.6987179487179487,0.9133333333333334,0.7794467679174589,0.7476701422521719,0.5770888888888889,0.015543370119257355,FairBN
55,0.81,0.8146367521367521,0.8246153846153846,0.6987179487179487,0.9133333333333334,0.7794467679174589,0.7476701422521719,0.5817777777777777,0.015543370119257355,LabelBN
56,0.7366666666666667,0.7385149572649572,0.740983606557377,0.6923076923076923,0.8866666666666666,0.8986110616610931,0.7567268788624812,0.5915111111111111,0.02579613066825613,NBSens
57,0.7433333333333333,0.7446581196581197,0.7441860465116279,0.7115384615384616,0.9266666666666666,0.8759016820725193,0.7750018450691706,0.5780444444444444,0.010773821185163068,NB
58,0.48,0.5,0.6486486486486487,0.0,1.0,1.0,1.0,0.5607555555555556,0.0,FRFC05
59,1.0,1.0,1.0,1.0,0.8799999999999999,0.7947062895786933,0.7601672998185648,0.56,0.02908104880532021,Dataset
60,0.8966666666666666,0.8966666666666667,0.89419795221843,0.92,0.973643273034357,0.8667456080361351,0.8222612567503249,0.5049557758122585,0.001391548788431847,FairBN
61,0.8933333333333333,0.8933333333333333,0.8904109589041095,0.92,0.9803546824303302,0.8691062555963428,0.822614899877183,0.5027334548202143,0.0007736278765638968,LabelBN
62,0.86,0.86,0.8581081081081081,0.8733333333333333,0.9664873994399751,0.9095449663643412,0.8537591321704012,0.5078225698919953,0.0022500124828960452,NBSens
63,0.86,0.86,0.8581081081081081,0.8733333333333333,0.9664873994399751,0.9095449663643412,0.8537591321704012,0.5150006666962976,0.0022500124828960452,NB
64,0.51,0.51,0.6711409395973155,0.02,0.9931996977643451,0.9640822926519024,0.943552036199095,0.5113782834792658,0.002145005005157138,FRFC05
65,1.0,1.0,1.0,1.0,0.9799991110716031,0.8412627708925554,0.8340543455277437,0.5100004444641985,0.0008001792644925024,Dataset
66,0.9166666666666666,0.9166666666666667,0.911032028469751,0.98,0.9917503586800573,0.7494389949123337,0.7301776925616394,0.5216328909612625,0.00013840600697606793,FairBN
67,0.92,0.9199999999999999,0.9148936170212766,0.98,0.9843974175035868,0.7529991845914648,0.7303301079450908,0.5296807747489239,0.000494481380652655,LabelBN
68,0.9,0.8999999999999999,0.8913043478260869,0.98,0.9714849354375896,0.8166497762580708,0.7759555732819794,0.5046628407460545,0.001665619540847603,NBSens
69,0.8933333333333333,0.8933333333333333,0.8848920863309353,0.9666666666666667,0.9861908177905309,0.8135659439262634,0.7756343249683986,0.505290530846485,0.0003894072425720124,NB
70,0.5266666666666666,0.5266666666666666,0.6787330316742082,0.05333333333333334,0.991571018651363,0.9485050660556771,0.9425688709019817,0.5073305236728838,0.0013269706683264144,FRFC05
71,1.0,1.0,1.0,1.0,0.9865494978479197,0.8099714946694461,0.7471397390518949,0.5067252510760402,0.000361850335464705,Dataset
72,0.87,0.8701743462017435,0.8721311475409835,0.8767123287671232,0.9668208503824942,0.8918930620490996,0.7673441196016929,0.5143880092510229,0.002202312190985635,FairBN
73,0.87,0.8701743462017435,0.8721311475409835,0.8767123287671232,0.9668208503824942,0.8918930620490996,0.7673441196016929,0.5068493150684932,0.002202312190985635,LabelBN
74,0.8233333333333334,0.8240081835972246,0.822742474916388,0.8493150684931506,0.9924390677815336,0.8195703568923578,0.700287672834764,0.5094734033090198,0.00011448568299246564,NBSens
75,0.8233333333333334,0.8234744707347448,0.8262295081967215,0.8287671232876712,0.9801636719444938,0.9155510306030687,0.7383805734800541,0.513187155310443,0.0007870288241675627,NB
76,0.53,0.5171232876712328,0.6859688195991092,0.03424657534246575,0.9808752890944672,0.9680267722343938,0.9520346934732807,0.5123198719089129,0.015682656929978448,FRFC05
77,1.0,1.0,1.0,1.0,0.974025974025974,0.8954370989432713,0.722982961087483,0.512987012987013,0.0013499075768362324,Dataset
78,0.8666666666666667,0.8616988107433967,0.8437500000000001,0.9681528662420382,0.9517241379310344,0.8104938483590216,0.7449174258377009,0.5520133481646274,0.004930069730501516,FairBN
79,0.8666666666666667,0.8616988107433967,0.8437500000000001,0.9681528662420382,0.9517241379310344,0.8104938483590216,0.7449174258377009,0.5603781979977753,0.004930069730501516,LabelBN
80,0.8633333333333333,0.8588258874883079,0.8416988416988418,0.9554140127388535,0.9056729699666296,0.7914710424302025,0.750511290070206,0.5483648498331479,0.01856963965913988,NBSens
81,0.87,0.8648835241191929,0.8470588235294119,0.9745222929936306,0.8914349276974416,0.8161487876790617,0.7687664937868914,0.5464738598442713,0.024865517016778207,NB
82,0.48333333333333334,0.5063694267515924,0.6485260770975056,0.012738853503184714,0.9870967741935484,0.9911327359629328,0.9859578906754087,0.5131034482758621,,FRFC05
83,1.0,1.0,1.0,1.0,0.9050055617352615,0.8904493041797347,0.8206407911611491,0.5474972191323693,0.01809035376954131,Dataset
84,0.84,0.8384036345819785,0.8273381294964028,0.8726114649681529,0.9091880341880342,0.7943391959168437,0.7624009530367729,0.5703792735042735,0.016614459825039646,FairBN
85,0.84,0.8384036345819785,0.8273381294964028,0.8726114649681529,0.9091880341880342,0.7943391959168437,0.7624009530367729,0.5784366096866097,0.016614459825039646,LabelBN
86,0.8833333333333333,0.8851053405193533,0.8829431438127091,0.8471337579617835,0.9481837606837608,0.8171266422647658,0.7812879694176083,0.5539975071225072,0.005389514888379923,NBSens
87,0.87,0.871742906774754,0.8695652173913043,0.8343949044585988,0.9615384615384616,0.8494027242818726,0.8233547995520685,0.5607861467236468,0.0029673677599072537,NB
88,0.53,0.5509554140127388,0.6697892271662763,0.10191082802547771,0.9823717948717948,0.963220320942062,0.9082678695255558,0.5462295227920229,0.0032453024032526624,FRFC05
89,1.0,1.0,1.0,1.0,0.9513888888888888,0.8855667382454593,0.8553070574229392,0.5243055555555556,0.004733553818049678,Dataset
90,0.8466666666666667,0.8494040206368974,0.8580246913580246,0.7467532467532467,0.9257327818737637,0.8890985339609477,0.8033299507907399,0.5703110951267758,0.011524861474792633,FairBN
91,0.8466666666666667,0.8494040206368974,0.8580246913580246,0.7467532467532467,0.9257327818737637,0.8890985339609477,0.8033299507907399,0.5562848408559612,0.011524861474792633,LabelBN
92,0.8433333333333334,0.8450898416651842,0.8498402555910544,0.7792207792207793,0.9245639273511959,0.7804710973679508,0.7354444525289334,0.5473386081639993,0.011593992104967046,NBSens
93,0.8433333333333334,0.8450898416651842,0.8498402555910544,0.7792207792207793,0.9245639273511959,0.788923496662946,0.7502239608852962,0.5591620212192052,0.011593992104967046,NB
94,0.5,0.512987012987013,0.6606334841628959,0.025974025974025976,0.9701492537313433,0.9812060564791764,0.96523473630899,0.5748066894443445,,FRFC05
95,1.0,1.0,1.0,1.0,0.9162021219205179,0.8879413133260872,0.8031950393863363,0.541898939039741,0.014067016540062316,Dataset
96,0.8266666666666667,0.8277886497064579,0.8231292517006803,0.8698630136986302,0.9891200870393037,0.6028757619645424,0.6600637852189704,0.5063239494084046,0.00023765070996539968,FairBN
97,0.8266666666666667,0.8277886497064579,0.8231292517006803,0.8698630136986302,0.9891200870393037,0.6028757619645424,0.6600637852189704,0.5009746588693957,0.00023765070996539968,LabelBN
98,0.7833333333333333,0.7861145703611456,0.7636363636363637,0.8904109589041096,0.9723922208622331,0.6455913309136851,0.6847908220395049,0.516682533206401,0.0015925393013631363,NBSens
99,0.7933333333333333,0.7954990215264188,0.7801418439716311,0.8767123287671232,0.9722562219502244,0.6400896455988258,0.6835571738813158,0.5070039439684483,0.0015800800943258538,NB
100,0.72,0.7149973314356877,0.7679558011049723,0.5273972602739726,0.9804161566707467,0.44182338141455124,0.5503551632095399,0.502833310666848,0.0008945979378523206,FRFC05
101,1.0,1.0,1.0,1.0,0.9485924112607099,0.5261726714802886,0.5690305764956152,0.5257037943696451,0.005302412033535077,Dataset
102,0.8633333333333333,0.858842931003744,0.8790560471976401,0.7746478873239436,0.9875551987153753,0.8790633228015238,0.847121409167289,0.5049511575003346,0.0003231090275887822,FairBN
103,0.8633333333333333,0.858842931003744,0.8790560471976401,0.7746478873239436,0.9875551987153753,0.8790633228015238,0.847121409167289,0.5135822293590259,0.0003231090275887822,LabelBN
104,0.83,0.8218488144054199,0.8579387186629526,0.6690140845070423,0.9527632811454569,0.9131286912305339,0.8927119504906968,0.521165083188367,0.0050014347954214985,NBSens
105,0.8333333333333334,0.8257265109645213,0.8595505617977528,0.6830985915492958,0.9991971095945403,0.9241392854902469,0.9022111050352033,0.501159730585664,1.436573245695654e-06,NB
106,0.5266666666666666,0.5,0.6899563318777292,0.0,1.0,1.0,1.0,0.5019403184798609,0.0,FRFC05
107,1.0,1.0,1.0,1.0,0.9633346714840091,0.914732153893373,0.7974730114555014,0.5183326642579955,0.002694560067885883,Dataset
108,0.82,0.8251390433815351,0.8402366863905325,0.6709677419354839,0.9922695384065419,0.9059207429985489,0.8430265858982681,0.5131149738594218,0.00013048159288200738,FairBN
109,0.82,0.8251390433815351,0.8402366863905325,0.6709677419354839,0.9922695384065419,0.9059207429985489,0.8430265858982681,0.5161535367978909,0.00013048159288200738,LabelBN
110,0.8166666666666667,0.8223581757508343,0.8396501457725948,0.6516129032258065,0.9831091648420395,0.9153109372060269,0.8668046075850855,0.5328879753340185,0.0006389250606829606,NBSens
111,0.82,0.8253615127919911,0.8411764705882352,0.6645161290322581,0.9912864739264489,0.9193957958531895,0.8591872096238307,0.5147459672013942,0.00016726676591768616,NB
112,0.48333333333333334,0.5,0.6516853932584269,0.0,1.0,1.0,1.0,0.5317708566066401,0.0,FRFC05
113,1.0,1.0,1.0,1.0,0.9975423387997676,0.9011955970109629,0.7928555192965803,0.5012288306001162,1.2094469693615419e-05,Dataset
114,0.8466666666666667,0.8462736373748609,0.8525641025641025,0.8344827586206897,0.9717463848720801,0.9233288070055651,0.8719560521628228,0.5308565072302558,0.0015991516667482296,FairBN
115,0.8466666666666667,0.8462736373748609,0.8525641025641025,0.8344827586206897,0.9717463848720801,0.9233288070055651,0.8719560521628228,0.5270745272525028,0.0015991516667482296,LabelBN
116,0.82,0.8204671857619577,0.8223684210526315,0.8344827586206897,0.9864293659621802,0.946541467320197,0.8584520011653307,0.5227586206896552,0.00036834177390222475,NBSens
117,0.84,0.8407119021134594,0.8410596026490067,0.8620689655172413,0.9739710789766407,0.9059796403773767,0.8695869316089351,0.534460511679644,0.0013562629998347016,NB
118,0.61,0.596551724137931,0.7259953161592506,0.19310344827586207,0.9804226918798665,0.9609745413118117,0.9532308380789205,0.5038042269187987,0.0023360208826164533,FRFC05
119,1.0,1.0,1.0,1.0,0.9988876529477196,0.865698612988231,0.7888756351230564,0.5005561735261402,2.477330365796863e-06,Dataset
120,0.81,0.8090100111234706,0.8201892744479494,0.7793103448275862,0.9967948717948718,0.934405973944009,0.7608951337111314,0.5257523148148148,2.0682096758351497e-05,FairBN
121,0.81,0.8090100111234706,0.8201892744479494,0.7793103448275862,0.9967948717948718,0.934405973944009,0.7608951337111314,0.5159366096866098,2.0682096758351497e-05,LabelBN
122,0.8266666666666667,0.8264738598442714,0.8322580645161292,0.8206896551724138,0.9813034188034188,0.9220515925212356,0.7697270571831484,0.5095931267806267,0.0006996647466680148,NBSens
123,0.83,0.8305895439377086,0.8316831683168316,0.8482758620689655,0.9738247863247864,0.9194103925157185,0.7541754752146949,0.5349670584045584,0.0013705097445081034,NB
124,0.5166666666666667,0.5,0.6813186813186815,0.0,1.0,1.0,1.0,0.531227742165242,0.0,FRFC05
125,1.0,1.0,1.0,1.0,0.9919871794871794,0.8632807289815938,0.7795286155857329,0.5040064102564104,0.0001285820916887559,Dataset
126,0.8433333333333334,0.8539237314843996,0.8428093645484949,0.7604790419161677,0.958570412517781,0.8185747075121823,0.7533117952415048,0.5064455903271693,0.003464423863129437,FairBN
127,0.8433333333333334,0.8539237314843996,0.8428093645484949,0.7604790419161677,0.958570412517781,0.8185747075121823,0.7533117952415048,0.5206703413940256,0.003464423863129437,LabelBN
128,0.8366666666666667,0.8456395479717258,0.8338983050847457,0.7664670658682635,0.9989331436699858,0.8173716771421232,0.7568083082205695,0.5267380867709816,2.2909023582021095e-06,NBSens
129,0.8466666666666667,0.8569177434604476,0.8456375838926175,0.7664670658682635,0.9386557610241821,0.8333610472466687,0.7718464029220533,0.5016447368421053,0.007581751725629082,NB
130,0.44333333333333336,0.5,0.6143187066974596,0.0,1.0,1.0,1.0,0.5125133357041252,0.0,FRFC05
131,1.0,1.0,1.0,1.0,0.9815078236130867,0.8589335828412779,0.8166293746291415,0.5092460881934566,0.0006938438075506509,Dataset
132,0.85,0.849748877727899,0.8562300319488818,0.8120805369127517,0.8722490606548577,0.8877340228113202,0.5910846190807162,0.5825505457147968,0.03278518081076087,FairBN
133,0.8466666666666667,0.8463931730299123,0.8535031847133758,0.8053691275167785,0.8660762211486849,0.8863287209833328,0.5882274924422443,0.5974235104669887,0.0360522484523859,LabelBN
134,0.83,0.8298813280590249,0.8338762214983713,0.8120805369127517,0.9092860976918947,0.8845264992616989,0.6267874667677757,0.5755054571479692,0.016488365239191033,NBSens
135,0.83,0.8297035423796613,0.8380952380952381,0.785234899328859,0.9135802469135802,0.8832697297775058,0.6175399218585731,0.5738951511898371,0.015012019409327379,NB
136,0.5066666666666667,0.5033557046979866,0.6711111111111111,0.006711409395973154,0.9938271604938271,0.990909090909091,0.9874999999999999,0.5502102343889783,,FRFC05
137,1.0,1.0,1.0,1.0,0.9267310789049918,0.8874734248702099,0.616857306264903,0.5366344605475041,0.010755526440671723,Dataset
138,0.82,0.8180120910384068,0.7857142857142856,0.9671052631578947,0.8974039829302987,0.7251653358180528,0.48412667985808777,0.560721906116643,0.02280031074673354,FairBN
139,0.82,0.8180120910384068,0.7857142857142856,0.9671052631578947,0.8974039829302987,0.7251653358180528,0.48412667985808777,0.5724573257467994,0.02280031074673354,LabelBN
140,0.82,0.8181009957325747,0.7874015748031497,0.9605263157894737,0.9372332859174964,0.7242439023826388,0.4920768336896686,0.5274937766714083,0.008517536470106286,NBSens
141,0.8333333333333334,0.8316145092460883,0.806201550387597,0.9605263157894737,0.9502133712660028,0.7732664210501425,0.5398074761686891,0.5365398293029873,0.005290229125753533,NB
142,0.5666666666666667,0.5723684210526316,0.6948356807511737,0.14473684210526316,0.9886201991465149,0.911487612277013,0.8792054319400022,0.5389402560455192,0.000978344528505707,FRFC05
143,1.0,1.0,1.0,1.0,0.9334992887624467,0.7927034255800328,0.7220685147053636,0.5332503556187767,0.008854236488924465,Dataset
144,0.8366666666666667,0.8359704875772257,0.8164794007490637,0.9403973509933775,0.9147269371032372,0.9073461658652261,0.882036461086075,0.5459006798433209,0.015557791564322451,FairBN
145,0.8266666666666667,0.8260367127427886,0.8074074074074075,0.9205298013245033,0.8967628652469497,0.9270910347055257,0.8777210354933404,0.5628292287605241,0.02268169874410747,LabelBN
146,0.8,0.7994133072581003,0.7794117647058822,0.8874172185430463,0.9793345639547972,0.7359972343777295,0.729225914183113,0.5575165458556571,0.0008859406329521265,NBSens
147,0.8133333333333334,0.8126138939508423,0.7894736842105264,0.9205298013245033,0.971230471388051,0.79756940097987,0.7482978547433932,0.5032641483949394,0.001729984566973538,NB
148,0.49666666666666665,0.5,0.6636971046770601,0.0,1.0,1.0,1.0,0.5556255909234163,0.0,FRFC05
149,1.0,1.0,1.0,1.0,0.9046868668677681,0.8902800336699597,0.8579506449413106,0.5476565665661159,0.01825055942309267,Dataset
150,0.9166666666666666,0.9166963015647227,0.9174917491749175,0.918918918918919,0.9400782361308677,0.7466211766983011,0.6464062031654494,0.5417852062588905,0.007188407506271914,FairBN
151,0.9166666666666666,0.9166963015647227,0.9174917491749175,0.918918918918919,0.9400782361308677,0.7466211766983011,0.6464062031654494,0.5176031294452347,0.007188407506271914,LabelBN
152,0.8966666666666666,0.8964260312944523,0.8996763754045308,0.8783783783783784,0.9539473684210527,0.7586302272664166,0.6603276539289964,0.5232263513513513,0.004247707505303955,NBSens
153,0.9,0.8998044096728307,0.9025974025974026,0.8851351351351351,0.9471906116642959,0.7538141975703392,0.6535843383195749,0.5262046586059744,0.005583764858671729,NB
154,0.5066666666666667,0.5,0.6725663716814159,0.0,1.0,1.0,1.0,0.50962393314367,0.0,FRFC05
155,1.0,1.0,1.0,1.0,0.9468349928876244,0.7359296245979565,0.6287396108891007,0.5265825035561877,0.005656738486541614,Dataset
156,0.8833333333333333,0.8837503889061735,0.8763250883392226,0.9463087248322147,0.9983997155049786,0.542563662026089,0.5433659210173996,0.5035117354196302,5.197359635472848e-06,FairBN
157,0.8833333333333333,0.8837503889061735,0.8763250883392226,0.9463087248322147,0.9983997155049786,0.542563662026089,0.5433659210173996,0.5020892603129445,5.197359635472848e-06,LabelBN
158,0.8733333333333333,0.8738166140717365,0.8642857142857143,0.9463087248322147,0.9818634423897581,0.5326827801389822,0.5333490259910932,0.5123133001422475,0.0006698992973108372,NBSens
159,0.8866666666666667,0.8870616471843193,0.880281690140845,0.9463087248322147,0.9918207681365576,0.5478470657818079,0.5477051755911873,0.5117131934566146,0.00013563217439157942,NB
160,0.5033333333333333,0.5,0.6696230598669622,0.0,1.0,1.0,1.0,0.5079125177809388,0.0,FRFC05
161,1.0,1.0,1.0,1.0,0.9667496443812233,0.5976046162983071,0.5919042850074147,0.5166251778093884,0.0022117680859749245,Dataset
162,0.9133333333333333,0.9133294813102805,0.9139072847682119,0.912751677852349,0.9600426685630472,0.8640151864491934,0.8322664588866524,0.5205342459664875,0.003194463424025358,FairBN
163,0.91,0.909973776612294,0.9108910891089109,0.9060402684563759,0.9534201520067558,0.8889247790086663,0.8558773001994948,0.5429130183563714,0.004341486156680174,LabelBN
164,0.93,0.9297524334414864,0.9329073482428115,0.8926174496644296,0.9938663940619583,0.8777309499834041,0.8532623122241343,0.5193119694208631,7.570245775641044e-05,NBSens
165,0.93,0.9297524334414864,0.9329073482428115,0.8926174496644296,0.9938663940619583,0.8777309499834041,0.8532623122241343,0.5114005066891861,7.570245775641044e-05,NB
166,0.5033333333333333,0.5,0.6696230598669622,0.0,1.0,1.0,1.0,0.5179785768256366,0.0,FRFC05
167,1.0,1.0,1.0,1.0,0.9867105204675762,0.8782732034423484,0.8403692946428711,0.5066447397662118,0.0003532360274498929,Dataset
168,0.8333333333333334,0.8392761633089677,0.8214285714285714,0.9507042253521126,0.9419242606717516,0.8836995992682227,0.8223843981885325,0.5223025112627682,0.006954349853599086,FairBN
169,0.8333333333333334,0.8392761633089677,0.8214285714285714,0.9507042253521126,0.9419242606717516,0.8836995992682227,0.8223843981885325,0.5246442749453588,0.006954349853599086,LabelBN
170,0.8133333333333334,0.8177928329470494,0.8055555555555556,0.9014084507042254,0.9879566439181051,0.8925801114462206,0.8301975248929283,0.5141620946518578,0.00029561313242220874,NBSens
171,0.81,0.8146282759850241,0.8013937282229965,0.9014084507042254,0.9915696507426737,0.8977560640497749,0.8349301246496257,0.5046612248539185,0.00014489119813816502,NB
172,0.7566666666666667,0.7461668746657159,0.8032345013477089,0.5492957746478874,0.9613274454703599,0.8217969860031353,0.7942821986952306,0.5243320397876801,0.003596161859314828,FRFC05
173,1.0,1.0,1.0,1.0,0.9697577947276863,0.7790576910154807,0.7451455117711422,0.5151211026361568,0.001836528983023028,Dataset
174,0.85,0.8481392557022809,0.8314606741573034,0.9411764705882353,0.97599573257468,0.8242952477199194,0.7814435507364346,0.5100462304409672,0.0011965491848688892,FairBN
175,0.85,0.8481392557022809,0.8314606741573034,0.9411764705882353,0.97599573257468,0.8242952477199194,0.7814435507364346,0.5001778093883357,0.0011965491848688892,LabelBN
176,0.8266666666666667,0.8248632786447913,0.8059701492537313,0.9150326797385621,0.9559032716927454,0.8608850181260165,0.813417571656136,0.5093794452347084,0.004018410182799574,NBSens
177,0.8366666666666667,0.8348005869014272,0.8164794007490637,0.9281045751633987,0.97599573257468,0.8884316879580068,0.8192741255377793,0.5232930298719772,0.0011965491848688892,NB
178,0.6766666666666666,0.6808723489395758,0.7298050139275765,0.47058823529411764,0.9544807965860598,0.8712101538354959,0.7937671633109691,0.5066678520625889,0.005084651706613173,FRFC05
179,1.0,1.0,1.0,1.0,0.9797297297297297,0.82572090508575,0.7857468211511373,0.5101351351351351,0.0008224437566700868,Dataset
180,0.8566666666666667,0.8581035792484025,0.8501742160278745,0.8385093167701864,0.9004053271569196,0.8708714108560882,0.7951200235017605,0.5345864326756047,0.01989413011677159,FairBN
181,0.8566666666666667,0.8581035792484025,0.8501742160278745,0.8385093167701864,0.9004053271569196,0.8708714108560882,0.7951200235017605,0.5380606654492005,0.01989413011677159,LabelBN
182,0.8066666666666666,0.812994325036865,0.8116883116883117,0.7267080745341615,0.9925615785488398,0.8158839488768799,0.7924725867635477,0.5117366709723397,0.00011238527807058262,NBSens
183,0.8133333333333334,0.8177309084409491,0.8133333333333332,0.7577639751552795,0.9564830074384214,0.8724375850629331,0.8491472649316523,0.5221370985702196,0.0038199636115215096,NB
184,0.5433333333333333,0.5745341614906833,0.6698795180722892,0.14906832298136646,0.9925170371030243,0.9040695154329493,0.8908028775030005,0.507460692174068,0.00037449871297711313,FRFC05
185,1.0,1.0,1.0,1.0,0.869805353881787,0.9076310111618826,0.8118810319117671,0.5650973230591065,0.03405035762024419,Dataset
186,0.84,0.839815102893462,0.8344827586206897,0.8675496688741722,0.9246339169764004,0.9072779982842049,0.8580161148261878,0.5430567372710582,0.011445525982083343,FairBN
187,0.84,0.839815102893462,0.8344827586206897,0.8675496688741722,0.9246339169764004,0.9072779982842049,0.8580161148261878,0.541601361336259,0.011445525982083343,LabelBN
188,0.84,0.839815102893462,0.8344827586206897,0.8675496688741722,0.9246339169764004,0.7447782619844157,0.6935015862599434,0.5278760467511531,0.011445525982083343,NBSens
189,0.84,0.8399039957331438,0.8367346938775511,0.8543046357615894,0.949173794277014,0.8847336121969841,0.8187115284584827,0.519703551117281,0.005180500709063021,NB
190,0.49666666666666665,0.5,0.6636971046770601,0.0,1.0,1.0,1.0,0.5232860149567866,0.0,FRFC05
191,1.0,1.0,1.0,1.0,0.9468451927813353,0.909794700653978,0.8369559807853687,0.5265774036093324,0.005656636164251716,Dataset
192,0.8833333333333333,0.8826392284101516,0.8689138576779026,0.9867549668874173,0.9223689475790315,0.9222715025996969,0.7544754440832206,0.5465074918856431,0.012520029924760617,FairBN
193,0.8833333333333333,0.8826836748299924,0.8698884758364313,0.9801324503311258,0.9359743897559023,0.9170720554732388,0.7399970146020662,0.5351473922902494,0.00848207116757918,LabelBN
194,0.89,0.8895728699053291,0.881720430107527,0.9536423841059603,0.9773242630385488,0.8872280257217806,0.7806832032738237,0.5214974878840426,0.0010451587761280724,NBSens
195,0.89,0.8895728699053291,0.881720430107527,0.9536423841059603,0.9373082566359877,0.8661184923403416,0.7926414564073563,0.5341025299008492,0.007970928898241601,NB
196,0.49666666666666665,0.5,0.6636971046770601,0.0,1.0,1.0,1.0,0.513916677782224,0.0,FRFC05
197,1.0,1.0,1.0,1.0,0.933173269307723,0.91062827528292,0.7858917780050303,0.5334133653461384,0.008942330374758709,Dataset
198,0.8733333333333333,0.8682359307359307,0.8895348837209303,0.8257575757575758,0.9655095782034757,0.8948905611555161,0.6568650870569746,0.5025778923507711,0.0024440941815659853,FairBN
199,0.8733333333333333,0.8690476190476191,0.8888888888888888,0.8333333333333334,0.9655984710431574,0.8744654034497207,0.6256063619155732,0.500555580248011,0.0024212106698866045,LabelBN
200,0.8566666666666667,0.8476731601731602,0.8781869688385269,0.7727272727272727,0.9882216987421664,0.8550202429311587,0.7383785203367981,0.5236232721454287,0.00029400727048142436,NBSens
201,0.8733333333333333,0.8625541125541125,0.8938547486033519,0.7727272727272727,0.9382194764211742,0.8771170007985974,0.6254539282901553,0.514867327436775,0.008136860926233808,NB
202,0.5766666666666667,0.5189393939393939,0.7257019438444925,0.03787878787878788,0.9931108049246633,0.9800697706972078,0.9691096625256438,0.5059113738388372,0.0015670974849321282,FRFC05
203,1.0,1.0,1.0,1.0,0.9941330725810036,0.9076968182324835,0.6124555451679728,0.5029334637094982,6.98809259843964e-05,Dataset
204,0.87,0.8648835241191929,0.8470588235294119,0.9745222929936306,0.9633928571428572,0.8693307995777987,0.8431093088227526,0.5284821428571429,0.002880665903404696,FairBN
205,0.87,0.8648835241191929,0.8470588235294119,0.9745222929936306,0.9633928571428572,0.8693307995777987,0.8431093088227526,0.5148214285714285,0.002880665903404696,LabelBN
206,0.8766666666666667,0.8715647409914926,0.8549019607843137,0.9808917197452229,0.9366071428571429,0.9465640181662985,0.7592321417815959,0.5158258928571429,0.00868133614139193,NBSens
207,0.8633333333333333,0.8582023072468932,0.8392156862745098,0.9681528662420382,0.9366071428571429,0.940329158495645,0.7553453181689043,0.5323660714285714,0.00868133614139193,NB
208,0.52,0.5414012738853503,0.6651162790697674,0.08280254777070063,0.9874999999999999,0.9446703891496294,0.8052523009926275,0.5309375,0.0019656261336038084,FRFC05
209,1.0,1.0,1.0,1.0,0.9294642857142857,0.9450959088293801,0.7873224759964289,0.5352678571428571,0.010004679998601301,Dataset
210,0.7066666666666667,0.7104374110953058,0.5963302752293578,0.9932432432432432,0.9466666666666667,0.8811065221295777,0.8667293215095786,0.5641333333333333,0.008077930372918082,FairBN
211,0.7066666666666667,0.7104374110953058,0.5963302752293578,0.9932432432432432,0.9466666666666667,0.8811065221295777,0.8667293215095786,0.5578222222222222,0.008077930372918082,LabelBN
212,0.6966666666666667,0.7005689900426743,0.5767441860465116,0.9932432432432432,0.94,0.8593693153735865,0.8428456284030943,0.5701777777777777,0.01052567068057552,NBSens
213,0.6966666666666667,0.7004800853485065,0.5806451612903226,0.9864864864864865,0.9533333333333334,0.8705369100688479,0.8551656119267653,0.5590222222222223,0.00626782410568183,NB
214,0.66,0.656294452347084,0.7357512953367875,0.3783783783783784,0.9066666666666666,0.9188062689545362,0.8334560785821151,0.5597777777777778,0.027021231095399306,FRFC05
215,1.0,1.0,1.0,1.0,0.9466666666666667,0.8460080305154615,0.8095773795959261,0.5266666666666666,0.005698016497164435,Dataset
216,0.94,0.9396014943960149,0.9375,0.9545454545454546,0.9696428571428571,0.8979082685263846,0.8531654463221359,0.5004464285714286,0.001851434574998343,FairBN
217,0.94,0.9396014943960149,0.9375,0.9545454545454546,0.9696428571428571,0.8979082685263846,0.8531654463221359,0.5052455357142857,0.001851434574998343,LabelBN
218,0.9166666666666666,0.9156288916562889,0.9110320284697508,0.9545454545454546,0.9866071428571428,0.8927929835903958,0.8275431420488948,0.5030803571428571,0.000362779228572134,NBSens
219,0.92,0.9190535491905355,0.9148936170212766,0.9545454545454546,0.99375,0.8839345141656019,0.8128596022590866,0.5007366071428572,7.88498687832066e-05,NB
220,0.6,0.6103896103896104,0.7087378640776699,0.22077922077922077,0.9580357142857143,0.916841590268212,0.882542099791271,0.5022991071428571,0.008286931553554616,FRFC05
221,1.0,1.0,1.0,1.0,0.975,0.8137490096489233,0.7362066549392083,0.5125000000000001,0.0012505213548653048,Dataset
222,0.9,0.8966638457084317,0.9101796407185628,0.8251748251748252,0.9171107429134387,0.8747171939060621,0.8117206277000645,0.5478930634543908,0.014125064892531305,FairBN
223,0.9,0.8966638457084317,0.9101796407185628,0.8251748251748252,0.9171107429134387,0.8747171939060621,0.8117206277000645,0.5766871165644172,0.014125064892531305,LabelBN
224,0.8533333333333334,0.8483363769987974,0.8720930232558141,0.7412587412587412,0.9247234785723882,0.871408645590829,0.8156274763366059,0.5319510993685908,0.011974920350711696,NBSens
225,0.8533333333333334,0.8483363769987974,0.8720930232558141,0.7412587412587412,0.9112892391742421,0.8648594443715281,0.8064065548741102,0.5413998477452868,0.016614825110035536,NB
226,0.5233333333333333,0.5,0.687089715536105,0.0,1.0,1.0,1.0,0.5148224441359545,0.0,FRFC05
227,1.0,1.0,1.0,1.0,0.9421879897899781,0.9051814978421291,0.8503536410313175,0.528906005105011,0.006696499344391919,Dataset
228,0.87,0.8726362625139044,0.863157894736842,0.9517241379310345,0.9942219654206854,0.8356390264215913,0.8127120778498036,0.5023112138317258,6.794447673810593e-05,FairBN
229,0.87,0.8726362625139044,0.863157894736842,0.9517241379310345,0.9942219654206854,0.8356390264215913,0.8127120778498036,0.5115782923685497,6.794447673810593e-05,LabelBN
230,0.88,0.8814238042269188,0.8783783783783785,0.9241379310344827,0.9870660918263034,0.8763347234658482,0.8492979124314401,0.5017334103737944,0.00033562222440002183,NBSens
231,0.8833333333333333,0.8844271412680755,0.882943143812709,0.9172413793103448,0.9802657895906485,0.8100516708708814,0.7816449555691,0.5092670785368238,0.0007798101861750638,NB
232,0.5166666666666667,0.5,0.6813186813186815,0.0,1.0,1.0,1.0,0.5178674607760345,0.0,FRFC05
233,1.0,1.0,1.0,1.0,0.9868883061469399,0.8171749970082631,0.8060905399128577,0.50655584692653,0.0003441331619676805,Dataset
234,0.8166666666666667,0.8041244023414809,0.761904761904762,0.9751552795031055,0.9477124183006536,0.8643209822331888,0.831978655716951,0.5084922858032103,0.006332898977602343,FairBN
235,0.81,0.7984047544573037,0.7574468085106383,0.9565217391304348,0.920501533946912,0.6991667276856341,0.5730140261411071,0.5241429905295452,0.014239546951969467,LabelBN
236,0.8066666666666666,0.7977568255954243,0.7642276422764228,0.9192546583850931,0.925703614779245,0.64189035828912,0.6201750837196686,0.5395936152238673,0.011863672897453548,NBSens
237,0.8233333333333334,0.8152509048661691,0.7871485943775101,0.9254658385093167,0.9879951980792316,0.798313398519423,0.722112944118279,0.5045796096216264,0.00031107373329633536,NB
238,0.48333333333333334,0.5186335403726708,0.6420323325635104,0.037267080745341616,0.9991996798719488,0.9747912901118654,0.9707024069478211,0.5020008003201281,1.6228641452924165e-05,FRFC05
239,1.0,1.0,1.0,1.0,0.9747899159663866,0.8343191613659081,0.774959940836893,0.5126050420168068,0.0012765790002487523,Dataset
240,0.83,0.829302987197724,0.8185053380782917,0.881578947368421,0.991937998307425,0.915065751481564,0.8463244747028078,0.513651953142399,0.00013175580106351836,FairBN
241,0.84,0.8389046941678521,0.823529411764706,0.9210526315789473,0.9479755912876933,0.9248612140778039,0.8411447663018017,0.5249209389336777,0.005615928768341952,LabelBN
242,0.87,0.8692211948790897,0.860215053763441,0.9276315789473685,0.9940759877065609,0.8391479464912985,0.8073236615873453,0.5023384259053049,7.130196601201882e-05,NBSens
243,0.86,0.8586415362731152,0.8421052631578948,0.9605263157894737,0.9833414992650662,0.9244498385676299,0.8835695780620482,0.521647142666251,0.0005802944630401673,NB
244,0.49333333333333335,0.5,0.6607142857142857,0.0,1.0,1.0,1.0,0.5251213754398468,0.0,FRFC05
245,1.0,1.0,1.0,1.0,0.9526079016524877,0.890769372237917,0.8563753827306213,0.5236960491737562,0.00449426694952898,Dataset
246,0.8466666666666667,0.8485144991994307,0.8535031847133758,0.7792207792207793,0.9615931721194879,0.9026946945119363,0.8533926412126174,0.5128467283072546,0.0029851741450014624,FairBN
247,0.85,0.8515833481586906,0.855305466237942,0.7922077922077922,0.9679943100995733,0.8949760841374191,0.8562179024375889,0.5190256045519204,0.0020655413123306203,LabelBN
248,0.8833333333333333,0.8852962106386764,0.8888888888888887,0.8116883116883117,0.9416785206258891,0.9297516089867228,0.8725364903767383,0.5110686344238976,0.006886306835322251,NBSens
249,0.8766666666666667,0.8786247998576766,0.8825396825396825,0.8051948051948052,0.9550142247510669,0.9192935355104271,0.8753822575896127,0.5039340327169275,0.004099968422817721,NB
250,0.4866666666666667,0.5,0.6547085201793722,0.0,1.0,1.0,1.0,0.5110241820768137,0.0,FRFC05
251,1.0,1.0,1.0,1.0,0.972972972972973,0.9205330342673641,0.8635640334476398,0.5135135135135135,0.0014630588346944383,Dataset
252,0.8633333333333333,0.86440489432703,0.8628762541806021,0.896551724137931,0.9535979376861193,0.9312006722481709,0.8680729600321544,0.5257122538779502,0.004310903674457307,FairBN
253,0.8533333333333334,0.8545050055617353,0.8523489932885905,0.8896551724137931,0.9336414951775633,0.7358194996249744,0.6756282332597146,0.5380239121738744,0.008820705861554819,LabelBN
254,0.83,0.8301446051167964,0.8338762214983714,0.8344827586206897,0.9399084403751278,0.8529685764920486,0.8154327972824342,0.5418018578603493,0.007236067503698519,NBSens
255,0.8333333333333334,0.8333704115684093,0.8376623376623378,0.8344827586206897,0.9465309569314192,0.9285032187622364,0.8872217634169679,0.5309791546290946,0.0057298863215355655,NB
256,0.66,0.6491657397107897,0.7475247524752476,0.32413793103448274,0.9643984177074537,0.8581077574110592,0.8538109531155532,0.5382239210631583,0.004377377591918037,FRFC05
257,1.0,1.0,1.0,1.0,0.9331081381394729,0.8969509442889819,0.8345719471524145,0.5334459309302635,0.008986325573149934,Dataset
258,0.93,0.9284760845383759,0.924187725631769,0.9741935483870968,0.9125294457531445,0.8618750357221195,0.7926090527620379,0.521623183252589,0.01568262803611435,FairBN
259,0.93,0.9284760845383759,0.924187725631769,0.9741935483870968,0.9125294457531445,0.8618750357221195,0.7926090527620379,0.5181563625050002,0.01568262803611435,LabelBN
260,0.92,0.9187986651835373,0.9142857142857144,0.9548387096774194,0.905995822036535,0.8457158489683037,0.7800193515386816,0.5459353749055513,0.018024986419834577,NBSens
261,0.92,0.9187986651835373,0.9142857142857144,0.9548387096774194,0.9326636739410641,0.8486809606021493,0.7891858459252505,0.5283123694386417,0.009217358682001603,NB
262,0.48333333333333334,0.5,0.6516853932584269,0.0,1.0,1.0,1.0,0.5096448731054714,0.0,FRFC05
263,1.0,1.0,1.0,1.0,0.9331081381394729,0.8607019993430742,0.7851398971469368,0.5334459309302635,0.008986325573149934,Dataset
264,0.9133333333333333,0.9122383252818036,0.9202453987730062,0.8985507246376812,0.9889537214377979,0.7498855971069913,0.7308801773652494,0.508529686873636,0.00024639121248900414,FairBN
265,0.9133333333333333,0.9122383252818036,0.9202453987730062,0.8985507246376812,0.9889537214377979,0.7498855971069913,0.7308801773652494,0.5095541401273885,0.00024639121248900414,LabelBN
266,0.9133333333333333,0.9138486312399356,0.91875,0.9202898550724637,0.9774620284174425,0.7395118917914236,0.7235481778937419,0.5171929980847179,0.0010199448228856885,NBSens
267,0.9133333333333333,0.9143853998926463,0.9182389937106918,0.927536231884058,0.9914480424034564,0.730300776334481,0.7161318440296177,0.5056790343414547,0.00014654848104798598,NB
268,0.91,0.9086151368760065,0.9174311926605504,0.8913043478260869,0.9819607144447908,0.7554643499823257,0.7230068587472953,0.5066144047035767,0.0006583989457558011,FRFC05
269,1.0,1.0,1.0,1.0,0.9970602645761881,0.7566731243710937,0.7404330044937952,0.5014698677119059,1.7392347058517096e-05,Dataset
270,0.8233333333333334,0.8223698831059159,0.7921568627450981,0.9668874172185431,0.9827524893314367,0.916403685210054,0.8924239744971978,0.5081570056899004,0.0006487526367868965,FairBN
271,0.8233333333333334,0.8223698831059159,0.7921568627450981,0.9668874172185431,0.9827524893314367,0.916403685210054,0.8924239744971978,0.5082681365576103,0.0006487526367868965,LabelBN
272,0.7733333333333333,0.7720343126361172,0.7166666666666667,0.9668874172185431,0.97475106685633,0.9200829325086732,0.9179333597185503,0.5016891891891891,0.0014976650718889484,NBSens
273,0.7866666666666666,0.7854126850082226,0.7355371900826446,0.9735099337748344,0.9615931721194879,0.9071682902650393,0.8989995644266456,0.5066900782361309,0.0034135654139476612,NB
274,0.49666666666666665,0.5,0.6636971046770601,0.0,1.0,1.0,1.0,0.511979907539118,0.0,FRFC05
275,1.0,1.0,1.0,1.0,0.9799075391180655,0.8300017491898692,0.8000104551620872,0.5100462304409672,0.0008074864652175794,Dataset
276,0.8766666666666667,0.8778844871281846,0.8817891373801917,0.8169934640522876,0.9092539454806313,0.9452600259707228,0.8455139194027992,0.5564696915351507,0.016859198042400297,FairBN
277,0.88,0.8811524609843937,0.8846153846153846,0.8235294117647058,0.9166068866571019,0.9523836259077816,0.8517029219165773,0.5536226685796269,0.014193080263477598,LabelBN
278,0.8866666666666667,0.8876884086968121,0.8903225806451612,0.8366013071895425,0.9044117647058824,0.9088235658898505,0.8435456367418337,0.5550125538020086,0.01861653522365188,NBSens
279,0.8766666666666667,0.8777511004401761,0.8810289389067524,0.8235294117647058,0.9105093256814921,0.9496672899046669,0.8481938326292384,0.5538244261119082,0.01633043433833288,NB
280,0.49333333333333335,0.5032679738562091,0.6591928251121076,0.006535947712418301,0.9939024390243902,0.9794871794871794,0.97,0.5430191893830704,,FRFC05
281,1.0,1.0,1.0,1.0,0.9010043041606888,0.9078619021723258,0.8594389695985155,0.5494978479196557,0.019652930191476764,Dataset
282,0.8666666666666667,0.8660829370194231,0.8529411764705882,0.9536423841059603,0.9867286295187452,0.9008995415375544,0.6509073532977585,0.5222530050493766,0.0003636082133506961,FairBN
283,0.86,0.8593715276234499,0.8444444444444444,0.9536423841059603,0.9857455650386523,0.8971168947054227,0.652516339501821,0.5167567809106752,0.00042155836258713636,LabelBN
284,0.8166666666666667,0.8159695986488289,0.7940074906367042,0.9205298013245033,0.9554046204030564,0.8621870855371756,0.6291316179994291,0.5266991375843425,0.004191796365541137,NBSens
285,0.8333333333333334,0.8327036757189208,0.8148148148148148,0.9271523178807947,0.9874435855042674,0.9154146484162332,0.6492266222631377,0.5147906519504893,0.0003280185693066741,NB
286,0.68,0.6818525267789679,0.7486910994764396,0.40397350993377484,0.9737700522811564,0.9037139720657621,0.8005388735614569,0.5164886724161044,0.0020064392446270847,FRFC05
287,1.0,1.0,1.0,1.0,0.9726976183028733,0.902125200832988,0.6104706504810578,0.5136511908485633,0.0014910874222619115,Dataset
288,0.8366666666666667,0.839469120981726,0.85459940652819,0.6993464052287581,0.9621802002224694,0.6997474087604522,0.5316372013435863,0.5366184649610679,0.0031017122976883665,FairBN
289,0.8266666666666667,0.8293984260370815,0.8452380952380951,0.6928104575163399,0.9552836484983315,0.5659247867738633,0.4765749728996983,0.5367519466073416,0.004324931770789846,LabelBN
290,0.8033333333333333,0.8062558356676004,0.8259587020648967,0.6601307189542484,0.9626251390433815,0.6863697146453993,0.6324616574210247,0.5298776418242491,0.003054043992180268,NBSens
291,0.7933333333333333,0.7961851407229559,0.8165680473372781,0.6535947712418301,0.9957730812013349,0.7055209273643566,0.653723913120627,0.5289432703003336,3.864819128598495e-05,NB
292,0.5466666666666666,0.5555555555555556,0.6837209302325581,0.1111111111111111,0.9837597330367074,0.9177974166728007,0.9169491207934488,0.5354171301446051,0.0023812192578713514,FRFC05
293,1.0,1.0,1.0,1.0,0.9459399332591769,0.8413129852732176,0.6650037014784106,0.5270300333704115,0.005848868305572789,Dataset
294,0.8233333333333334,0.8233333333333334,0.8086642599277978,0.9,0.9943639291465378,0.9530813553210007,0.8916160298254812,0.5147387725890141,6.510874018960354e-05,FairBN
295,0.8366666666666667,0.8366666666666667,0.8218181818181819,0.92,0.9664519592055825,0.872538285905924,0.7725551096332453,0.5249821077115763,0.002327455779183918,LabelBN
296,0.8366666666666667,0.8366666666666667,0.8205128205128205,0.9266666666666666,0.9809447128287708,0.8677245620244781,0.7934004170076526,0.5308865628913939,0.0007484499813685819,NBSens
297,0.8433333333333334,0.8433333333333333,0.8278388278388279,0.9333333333333333,0.9943639291465378,0.8271375951792829,0.7629073263858657,0.5158794059760243,6.560195582013591e-05,NB
298,0.5433333333333333,0.5433333333333333,0.6864988558352403,0.08666666666666667,0.9997316156736447,0.9577950619079092,0.9402060843431983,0.5219851494006084,8.67704984594455e-07,FRFC05
299,1.0,1.0,1.0,1.0,0.9865807836822329,0.8423660345094193,0.6939965102837116,0.5067096081588836,0.0003601762284613612,Dataset
300,0.91,0.9111234705228031,0.9102990033222592,0.8774193548387097,0.9941309857276244,0.7269333588273313,0.6508753591609833,0.5114490240540661,6.899042434382018e-05,FairBN
301,0.91,0.9111234705228031,0.9102990033222592,0.8774193548387097,0.9941309857276244,0.7269333588273313,0.6508753591609833,0.5116268729714109,6.899042434382018e-05,LabelBN
302,0.9,0.9018909899888765,0.9025974025974026,0.8451612903225807,0.9715886354541817,0.7650471978768872,0.6796525576228589,0.5043795295896136,0.001629957129654823,NBSens
303,0.9066666666666666,0.9083426028921023,0.9084967320261438,0.8580645161290322,0.9881285847672403,0.7453284189311207,0.6671063411005331,0.5133164376861856,0.0002832239060948042,NB
304,0.5666666666666667,0.5806451612903226,0.6904761904761904,0.16129032258064516,0.9966653327997865,0.9263482536731265,0.9072159788623286,0.5009114757013917,7.326266524493395e-05,FRFC05
305,1.0,1.0,1.0,1.0,0.987328264639189,0.8281685653554286,0.6368952140589637,0.5063358676804055,0.0003214249069951082,Dataset
306,0.8633333333333333,0.8655172413793104,0.8681672025723473,0.8,0.9961685823754789,0.8651345559457342,0.7448719962308219,0.5109012953840539,2.9693273033618624e-05,FairBN
307,0.8433333333333334,0.8446051167964405,0.844884488448845,0.8064516129032258,0.9813902572523263,0.845007310943581,0.7601000762035588,0.5291233351578178,0.000694922166289226,LabelBN
308,0.8433333333333334,0.8421579532814238,0.8327402135231317,0.8774193548387097,0.9742747673782157,0.8735338804007694,0.7930342418324818,0.5108784893267652,0.0013365608387507742,NBSens
309,0.8066666666666666,0.8046718576195773,0.7883211678832117,0.864516129032258,0.9975369458128078,0.8465080219020867,0.8115731176484315,0.5240603904397008,1.23743501586524e-05,NB
310,0.48333333333333334,0.5,0.6516853932584269,0.0,1.0,1.0,1.0,0.5254515599343186,0.0,FRFC05
311,1.0,1.0,1.0,1.0,0.9028461959496443,0.8546250190425806,0.7625339368347933,0.5485769020251778,0.018965559917184807,Dataset
312,0.8933333333333333,0.8925142247510669,0.8848920863309352,0.9539473684210527,0.9652777777777778,0.8809403336940159,0.7991461079146367,0.5095931267806267,0.0024627030211998927,FairBN
313,0.8933333333333333,0.8925142247510669,0.8848920863309352,0.9539473684210527,0.9652777777777778,0.8809403336940159,0.7991461079146367,0.5112624643874644,0.0024627030211998927,LabelBN
314,0.91,0.9101173541963016,0.9096989966555183,0.9013157894736842,0.9663461538461537,0.8424027352617287,0.7693409222469505,0.50914797008547,0.0022657564128526556,NBSens
315,0.9066666666666666,0.9068278805120911,0.9066666666666667,0.8947368421052632,0.9594017094017093,0.8438801015712742,0.7697499667990076,0.518184650997151,0.0032976576329206003,NB
316,0.49333333333333335,0.5,0.6607142857142857,0.0,1.0,1.0,1.0,0.5359018874643874,0.0,FRFC05
317,1.0,1.0,1.0,1.0,0.9727564102564104,0.856215609467518,0.7850924249906103,0.5136217948717948,0.001484713737310149,Dataset
318,0.88,0.8812970469021424,0.8783783783783784,0.8535031847133758,0.9938623020814802,0.550555915233472,0.5451301768084447,0.5069382672122398,7.537939769408381e-05,FairBN
319,0.8733333333333333,0.8743040399091355,0.8707482993197279,0.8535031847133758,0.9931506849315068,0.7315155716166226,0.5089447711616328,0.5028019925280199,9.382916848931031e-05,LabelBN
320,0.8533333333333334,0.8564429201371877,0.8571428571428571,0.7898089171974523,0.9773172033446006,0.5639610067215738,0.5561676665061288,0.5297544920832592,0.0010381289294196724,NBSens
321,0.85,0.8529464166406842,0.8534201954397395,0.7898089171974523,0.9574808752890944,0.5655692459842756,0.5586325050944125,0.5008005692937201,0.003640731250656698,NB
322,0.48333333333333334,0.5063694267515924,0.6485260770975056,0.012738853503184714,0.9996441914250133,0.9804160518186459,0.9660985060098255,0.5254625511474826,9.638575704652372e-06,FRFC05
323,1.0,1.0,1.0,1.0,0.9920832592065469,0.5486653396695167,0.5405289029233222,0.5039583703967265,0.00012559713658014983,Dataset
324,0.8033333333333333,0.8033333333333333,0.8102893890675241,0.7666666666666667,0.9760206810483152,0.7411534409531114,0.6764717344236819,0.535857550365484,0.0011552933295698592,FairBN
325,0.7966666666666666,0.7966666666666666,0.8051118210862621,0.7533333333333333,0.9979497236584062,0.854141141754906,0.7989280909570473,0.5294615796042075,8.471752370739407e-06,LabelBN
326,0.76,0.76,0.7707006369426751,0.7133333333333334,0.9916206097343555,0.7945856164737286,0.7522014875566263,0.5268095917275807,0.00014172811487241088,NBSens
327,0.7633333333333333,0.7633333333333333,0.77602523659306,0.7066666666666667,0.9872526297022642,0.7682401456340578,0.7409637853990811,0.5157782135853094,0.0003289668185085387,NB
328,0.5466666666666666,0.5466666666666666,0.6880733944954128,0.09333333333333334,0.9782492422891781,0.9324943861611843,0.9163204932682815,0.5340524157603852,0.005062409224400485,FRFC05
329,1.0,1.0,1.0,1.0,0.9465145302192904,0.8215983662223147,0.8079311708945545,0.5267427348903548,0.005726318924457206,Dataset
330,0.8666666666666667,0.8642395982783357,0.8507462686567164,0.8902439024390244,0.9454812703220347,0.8524796108607424,0.7931963722628765,0.5222039107389426,0.006007959083400946,FairBN
331,0.8733333333333333,0.8703371592539455,0.8571428571428571,0.9024390243902439,0.93274241681885,0.8521267846386198,0.7936319817693624,0.5444746336466082,0.009163336296955517,LabelBN
332,0.8766666666666667,0.87275824964132,0.8593155893536123,0.9146341463414634,0.8869092690748741,0.8584433609619556,0.7804406368275123,0.5555431829317181,0.025974227976330783,NBSens
333,0.8733333333333333,0.8690817790530847,0.8549618320610687,0.9146341463414634,0.8939022760678812,0.8785935785343637,0.8041587465223277,0.5405104449690438,0.022903217489355948,NB
334,0.4533333333333333,0.5,0.6238532110091742,0.0,1.0,1.0,1.0,0.554273751725981,0.0,FRFC05
335,1.0,1.0,1.0,1.0,0.9843214110730034,0.8394160134608427,0.7972103587471248,0.5078392944634983,0.0004954467159535691,Dataset
336,0.77,0.7643534809139905,0.8011527377521614,0.6433566433566433,0.9417751900084448,0.7078802791526551,0.7417794040613657,0.5299346637628339,0.007227722081074993,FairBN
337,0.7733333333333333,0.767849984410494,0.8034682080924855,0.6503496503496503,0.9350637806124716,0.7026609090308549,0.7263987858759287,0.5378461264945108,0.008950682516022518,LabelBN
338,0.7833333333333333,0.7780277047792972,0.8115942028985508,0.6643356643356644,0.9016845193119695,0.6808069796509817,0.6753059601057618,0.5639361749411086,0.020371076755524548,NBSens
339,0.7866666666666666,0.7812124181550933,0.815028901734104,0.6643356643356644,0.9217298546602072,0.7044805031951016,0.7100719921415328,0.5559358193697498,0.012981773775634683,NB
340,0.6633333333333333,0.6521535789051713,0.7349081364829396,0.4125874125874126,0.9767100760033779,0.7936068699328684,0.7756259192258476,0.5141561847193208,0.0014494167789609047,FRFC05
341,1.0,1.0,1.0,1.0,0.9336414951775636,0.610970239852418,0.6644230077529336,0.5331792524112182,0.008820705861554819,Dataset
342,0.8533333333333334,0.8542825361512791,0.8533333333333334,0.8827586206896552,0.9886257192559882,0.7832391723390026,0.7746528251960243,0.5065123332887282,0.00025897168721033224,FairBN
343,0.8366666666666667,0.8377085650723025,0.8361204013377926,0.8689655172413793,0.9421918908069049,0.8362062304137089,0.797876297849983,0.5379365716579687,0.006690533585529346,LabelBN
344,0.81,0.8107897664071191,0.8106312292358804,0.8344827586206897,0.9949150274320888,0.8580884467952856,0.8258067558276172,0.5003568401802043,5.174567426956614e-05,NBSens
345,0.8266666666666667,0.8266963292547275,0.8311688311688311,0.8275862068965517,0.9854141576341496,0.8178394344218025,0.8046263549058565,0.5173513537624337,0.0004257958184494502,NB
346,0.5166666666666667,0.5,0.6813186813186815,0.0,1.0,1.0,1.0,0.5188902270395647,0.0,FRFC05
347,1.0,1.0,1.0,1.0,0.9886257192559882,0.7945350122305536,0.7795638907494097,0.5056871403720059,0.00025897168721033224,Dataset
348,0.8366666666666667,0.8381045519203414,0.8191881918819188,0.9459459459459459,0.9080403573492155,0.8986404166159007,0.842035717955159,0.5431352504555759,0.017489008445179616,FairBN
349,0.8366666666666667,0.8381045519203414,0.8191881918819188,0.9459459459459459,0.9080403573492155,0.9214779561462573,0.8630328484918441,0.5563358371483177,0.017489008445179616,LabelBN
350,0.8066666666666666,0.8084992887624467,0.7786259541984732,0.9459459459459459,0.9551091159607094,0.8743197446147716,0.8556760255887684,0.5574025512244989,0.004304951487996159,NBSens
351,0.83,0.8316145092460883,0.8089887640449438,0.9527027027027027,0.9082181430285791,0.8280878419898386,0.7962858806362352,0.5769367527445664,0.01760662123235511,NB
352,0.6866666666666666,0.6839438122332859,0.7417582417582418,0.4797297297297297,0.9505755811369394,0.9482241017600607,0.8678786754220669,0.5726921196497622,0.006002155515703746,FRFC05
353,1.0,1.0,1.0,1.0,0.9932441441841859,0.8593691299291678,0.850155994762405,0.503377927907907,9.13064093025634e-05,Dataset
354,0.82,0.8229958650126717,0.8411764705882353,0.673202614379085,0.8883547008547009,0.46709652855590955,0.4568391620363753,0.543647613960114,0.028067365850481862,FairBN
355,0.8233333333333334,0.8262638388688809,0.8436578171091446,0.6797385620915033,0.8952991452991453,0.46879422798312,0.45915384454096997,0.535835113960114,0.024503912466576253,LabelBN
356,0.8166666666666667,0.8197278911564625,0.8387096774193548,0.6666666666666666,0.8814102564102564,0.4772459401648206,0.46331796844564477,0.5680199430199431,0.03191057457801602,NBSens
357,0.81,0.8127917833800187,0.8308605341246291,0.673202614379085,0.922542735042735,0.48463254985055193,0.47397057676659515,0.5488782051282052,0.013174091796790882,NB
358,0.5666666666666667,0.5751633986928104,0.6933962264150944,0.1503267973856209,0.9594017094017094,0.9082736195786109,0.879325263014834,0.5171830484330484,0.013033802235912391,FRFC05
359,1.0,1.0,1.0,1.0,0.9139957264957266,0.6045480621094983,0.575601287205976,0.5430021367521368,0.014820046325667732,Dataset
360,0.8866666666666667,0.8870600829653419,0.89171974522293,0.8936170212765957,0.9491997842114728,0.8343349379502023,0.6127386749795029,0.520297608343823,0.005166758097213481,FairBN
361,0.8833333333333333,0.8839154288772916,0.8881789137380192,0.8936170212765957,0.9431756878259305,0.8403820892225459,0.6135488394174256,0.5236917820535875,0.006463883789267648,LabelBN
362,0.84,0.8398233641107988,0.8481012658227849,0.8368794326241135,0.9882215428879698,0.7236470042359314,0.6377878305080522,0.5216687646106816,0.0002780108992614279,NBSens
363,0.8466666666666667,0.8465141174896293,0.8544303797468354,0.8439716312056738,0.9882215428879698,0.6950169288589216,0.6201553380688942,0.5158244919978421,0.0002780108992614279,NB
364,0.56,0.5323163388197512,0.7053571428571429,0.07092198581560284,0.9988311454774321,0.9208672062519502,0.8960758622424692,0.5012138104657436,1.940790952925718e-05,FRFC05
365,1.0,1.0,1.0,1.0,0.9867829527063477,0.7897411714526489,0.7289524128718814,0.5066085236468262,0.00035053352403714017,Dataset
366,0.8866666666666667,0.8848824786324787,0.8768115942028986,0.9294871794871795,0.9780982905982906,0.8597553140403844,0.8194345445435945,0.5003561253561254,0.0009750647489481269,FairBN
367,0.8866666666666667,0.8848824786324787,0.8768115942028986,0.9294871794871795,0.9780982905982906,0.8597553140403844,0.8194345445435945,0.5065883190883191,0.0009750647489481269,LabelBN
368,0.86,0.8581730769230769,0.8478260869565218,0.9038461538461539,0.9914529914529915,0.8438176335279838,0.8211388852975372,0.5174946581196582,0.00014833141938488427,NBSens
369,0.86,0.8581730769230769,0.8478260869565218,0.9038461538461539,0.9914529914529915,0.8438176335279838,0.8211388852975372,0.5095708689458689,0.00014833141938488427,NB
370,0.48,0.5,0.6486486486486487,0.0,1.0,1.0,1.0,0.5106615028490029,0.0,FRFC05
371,1.0,1.0,1.0,1.0,0.9716880341880342,0.8852680929189335,0.8477852460656465,0.5141559829059829,0.001605034602501023,Dataset
372,0.8766666666666667,0.8759779516358464,0.8683274021352313,0.9276315789473685,0.942825361512792,0.639978085144441,0.700854831968182,0.5316129032258065,0.00666321521153436,FairBN
373,0.8766666666666667,0.8759779516358464,0.8683274021352313,0.9276315789473685,0.942825361512792,0.639978085144441,0.700854831968182,0.5228921023359288,0.00666321521153436,LabelBN
374,0.8533333333333334,0.8530405405405406,0.8482758620689653,0.875,0.9648498331479423,0.5958687926988904,0.6611661251927375,0.5076307007786429,0.0024826478739265537,NBSens
375,0.8533333333333334,0.852773826458037,0.8450704225352113,0.8947368421052632,0.9768631813125694,0.6306919285874704,0.6981572487913863,0.5159288097886541,0.0010819750275525043,NB
376,0.5933333333333334,0.5985953058321479,0.7067307692307693,0.20394736842105263,0.9795328142380423,0.9088583984182836,0.90451860155497,0.5093882091212458,0.00213607758033494,FRFC05
377,1.0,1.0,1.0,1.0,0.992880978865406,0.602499296635699,0.6743345687234332,0.503559510567297,0.00010138783949088879,Dataset
378,0.7533333333333333,0.7352875463604271,0.8102564102564104,0.4892086330935252,0.9431530290235122,0.8048988420072425,0.7771358541867333,0.5243788612827236,0.008733277135240448,FairBN
379,0.7566666666666667,0.7388846686625854,0.8123393316195373,0.49640287769784175,0.9365305124672207,0.8737592779156542,0.8176583496554075,0.555091337392773,0.01076287177315189,LabelBN
380,0.78,0.7665221859779258,0.8225806451612905,0.5827338129496403,0.9572869905329127,0.7268616093662674,0.7058734232883741,0.508422596559847,0.004317793206835216,NBSens
381,0.8,0.7871218553107824,0.8378378378378378,0.6115107913669064,0.9307080314680652,0.7489326532208136,0.7362757153836951,0.5125783368149696,0.01115582446583515,NB
382,0.55,0.5143884892086331,0.7045951859956238,0.02877697841726619,0.9998222143206364,0.9800872858398756,0.9773401223228642,0.524956664740655,1.203906322531776e-06,FRFC05
383,1.0,1.0,1.0,1.0,0.9728432374772212,0.7522681180973364,0.6811412846688818,0.5135783812613893,0.001481382537196832,Dataset
384,0.8566666666666667,0.856549179963554,0.8599348534201954,0.8389261744966443,0.993599715542913,0.6140284943907406,0.688007081029752,0.5081336948308813,8.207343841152518e-05,FairBN
385,0.8533333333333334,0.8531934752655674,0.8571428571428572,0.8322147651006712,0.9869771989866216,0.5771809536980683,0.6605602881207842,0.5036223832170319,0.00034008144010970985,LabelBN
386,0.7933333333333333,0.7931019156406951,0.8012820512820513,0.7583892617449665,0.9471532068091916,0.6225113329630921,0.6876966104018682,0.5168229699097738,0.0056354194896034646,NBSens
387,0.8066666666666666,0.8065691808524823,0.8104575163398694,0.7919463087248322,0.9868883061469399,0.6140203114497738,0.6893272419600638,0.5002222320992044,0.0003443334864319733,NB
388,0.5666666666666667,0.5638472821014268,0.6962616822429907,0.14093959731543623,0.9923107693675275,0.9179033465795061,0.9044173126847264,0.5054891328503489,0.00042421184163957907,FRFC05
389,1.0,1.0,1.0,1.0,0.9466198497711009,0.5895085860561129,0.661729867379728,0.5266900751144495,0.005703156462686321,Dataset
390,0.8833333333333333,0.8831788197539668,0.8888888888888888,0.8802816901408451,0.8952830608881565,0.8058478600303043,0.739760874255176,0.5660995055899514,0.022116226662629454,FairBN
391,0.8966666666666666,0.8979764663932965,0.8990228013029316,0.9225352112676056,0.9061511736670973,0.7719195191038748,0.7030887626022104,0.5453877332858225,0.017657076223121473,LabelBN
392,0.88,0.8803708325904795,0.8846153846153846,0.8873239436619719,0.9143913411429335,0.6996566520176328,0.6623302264921278,0.5534497349783973,0.014720454916005682,NBSens
393,0.8833333333333333,0.8835353895525049,0.8881789137380192,0.8873239436619719,0.9080219143913412,0.6955989158099926,0.6578048135498844,0.5581711282348225,0.017012912441717834,NB
394,0.63,0.6091549295774648,0.7400468384074942,0.21830985915492956,0.9970157231303728,0.9518391605046503,0.8873392534925355,0.5653645717339985,4.823799918315854e-05,FRFC05
395,1.0,1.0,1.0,1.0,0.9423633691149615,0.7899946900116026,0.680172090154376,0.5288183154425193,0.006681580592317521,Dataset
396,0.8566666666666667,0.8528311965811965,0.8731563421828908,0.7569444444444444,0.9725609756097561,0.8502619317080969,0.8126682043092726,0.5223054160688665,0.0015779872371993083,FairBN
397,0.8566666666666667,0.8528311965811965,0.8731563421828908,0.7569444444444444,0.9725609756097561,0.8502619317080969,0.8126682043092726,0.5209379483500718,0.0015779872371993083,LabelBN
398,0.8366666666666667,0.8311965811965811,0.8603988603988604,0.6944444444444444,0.9919296987087518,0.8500299348379529,0.8267736207492902,0.5164768651362984,0.00014296352106926528,NBSens
399,0.8466666666666667,0.8416132478632479,0.867816091954023,0.7152777777777778,0.9870875179340028,0.8572487519199701,0.8305707592780188,0.5245471664275466,0.0003611750775530838,NB
400,0.52,0.5,0.6842105263157895,0.0,1.0,1.0,1.0,0.5095274390243902,0.0,FRFC05
401,1.0,1.0,1.0,1.0,0.9693328550932568,0.9164853151071943,0.8621983826881866,0.5153335724533715,0.0018833498306744453,Dataset
402,0.93,0.9244498121309715,0.9182879377431906,0.9938271604938271,0.9855008005692938,0.9269878427436696,0.8505185641948931,0.5148327699697564,0.00043826266374861166,FairBN
403,0.9266666666666666,0.9208266237251744,0.9140625,0.9938271604938271,0.992350115637787,0.9384838153560796,0.8691894493479756,0.5418519836328055,0.00012247431399203205,LabelBN
404,0.9166666666666666,0.9099570585077832,0.901185770750988,0.9938271604938271,0.986212417719267,0.9265728016157923,0.849128955623792,0.5104963529621063,0.00040113594350774974,NBSens
405,0.9166666666666666,0.9099570585077832,0.901185770750988,0.9938271604938271,0.986212417719267,0.9265728016157923,0.849128955623792,0.5210816580679594,0.00040113594350774974,NB
406,0.46,0.5,0.6301369863013699,0.0,1.0,1.0,1.0,0.5071384095356698,0.0,FRFC05
407,1.0,1.0,1.0,1.0,0.9754492083259206,0.9332860682757823,0.8755960434890109,0.5122753958370396,0.0012117851655759453,Dataset
408,0.8633333333333333,0.8659621802002224,0.8698412698412699,0.7870967741935484,0.9461048505634493,0.8930326699882274,0.8135154477573332,0.5231615518239722,0.005888394823624549,FairBN
409,0.8633333333333333,0.8659621802002224,0.8698412698412699,0.7870967741935484,0.9461048505634493,0.8930326699882274,0.8135154477573332,0.5243864415838939,0.005888394823624549,LabelBN
410,0.86,0.8636262513904338,0.8703703703703703,0.7548387096774194,0.9689546122667142,0.9180274690426544,0.8103850595537453,0.5030065475925349,0.0019938277871579153,NBSens
411,0.86,0.8636262513904338,0.8703703703703703,0.7548387096774194,0.9689546122667142,0.9021250310255164,0.8063351256139922,0.5062135316912387,0.0019938277871579153,NB
412,0.48333333333333334,0.5,0.6516853932584269,0.0,1.0,1.0,1.0,0.5068148412097457,0.0,FRFC05
413,1.0,1.0,1.0,1.0,0.9583537481626654,0.8474136207566413,0.8190069464762131,0.5208231259186673,0.0034785784275730564,Dataset
414,0.85,0.8450892857142858,0.8672566371681416,0.7714285714285715,0.9455292908530318,0.8805483572457906,0.7660043573076869,0.5098306448009294,0.00622816694984623,FairBN
415,0.85,0.8450892857142858,0.8672566371681416,0.7714285714285715,0.9455292908530318,0.8805483572457906,0.7660043573076869,0.5158407435542249,0.00622816694984623,LabelBN
416,0.7366666666666667,0.7299107142857143,0.7710144927536232,0.6285714285714286,0.9559855221412932,0.8895838820941209,0.7472959234340624,0.5319272532284731,0.004137966140103151,NBSens
417,0.7433333333333333,0.7352678571428571,0.7806267806267806,0.6142857142857143,0.9798471781580946,0.9622956968187257,0.7545791457181762,0.5056079360114393,0.0008823094151658856,NB
418,0.6233333333333333,0.5964285714285714,0.7390300230946882,0.19285714285714287,0.9800259171544752,0.93672342229074,0.8074034683210917,0.514857679074132,0.0023464610552353833,FRFC05
419,1.0,1.0,1.0,1.0,0.9982126100361947,0.8822636860299339,0.8714876437530736,0.5008936949819027,6.4174337664276056e-06,Dataset
420,0.8233333333333334,0.8176863181312569,0.7800829875518672,0.9870967741935484,0.9188034188034189,0.8961359249548903,0.8339413936441504,0.5205884971509972,0.01490426811168033,FairBN
421,0.8266666666666667,0.8209121245828699,0.7833333333333332,0.9935483870967742,0.9252136752136753,0.8949050558858584,0.8393706640762129,0.5195868945868944,0.012723058468469647,LabelBN
422,0.7866666666666666,0.7813125695216907,0.7377049180327868,0.9419354838709677,0.9935897435897436,0.8755954419714007,0.8564352938954605,0.5191639957264956,9.306127493331588e-05,NBSens
423,0.76,0.753726362625139,0.6949152542372882,0.9419354838709677,0.9642094017094016,0.9146597674233349,0.877095283195977,0.5059428418803419,0.0030036146626488194,NB
424,0.48333333333333334,0.5,0.6516853932584269,0.0,1.0,1.0,1.0,0.5249287749287749,0.0,FRFC05
425,1.0,1.0,1.0,1.0,0.9786324786324786,0.8969197414287174,0.8832534040328895,0.5106837606837606,0.0009139044804273092,Dataset
426,0.8166666666666667,0.8177030090226233,0.8405797101449275,0.6622516556291391,0.9861277844471122,0.9116397405384615,0.8819251368470568,0.5018896447467877,0.0004261210227586281,FairBN
427,0.82,0.821014267300769,0.8430232558139534,0.6688741721854304,0.9793250633586769,0.8748393851081661,0.8311847268280299,0.5260326352763328,0.0009436698772964207,LabelBN
428,0.8566666666666667,0.8574825547802125,0.8716417910447762,0.7350993377483444,0.9314392423636121,0.8089250694899914,0.7880183001821104,0.5095371481926103,0.010105541897497558,NBSens
429,0.8633333333333333,0.8639717320769812,0.8746177370030581,0.7682119205298014,0.9837268240629585,0.8996307901204929,0.8662731628727259,0.5112934062513894,0.0005498914271971633,NB
430,0.5233333333333333,0.5264900662251656,0.6757369614512472,0.052980132450331126,0.9877284247032146,0.9760524099465138,0.9454835804046638,0.5017784891734471,0.002740510434199525,FRFC05
431,1.0,1.0,1.0,1.0,0.9998666133119914,0.757397105346045,0.7535084343420869,0.5000666933440042,3.558557898746266e-08,Dataset
432,0.8033333333333333,0.8029265255292652,0.7958477508650519,0.8181818181818182,0.9901785714285714,0.718208787635493,0.6879085958394489,0.5421875,0.00019330013567443044,FairBN
433,0.8,0.7995018679950188,0.7916666666666666,0.8181818181818182,0.9964285714285714,0.7325900292079883,0.5779182521799331,0.5408482142857143,2.5580464162575436e-05,LabelBN
434,0.7766666666666666,0.7771304038427326,0.7759197324414715,0.7597402597402597,0.9946428571428572,0.7162807824753531,0.688610186119196,0.5494196428571428,5.742469452626672e-05,NBSens
435,0.7733333333333333,0.7735278420209928,0.7702702702702703,0.7662337662337663,0.9732142857142858,0.7102918253559609,0.683561833256267,0.5240401785714286,0.001435251092461405,NB
436,0.6866666666666666,0.6907133961928482,0.723529411764706,0.538961038961039,0.9803571428571428,0.8355407311488262,0.7959450480366863,0.5190401785714286,0.0008416375081613282,FRFC05
437,1.0,1.0,1.0,1.0,0.9348214285714285,0.8673726225844218,0.8069125508260392,0.5325892857142858,0.008521117976934327,Dataset
438,0.8733333333333333,0.8731330014224752,0.8766233766233766,0.8581081081081081,0.9461237553342816,0.8765522845636546,0.8291363930790077,0.5296497155049786,0.005812075237730939,FairBN
439,0.8666666666666667,0.8665540540540541,0.869281045751634,0.8581081081081081,0.9329658605974396,0.8756445391083002,0.8248073664749065,0.546852773826458,0.00899639694264874,LabelBN
440,0.8833333333333333,0.883357041251778,0.8844884488448845,0.8851351351351351,0.9932432432432432,0.8769696567707695,0.7308255819940491,0.5286717638691323,9.131030296432533e-05,NBSens
441,0.8866666666666667,0.8863798008534851,0.8903225806451613,0.8648648648648649,0.9859530583214794,0.8902780401551608,0.744112658675703,0.5320723684210527,0.0003955942306201783,NB
442,0.5666666666666667,0.5608997155049786,0.699074074074074,0.12837837837837837,0.9484352773826459,0.9189795583527193,0.901649749879649,0.516247332859175,0.01973332630332844,FRFC05
443,1.0,1.0,1.0,1.0,0.9731507823613086,0.9188071499327928,0.8665612942099409,0.5134246088193457,0.0014420245062127142,Dataset
444,0.8633333333333333,0.8695400249598859,0.8722741433021807,0.7531645569620253,0.9669683257918552,0.8822689211545132,0.8553781361629536,0.5016063348416291,0.0022616726137937443,FairBN
445,0.8766666666666667,0.8821982528079872,0.8832807570977919,0.7784810126582279,0.9705882352941176,0.8632554853739186,0.8448112247327041,0.517420814479638,0.001776406479619231,LabelBN
446,0.84,0.8470315564271707,0.8527607361963191,0.7151898734177216,0.9900452488687782,0.9021111573549992,0.873631843378333,0.5068778280542987,0.0002091341847829005,NBSens
447,0.83,0.8375378855410947,0.8449848024316109,0.6962025316455697,0.9995475113122172,0.9043812931115706,0.8817959873004372,0.5004977375565611,4.3604227079204437e-07,NB
448,0.5066666666666667,0.5316455696202531,0.6574074074074074,0.06329113924050633,0.995475113122172,0.9835715888979887,0.9579477937174262,0.511628959276018,0.000313909191637588,FRFC05
449,1.0,1.0,1.0,1.0,0.979185520361991,0.8915168087924343,0.8791145255374672,0.5104072398190046,0.0008686698827679237,Dataset
450,0.82,0.817923186344239,0.8457142857142858,0.6621621621621622,0.9681974076878536,0.9089111268242569,0.8122634850281384,0.5044764153044408,0.0022693739009989784,FairBN
451,0.8266666666666667,0.8245910384068279,0.8514285714285714,0.668918918918919,0.9681974076878536,0.9089111268242569,0.8122634850281384,0.512983831455169,0.0022693739009989784,LabelBN
452,0.8166666666666667,0.8146337126600285,0.8424068767908309,0.6621621621621622,0.9879292681840453,0.8768226855681294,0.8074554686364769,0.5017816578326133,0.0003239291926410339,NBSens
453,0.8166666666666667,0.8146337126600285,0.8424068767908309,0.6621621621621622,0.9879292681840453,0.8768226855681294,0.8074554686364769,0.5036301278339494,0.0003239291926410339,NB
454,0.5066666666666667,0.5,0.6725663716814159,0.0,1.0,1.0,1.0,0.541423544608258,0.0,FRFC05
455,1.0,1.0,1.0,1.0,0.9793327691416863,0.880052581585245,0.8598264947291311,0.5103336154291569,0.0008543969000454933,Dataset
456,0.8433333333333334,0.8458014588151574,0.8535825545171338,0.7532467532467533,0.988880982031667,0.8503740473057492,0.716401953369731,0.5197696139476962,0.00025404385889168414,FairBN
457,0.8433333333333334,0.8458014588151574,0.8535825545171338,0.7532467532467533,0.988880982031667,0.8503740473057492,0.716401953369731,0.5283312577833126,0.00025404385889168414,LabelBN
458,0.8433333333333334,0.8454456502401708,0.8517350157728706,0.7662337662337663,0.9895925991816403,0.8754421834866252,0.7612655215105351,0.5334682440846824,0.00022076568069735215,NBSens
459,0.8433333333333334,0.8452677459526774,0.8507936507936508,0.7727272727272727,0.9967087706813734,0.8462537464662194,0.7224202565603897,0.509984878135563,2.2023444950654367e-05,NB
460,0.49,0.5032467532467533,0.6561797752808989,0.006493506493506494,0.9935064935064936,0.9764705882352941,0.968421052631579,0.5033579434264366,,FRFC05
461,1.0,1.0,1.0,1.0,0.9726027397260274,0.8583115731552832,0.7838926400233577,0.5136986301369862,0.0015019718649277314,Dataset
462,0.8766666666666667,0.87650562247211,0.872852233676976,0.9006622516556292,0.9754273504273505,0.7440347285680734,0.7142476543302663,0.533275462962963,0.0012122381946100685,FairBN
463,0.8733333333333333,0.8731054713542824,0.8680555555555555,0.9072847682119205,0.969551282051282,0.7515979693486492,0.7170315871118422,0.5381944444444444,0.001867279979198444,LabelBN
464,0.8366666666666667,0.8361038268367483,0.8205128205128206,0.9205298013245033,0.9401709401709402,0.7089346082396242,0.6821580139050911,0.5378160612535612,0.007436741071371003,NBSens
465,0.8366666666666667,0.8359704875772257,0.8164794007490637,0.9403973509933775,0.9551282051282051,0.8044073686511535,0.7554353418160041,0.5353231837606838,0.004247124305836285,NB
466,0.5233333333333333,0.5264900662251656,0.6757369614512472,0.052980132450331126,0.9887820512820513,0.9541812897667911,0.9345092325940533,0.5140224358974359,0.00230805962575455,FRFC05
467,1.0,1.0,1.0,1.0,0.9797008547008548,0.686044726678174,0.6534499464225245,0.5101495726495726,0.0008241864978389864,Dataset
468,0.8766666666666667,0.8737486095661846,0.8895522388059702,0.7862068965517242,0.8764049975370561,0.8190998270074887,0.772961909445221,0.5564014150732166,0.03240462838070203,FairBN
469,0.88,0.8771968854282537,0.8922155688622755,0.7931034482758621,0.8825399668622095,0.822560286936,0.7767646547228176,0.5594465093367964,0.029139505104618713,LabelBN
470,0.8266666666666667,0.8215795328142381,0.8531073446327683,0.6689655172413793,0.934485692535041,0.8734832923966641,0.7865319326317506,0.5882853432448166,0.009743355713276378,NBSens
471,0.8233333333333334,0.818131256952169,0.8507042253521127,0.6620689655172414,0.9417849626080337,0.873637453846752,0.7864072420685961,0.577000582150374,0.0077201223872151725,NB
472,0.5166666666666667,0.5,0.6813186813186815,0.0,1.0,1.0,1.0,0.556311853477229,0.0,FRFC05
473,1.0,1.0,1.0,1.0,0.9088710760825758,0.7717004964127536,0.7462097935778991,0.5455644619587121,0.016692059165506867,Dataset
474,0.7966666666666666,0.8025984535155548,0.7903780068728522,0.7469879518072289,0.9342403628117913,0.88098872341857,0.8491298469345162,0.5464630296563069,0.008696496034573183,FairBN
475,0.7966666666666666,0.8025984535155548,0.7903780068728522,0.7469879518072289,0.9342403628117913,0.88098872341857,0.8491298469345162,0.5512871815392824,0.008696496034573183,LabelBN
476,0.7933333333333333,0.7995864053227837,0.7876712328767124,0.7409638554216867,0.8610110710951047,0.87693837127785,0.7989657360597633,0.5764972655728958,0.0391767532046447,NBSens
477,0.7866666666666666,0.7914044236648085,0.7777777777777778,0.7469879518072289,0.9538482059490463,0.9046136506724831,0.8645343558166312,0.528589213463163,0.004269229193660948,NB
478,0.45,0.5030120481927711,0.6189376443418014,0.006024096385542169,0.9931972789115646,0.9920792079207921,0.988,0.5379929749677649,,FRFC05
479,1.0,1.0,1.0,1.0,0.9245031345871682,0.9303374048433075,0.634418218943813,0.5377484327064159,0.011493846854473008,Dataset
480,0.8666666666666667,0.8660797652394292,0.8726114649681529,0.8367346938775511,0.9318394024276377,0.9110486330683314,0.815640564856928,0.5234315948601662,0.009390865568021017,FairBN
481,0.8666666666666667,0.8660797652394292,0.8726114649681529,0.8367346938775511,0.9318394024276377,0.9110486330683314,0.815640564856928,0.5270108043217286,0.009390865568021017,LabelBN
482,0.76,0.7601707349606509,0.7615894039735099,0.7687074829931972,0.9734560490863011,0.80494422806896,0.7921043878847405,0.5218087234893958,0.0014093937395552453,NBSens
483,0.7833333333333333,0.7838468720821662,0.7811447811447811,0.8095238095238095,0.9941309857276244,0.8766131017423255,0.8506850192950064,0.5215197189987106,6.899042434382018e-05,NB
484,0.51,0.5,0.6754966887417219,0.0,1.0,1.0,1.0,0.512671735360811,0.0,FRFC05
485,1.0,1.0,1.0,1.0,0.9329064959317059,0.8859827249549849,0.7880160650429885,0.533546752034147,0.009029411107035784,Dataset
486,0.8366666666666667,0.8394883203559511,0.8454258675078864,0.7548387096774194,0.9980440967283072,0.938170638857452,0.7530699356199764,0.502467105263158,7.820918220427606e-06,FairBN
487,0.8466666666666667,0.8491657397107897,0.8535031847133757,0.7741935483870968,0.991642958748222,0.9495382635247381,0.7567272574389023,0.5063566856330014,0.00014206748423311114,LabelBN
488,0.8,0.8022246941045605,0.8076923076923076,0.7354838709677419,0.968172119487909,0.9217509961725514,0.8461337662607219,0.5197812944523471,0.0020479424776448825,NBSens
489,0.7933333333333333,0.7953281423804227,0.8,0.7354838709677419,0.9813300142247511,0.929927266082209,0.8533862276535362,0.506578947368421,0.0007033457256841978,NB
490,0.49,0.5064516129032258,0.654627539503386,0.012903225806451613,0.9998221906116642,0.988747918563371,0.979979676322985,0.5088904694167853,2.3763090519024292e-06,FRFC05
491,1.0,1.0,1.0,1.0,0.9937766714082503,0.9433104727852433,0.8056280670179907,0.5031116642958748,7.753566741147688e-05,Dataset
492,0.86,0.86,0.871165644171779,0.7733333333333333,0.9935897435897436,0.864381731825547,0.6723640795564277,0.5001558048433048,8.465737602385455e-05,FairBN
493,0.86,0.86,0.871165644171779,0.7733333333333333,0.9935897435897436,0.864381731825547,0.6723640795564277,0.5181178774928774,8.465737602385455e-05,LabelBN
494,0.8633333333333333,0.8633333333333333,0.8761329305135952,0.76,0.9882478632478633,0.8138935734198466,0.6177814399882895,0.5024928774928774,0.00028802071882605765,NBSens
495,0.8633333333333333,0.8633333333333333,0.8761329305135952,0.76,0.9882478632478633,0.8138935734198466,0.6177814399882895,0.5122863247863247,0.00028802071882605765,NB
496,0.5,0.5,0.6666666666666666,0.0,1.0,1.0,1.0,0.5040731837606838,0.0,FRFC05
497,1.0,1.0,1.0,1.0,0.9866452991452992,0.7855089974448454,0.6678998109364985,0.5066773504273504,0.0003567190760681554,Dataset
498,0.89,0.89,0.88,0.9733333333333334,0.94,0.878391741648459,0.8046822375722085,0.5148222222222223,0.007466948964212815,FairBN
499,0.8733333333333333,0.8733333333333333,0.8642857142857142,0.94,0.9733333333333334,0.6921224780869912,0.6617736277293613,0.5264888888888888,0.0014518361983281262,LabelBN
500,0.8633333333333333,0.8633333333333333,0.8509090909090908,0.9466666666666667,0.9666666666666667,0.8209568294564709,0.7789704684007688,0.5125111111111111,0.0022954054825615328,NBSens
501,0.86,0.86,0.8478260869565217,0.94,0.9733333333333334,0.849028718833034,0.8065000101082,0.5069333333333333,0.0014642449759745893,NB
502,0.5,0.5,0.6666666666666666,0.0,1.0,1.0,1.0,0.5031555555555556,0.0,FRFC05
503,1.0,1.0,1.0,1.0,0.9733333333333334,0.8866490794680765,0.7391955117453026,0.5133333333333333,0.001422559485474515,Dataset
504,0.8666666666666667,0.8669274189963998,0.8620689655172414,0.9060402684563759,0.9266666666666667,0.8423954750941435,0.5643678279182343,0.5728666666666666,0.010872923729720638,FairBN
505,0.8666666666666667,0.8669274189963998,0.8620689655172414,0.9060402684563759,0.9266666666666667,0.8423954750941435,0.5643678279182343,0.5591999999999999,0.010872923729720638,LabelBN
506,0.84,0.8402151206720299,0.8356164383561644,0.87248322147651,0.8999999999999999,0.9178995805712106,0.5798160694056336,0.5705333333333333,0.020222372328497093,NBSens
507,0.8533333333333334,0.8534601537846127,0.8513513513513514,0.87248322147651,0.9266666666666666,0.9235845302092007,0.7824876567665957,0.5673333333333332,0.010804673180624863,NB
508,0.5666666666666667,0.5637583892617449,0.6990740740740742,0.12751677852348994,0.9266666666666666,0.8866686775167865,0.8157094785533981,0.5384888888888889,0.04099617171651428,FRFC05
509,1.0,1.0,1.0,1.0,0.94,0.6597448788466534,0.5974243277264026,0.53,0.007207052542459513,Dataset
510,0.86,0.86,0.8662420382165605,0.8133333333333334,0.9876890137829519,0.911486299529348,0.8061171990659854,0.5258709130648112,0.0003056050642793202,FairBN
511,0.8533333333333334,0.8533333333333333,0.858974358974359,0.8133333333333334,0.9981265890539275,0.9128422482839895,0.807458947656936,0.5241536196975779,7.065140400599459e-06,LabelBN
512,0.8433333333333334,0.8433333333333333,0.8488745980707395,0.8066666666666666,0.9776528837147063,0.8744856082917598,0.7957748360711869,0.5004683527365181,0.0010052454717681646,NBSens
513,0.84,0.84,0.8451612903225806,0.8066666666666666,0.9839421918908069,0.9028432982881641,0.7806525255286477,0.5187564119719881,0.0005183538037760484,NB
514,0.75,0.75,0.780058651026393,0.6133333333333333,0.9495517195236184,0.8699272695680488,0.7579899475703722,0.5016726883447076,0.005551971352740409,FRFC05
515,1.0,1.0,1.0,1.0,0.926401712832865,0.8349813441911218,0.7584727843769993,0.5367991435835675,0.010850890917170383,Dataset
516,0.8633333333333333,0.857420045497123,0.8392156862745098,0.9559748427672956,0.8945751840643208,0.9539250503410056,0.8131048843373718,0.549460228555942,0.02341518400120826,FairBN
517,0.8633333333333333,0.857420045497123,0.8392156862745098,0.9559748427672956,0.8945751840643208,0.9539250503410056,0.8131048843373718,0.5366547721215953,0.02341518400120826,LabelBN
518,0.87,0.8661180248896025,0.8528301886792453,0.9308176100628931,0.9573603143773431,0.8509768854944315,0.8040214817963149,0.5263562039839198,0.0037391873467790895,NBSens
519,0.8633333333333333,0.8594272715107721,0.8452830188679246,0.9245283018867925,0.94380956682777,0.8565306755719192,0.782821777919073,0.5419169790866796,0.006489551416750575,NB
520,0.6266666666666667,0.6477987421383647,0.7157360406091371,0.29559748427672955,0.9393378201364109,0.9342173634832092,0.8499684519057479,0.5466371561497808,0.01450691893627453,FRFC05
521,1.0,1.0,1.0,1.0,0.9651745787975969,0.8804401310793062,0.7807109482760974,0.5174127106012015,0.0024330682705667878,Dataset
522,0.8466666666666667,0.8466666666666667,0.8402777777777779,0.8866666666666667,0.992467718794835,0.839833624613866,0.8011023960470455,0.5206016857962698,0.00011426321947219029,FairBN
523,0.85,0.8500000000000001,0.8442906574394463,0.8866666666666667,0.9729196556671449,0.9321957501658553,0.9060614575024049,0.505290530846485,0.0014775846798342693,LabelBN
524,0.7933333333333333,0.7933333333333333,0.7973856209150326,0.7733333333333333,0.9424318507890961,0.8278021295969908,0.7838626489045541,0.5114329268292683,0.006660921648190078,NBSens
525,0.8033333333333333,0.8033333333333333,0.8090614886731391,0.7733333333333333,0.9741750358680058,0.9320889062480983,0.8803905233066943,0.5134953371592539,0.0013408225804813073,NB
526,0.5,0.5,0.6666666666666666,0.0,1.0,1.0,1.0,0.5282460545193688,0.0,FRFC05
527,1.0,1.0,1.0,1.0,0.9058464849354375,0.8099855582052766,0.7933272501374101,0.5470767575322812,0.01779372007487645,Dataset
528,0.8733333333333333,0.8736664295874823,0.875,0.8486842105263158,0.9158139327047679,0.8688436962427353,0.7331855801937435,0.5469636712989856,0.014251891650628151,FairBN
529,0.87,0.8704658605974396,0.8729641693811074,0.8355263157894737,0.9373966665177176,0.865722289633373,0.7291293332649172,0.5247776933732518,0.007891274407624875,LabelBN
530,0.8633333333333333,0.8640647226173542,0.8690095846645368,0.8092105263157895,0.9269404352294562,0.8582701063021528,0.7536920834959147,0.5419813217748782,0.010842428703790596,NBSens
531,0.86,0.8606863442389758,0.8653846153846154,0.8092105263157895,0.9197461906251396,0.8489771430647342,0.7321232835338207,0.5484606103936727,0.013071369003333055,NB
532,0.49333333333333335,0.5,0.6607142857142857,0.0,1.0,1.0,1.0,0.5483488985209348,0.0,FRFC05
533,1.0,1.0,1.0,1.0,0.9252870995129363,0.80615439959477,0.759665686417858,0.5373564502435318,0.011178335478063545,Dataset
534,0.91,0.9086968120581567,0.9018181818181819,0.9738562091503268,0.9295718287314926,0.8358880942412437,0.568453014393965,0.5330132052821128,0.010081685037146806,FairBN
535,0.91,0.9086968120581567,0.9018181818181819,0.9738562091503268,0.9295718287314926,0.8358880942412437,0.568453014393965,0.5080698946245165,0.010081685037146806,LabelBN
536,0.9133333333333333,0.9119647859143658,0.9051094890510949,0.9803921568627451,0.9230358810190743,0.8484329636533716,0.5607269864397982,0.539037837357165,0.012055880984519846,NBSens
537,0.91,0.9086968120581567,0.9018181818181819,0.9738562091503268,0.9162331599306389,0.8291681916450157,0.5633256141268748,0.5440398381574851,0.014252869593868803,NB
538,0.7133333333333334,0.7189542483660131,0.7736842105263158,0.43790849673202614,0.9489128984927304,0.8507230743865423,0.8330458154281228,0.5474856609310391,0.00776914563688226,FRFC05
539,1.0,1.0,1.0,1.0,0.9470454848606109,0.7530980208968596,0.5338679943401856,0.5264772575696945,0.005611871058750363,Dataset
540,0.9233333333333333,0.9209821428571429,0.9300911854103343,0.8857142857142857,0.8658162585003778,0.8579350423231449,0.7809571920368072,0.5661140495133117,0.03641284854063885,FairBN
541,0.9266666666666666,0.9245535714285715,0.9329268292682926,0.8928571428571429,0.872527667896351,0.8586529036527599,0.7846433230177727,0.53175696697631,0.03282336932255073,LabelBN
542,0.9133333333333333,0.9142857142857144,0.9171974522292993,0.9285714285714286,0.939819547535446,0.8684167095710691,0.8112240242646088,0.5434241521845415,0.007249574711954324,NBSens
543,0.9133333333333333,0.9147321428571429,0.9166666666666667,0.9357142857142857,0.9265745144228632,0.843062976213164,0.784972802799297,0.5541357393661941,0.010796781086057736,NB
544,0.5333333333333333,0.5,0.6956521739130436,0.0,1.0,1.0,1.0,0.5369794213076137,0.0,FRFC05
545,1.0,1.0,1.0,1.0,0.8595493133028134,0.8264877976235399,0.7488044551666719,0.5702253433485933,0.03964566248050623,Dataset
546,0.8233333333333334,0.8272104607721046,0.8427299703264095,0.6818181818181818,0.983540746688077,0.8949910683467219,0.8147482082395574,0.5350372451938088,0.0005840724394985883,FairBN
547,0.8133333333333334,0.8174702010318449,0.8352941176470589,0.6623376623376623,0.9622641509433962,0.888525742514011,0.8390855181826844,0.5352602703064365,0.0030974286314513627,LabelBN
548,0.7866666666666666,0.7911403664828323,0.8139534883720929,0.6233766233766234,0.9858156028368795,0.7980748721193137,0.7876505968279237,0.5093447522190999,0.0004495832858098809,NBSens
549,0.81,0.8142234477850916,0.8328445747800586,0.6558441558441559,0.9953164726348186,0.8441486193034993,0.7893515384884877,0.5157009679289888,4.816952137971092e-05,NB
550,0.4866666666666667,0.5,0.6547085201793722,0.0,1.0,1.0,1.0,0.5181765466791561,0.0,FRFC05
551,1.0,1.0,1.0,1.0,0.9681520139167671,0.9179241507436353,0.8211266350016526,0.5159239930416164,0.0020315900922655353,Dataset
552,0.82,0.8249698916097952,0.8258064516129032,0.7421383647798742,0.9683499288762446,0.9216819503180695,0.8638428394071118,0.5296497155049786,0.0020421556620904974,FairBN
553,0.8133333333333334,0.8186805834336945,0.8205128205128205,0.7295597484276729,0.9818634423897582,0.9125392790118915,0.7744746140691062,0.519203413940256,0.0006722130974602461,LabelBN
554,0.79,0.7954636692091529,0.7987220447284346,0.7044025157232704,0.9580369843527738,0.8970450158308473,0.8516584666881111,0.5326724751066857,0.0035869822080411007,NBSens
555,0.7833333333333333,0.7887729158303225,0.792332268370607,0.6981132075471698,0.9713726884779517,0.8943484469000618,0.8534818091405535,0.5082236842105262,0.0016709696498255662,NB
556,0.5333333333333333,0.559748427672956,0.6682464454976303,0.11949685534591195,0.9783072546230441,0.9324049608492726,0.8779656344839606,0.5033561522048364,0.004208489236518856,FRFC05
557,1.0,1.0,1.0,1.0,0.9525248933143671,0.8830997263621366,0.8327474785044567,0.5237375533428165,0.004519133325501017,Dataset
558,0.92,0.9169192369406312,0.927710843373494,0.8591549295774648,0.9612903225806452,0.8936962411478326,0.8773584394771639,0.5083426028921023,0.0030918463711261113,FairBN
559,0.9166666666666666,0.9137546799786058,0.9244712990936556,0.8591549295774648,0.9681868743047831,0.9029801642393782,0.8851478676900086,0.5481646273637375,0.0020813307611984404,LabelBN
560,0.89,0.8862988054911749,0.9014925373134328,0.8169014084507042,0.9926585094549499,0.9039737601824145,0.8906395840112183,0.5089210233592881,0.0001112953985974597,NBSens
561,0.88,0.8757354252094848,0.893491124260355,0.795774647887324,0.9866518353726362,0.8993688993118801,0.8904841976145392,0.5042714126807564,0.0003704662876099999,NB
562,0.5266666666666666,0.5,0.6899563318777292,0.0,1.0,1.0,1.0,0.5500778642936596,0.0,FRFC05
563,1.0,1.0,1.0,1.0,0.9648498331479421,0.8746324529197208,0.8390168126268702,0.517575083426029,0.0024826478739265537,Dataset
564,0.8766666666666667,0.8766389617316325,0.8754208754208754,0.8807947019867549,0.992880978865406,0.804444088949231,0.797717191427002,0.526162402669633,0.00010138783949088879,FairBN
565,0.8766666666666667,0.8766389617316325,0.8754208754208754,0.8807947019867549,0.992880978865406,0.804444088949231,0.797717191427002,0.5151056729699666,0.00010138783949088879,LabelBN
566,0.82,0.8202142317436331,0.8246753246753248,0.7880794701986755,0.9979977753058955,0.8896498670199593,0.8789787794715069,0.5143047830923249,8.047499027457553e-06,NBSens
567,0.8366666666666667,0.8368149695542024,0.839344262295082,0.8145695364238411,0.9946607341490545,0.8358466601041519,0.8233622916357544,0.52,5.709851734317633e-05,NB
568,0.5066666666666667,0.5099337748344371,0.6681614349775785,0.019867549668874173,0.9806451612903225,0.949970611316165,0.9456459925422075,0.5093437152391547,,FRFC05
569,1.0,1.0,1.0,1.0,0.9334816462736375,0.7652568359909686,0.7545237244173411,0.5332591768631813,0.008860890747724746,Dataset
570,0.9166666666666666,0.9193376068376069,0.919093851132686,0.8525641025641025,0.9866071428571428,0.8317241505442906,0.7885738884027625,0.5086160714285713,0.0003621193982801564,FairBN
571,0.92,0.9225427350427351,0.9220779220779222,0.8589743589743589,0.9937499999999999,0.8457598418153065,0.8057874511797865,0.5143303571428571,7.878774344147535e-05,LabelBN
572,0.8966666666666666,0.9003739316239316,0.9022082018927445,0.8076923076923077,0.9696428571428571,0.8508495048703332,0.8280520782174267,0.5041517857142858,0.0018832589063906419,NBSens
573,0.9,0.9035790598290598,0.9050632911392406,0.8141025641025641,0.9633928571428572,0.8526989943735648,0.833141391482739,0.5023214285714286,0.0027322571571255297,NB
574,0.48,0.5,0.6486486486486487,0.0,1.0,1.0,1.0,0.5232589285714286,0.0,FRFC05
575,1.0,1.0,1.0,1.0,0.9973214285714286,0.863693451291647,0.800273830021116,0.5013392857142857,1.4371693657019412e-05,Dataset
576,0.84,0.8425756289378434,0.8356164383561644,0.8074534161490683,0.9344474730774386,0.8907676036668702,0.5288085860274345,0.53085481925019,0.008614349425495785,FairBN
577,0.8433333333333334,0.8446981545198624,0.8362369337979093,0.8260869565217391,0.9386925242414764,0.9211087068821204,0.5349531303499464,0.5336699584431833,0.007523554769195112,LabelBN
578,0.8266666666666667,0.8281871397292104,0.8194444444444445,0.8074534161490683,0.9458867688457929,0.9059481492635223,0.5350792217178868,0.5550516108852048,0.005860621050440225,NBSens
579,0.8333333333333334,0.834398319853434,0.8251748251748252,0.8198757763975155,0.9583091290942402,0.90269501565607,0.5321068025823978,0.524040395013182,0.0034778943400225956,NB
580,0.4633333333333333,0.5,0.633257403189066,0.0,1.0,1.0,1.0,0.5006479288618795,0.0,FRFC05
581,1.0,1.0,1.0,1.0,0.9945931453594888,0.9178731466697787,0.535317435036823,0.5027034273202556,5.8772608485909567e-05,Dataset
582,0.7633333333333333,0.7607574679943101,0.8033240997229917,0.5675675675675675,0.9329004329004329,0.8257158975841526,0.8034195700872371,0.503742784992785,0.010822091883634782,FairBN
583,0.7633333333333333,0.7607574679943101,0.8033240997229917,0.5675675675675675,0.9329004329004329,0.8257158975841526,0.8034195700872371,0.5114763708513709,0.010822091883634782,LabelBN
584,0.78,0.7773826458036984,0.8176795580110497,0.581081081081081,0.9675324675324675,0.8101235200966168,0.7962818710227797,0.533685064935065,0.0025279279465074966,NBSens
585,0.78,0.7773826458036984,0.8176795580110497,0.581081081081081,0.9675324675324675,0.7931651869432282,0.7631210878679451,0.5203373015873016,0.0025279279465074966,NB
586,0.5066666666666667,0.5,0.6725663716814159,0.0,1.0,1.0,1.0,0.5097628066378066,0.0,FRFC05
587,1.0,1.0,1.0,1.0,0.9172077922077922,0.8676936056932133,0.841462093196975,0.5413961038961038,0.01373030946826058,Dataset
588,0.81,0.8112138317258545,0.838526912181303,0.6291390728476821,0.9696969696969696,0.8818872204174201,0.7303363838217758,0.5127840909090908,0.0021355515542189688,FairBN
589,0.8066666666666666,0.807858127027868,0.8352272727272727,0.6291390728476821,0.9637445887445887,0.8854812719573839,0.7312256816772091,0.5057720057720057,0.0030469531551393023,LabelBN
590,0.81,0.8110360460464909,0.8347826086956522,0.6556291390728477,0.9897186147186148,0.8217665039021784,0.6527686733430182,0.5228625541125541,0.0002341129665382486,NBSens
591,0.8,0.8011467176318947,0.8285714285714286,0.6291390728476821,0.9653679653679653,0.8605295971658112,0.6918827954079066,0.5124684343434344,0.0027475221304615466,NB
592,0.49666666666666665,0.5,0.6636971046770601,0.0,1.0,1.0,1.0,0.5233811327561327,0.0,FRFC05
593,1.0,1.0,1.0,1.0,0.9940476190476191,0.7479630441817197,0.5830196337670347,0.5029761904761905,7.086335189189757e-05,Dataset
594,0.8966666666666666,0.8915213091170653,0.8793774319066148,0.9397590361445783,0.9823968705547653,0.9100875626317941,0.8192143630225863,0.5251378022759602,0.0006419106727216135,FairBN
595,0.8966666666666666,0.8915213091170653,0.8793774319066148,0.9397590361445783,0.9823968705547653,0.9100875626317941,0.8192143630225863,0.5321834992887624,0.0006419106727216135,LabelBN
596,0.8933333333333333,0.8906671461967272,0.8787878787878788,0.9156626506024096,0.9848862019914651,0.882273732396692,0.8013192537688171,0.5165362731152204,0.00046454938645654024,NBSens
597,0.9066666666666666,0.9041539291494336,0.8939393939393939,0.927710843373494,0.9751066856330014,0.9250192299531517,0.8584087899893369,0.5324724395448079,0.0012647941123070938,NB
598,0.44666666666666666,0.5,0.6175115207373272,0.0,1.0,1.0,1.0,0.5024671052631579,0.0,FRFC05
599,1.0,1.0,1.0,1.0,0.97475106685633,0.9232912056038135,0.7791426866105031,0.512624466571835,0.0012922238916764812,Dataset
