,two_year_recid_0,two_year_recid_1
6000,0.24079373819796437,0.7592062618020357
6001,0.4055182404899278,0.5944817595100723
6002,0.4055182404899278,0.5944817595100723
6003,0.4055182404899278,0.5944817595100723
6004,0.5599988803433171,0.44000111965668287
6005,0.7272177875691517,0.27278221243084827
6006,0.7804798523997533,0.21952014760024674
6007,0.4055182404899278,0.5944817595100723
6008,0.5164147288121264,0.4835852711878736
6009,0.6457519339176656,0.3542480660823344
6010,0.7804798523997533,0.21952014760024674
6011,0.5164147288121264,0.4835852711878736
6012,0.6407776374592244,0.3592223625407756
6013,0.4055182404899278,0.5944817595100723
6014,0.8928748371836817,0.10712516281631833
6015,0.2611255103870312,0.7388744896129688
6016,0.7363236973311471,0.26367630266885284
6017,0.27343962500794866,0.7265603749920513
6018,0.36569943497540414,0.6343005650245959
6019,0.5607764090253841,0.43922359097461605
6020,0.7611843081038367,0.2388156918961633
6021,0.6600022324356174,0.33999776756438255
6022,0.6300300161812512,0.3699699838187488
6023,0.7642931509585567,0.23570684904144332
6024,0.6600022324356174,0.33999776756438255
6025,0.5599988803433171,0.44000111965668287
6026,0.6982080306336463,0.30179196936635355
6027,0.4055182404899278,0.5944817595100723
6028,0.38556279733535453,0.6144372026646454
6029,0.5607764090253841,0.43922359097461605
6030,0.661691953970598,0.33830804602940195
6031,0.5535679907297638,0.4464320092702362
6032,0.5109995794803472,0.48900042051965265
6033,0.19016400946085849,0.8098359905391415
6034,0.4055182404899278,0.5944817595100723
6035,0.5607764090253841,0.43922359097461605
6036,0.7272177875691517,0.27278221243084827
6037,0.4055182404899278,0.5944817595100723
6038,0.6206274115129148,0.37937258848708527
6039,0.8638934843410653,0.13610651565893475
6040,0.5109995794803472,0.48900042051965265
6041,0.6206274115129148,0.37937258848708527
6042,0.5164147288121264,0.4835852711878736
6043,0.6600022324356174,0.33999776756438255
6044,0.24079373819796437,0.7592062618020357
6045,0.5164147288121264,0.4835852711878736
6046,0.5164147288121264,0.4835852711878736
6047,0.5109995794803472,0.48900042051965265
6048,0.7363236973311471,0.26367630266885284
6049,0.6600022324356174,0.33999776756438255
6050,0.5164147288121264,0.4835852711878736
6051,0.6791423002574674,0.32085769974253264
6052,0.5379795291222736,0.46202047087772646
6053,0.7272177875691517,0.27278221243084827
6054,0.6791423002574674,0.32085769974253264
6055,0.4055182404899278,0.5944817595100723
6056,0.4055182404899278,0.5944817595100723
6057,0.6600022324356174,0.33999776756438255
6058,0.6600022324356174,0.33999776756438255
6059,0.6600022324356174,0.33999776756438255
6060,0.4055182404899278,0.5944817595100723
6061,0.5109995794803472,0.48900042051965265
6062,0.8745516645300054,0.12544833546999457
6063,0.5535679907297638,0.4464320092702362
6064,0.1693267347773634,0.8306732652226366
6065,0.660985070902844,0.339014929097156
6066,0.6600022324356174,0.33999776756438255
6067,0.4055182404899278,0.5944817595100723
6068,0.5164147288121264,0.4835852711878736
6069,0.24477881031937593,0.7552211896806241
6070,0.4055182404899278,0.5944817595100723
6071,0.7483504166269072,0.25164958337309284
6072,0.5164147288121264,0.4835852711878736
6073,0.8198435325575983,0.18015646744240163
6074,0.4055182404899278,0.5944817595100723
6075,0.5535679907297638,0.4464320092702362
6076,0.7611843081038367,0.2388156918961633
6077,0.5379795291222736,0.46202047087772646
6078,0.8354243216877313,0.1645756783122687
6079,0.5164147288121264,0.4835852711878736
6080,0.6407776374592244,0.3592223625407756
6081,0.6551211681459986,0.34487883185400137
6082,0.7483504166269072,0.25164958337309284
6083,0.8198435325575983,0.18015646744240163
6084,0.5164147288121264,0.4835852711878736
6085,0.4055182404899278,0.5944817595100723
6086,0.8033052713137818,0.1966947286862182
6087,0.6407776374592244,0.3592223625407756
6088,0.7363236973311471,0.26367630266885284
6089,0.8354243216877313,0.1645756783122687
6090,0.5379795291222736,0.46202047087772646
6091,0.6600022324356174,0.33999776756438255
6092,0.5164147288121264,0.4835852711878736
6093,0.5535679907297638,0.4464320092702362
6094,0.17152432506689583,0.8284756749331041
6095,0.6457519339176656,0.3542480660823344
6096,0.5535679907297638,0.4464320092702362
6097,0.17152432506689583,0.8284756749331041
6098,0.5607764090253841,0.43922359097461605
6099,0.5379795291222736,0.46202047087772646
6100,0.7228965412341224,0.27710345876587766
6101,0.7804798523997533,0.21952014760024674
6102,0.6982080306336463,0.30179196936635355
6103,0.5164147288121264,0.4835852711878736
6104,0.5109995794803472,0.48900042051965265
6105,0.5109995794803472,0.48900042051965265
6106,0.24384811281581376,0.7561518871841862
6107,0.8198435325575983,0.18015646744240163
6108,0.6982080306336463,0.30179196936635355
6109,0.7272177875691517,0.27278221243084827
6110,0.8447388407809975,0.15526115921900252
6111,0.17152432506689583,0.8284756749331041
6112,0.24079373819796437,0.7592062618020357
6113,0.7228965412341224,0.27710345876587766
6114,0.4055182404899278,0.5944817595100723
6115,0.6206274115129148,0.37937258848708527
6116,0.6457519339176656,0.3542480660823344
6117,0.7611843081038367,0.2388156918961633
6118,0.7483504166269072,0.25164958337309284
6119,0.4055182404899278,0.5944817595100723
6120,0.7984557840876035,0.20154421591239652
6121,0.4055182404899278,0.5944817595100723
6122,0.6551211681459986,0.34487883185400137
6123,0.3407412696779104,0.6592587303220896
6124,0.4055182404899278,0.5944817595100723
6125,0.6600022324356174,0.33999776756438255
6126,0.7642931509585567,0.23570684904144332
6127,0.5164147288121264,0.4835852711878736
6128,0.5607764090253841,0.43922359097461605
6129,0.24079373819796437,0.7592062618020357
6130,0.5535679907297638,0.4464320092702362
6131,0.6407776374592244,0.3592223625407756
6132,0.5164147288121264,0.4835852711878736
6133,0.6600022324356174,0.33999776756438255
6134,0.24384811281581376,0.7561518871841862
6135,0.19752430160599563,0.8024756983940043
6136,0.5164147288121264,0.4835852711878736
6137,0.6206274115129148,0.37937258848708527
6138,0.6551211681459986,0.34487883185400137
6139,0.27343962500794866,0.7265603749920513
6140,0.7483504166269072,0.25164958337309284
6141,0.4055182404899278,0.5944817595100723
6142,0.4418979094204615,0.5581020905795385
6143,0.19606356171266906,0.8039364382873309
6144,0.8581543208417914,0.14184567915820848
6145,0.5379795291222736,0.46202047087772646
6146,0.5109995794803472,0.48900042051965265
6147,0.27343962500794866,0.7265603749920513
6148,0.4055182404899278,0.5944817595100723
6149,0.5379795291222736,0.46202047087772646
6150,0.5599988803433171,0.44000111965668287
6151,0.7611843081038367,0.2388156918961633
6152,0.6457519339176656,0.3542480660823344
6153,0.6847942873929399,0.3152057126070601
6154,0.6600022324356174,0.33999776756438255
6155,0.7483504166269072,0.25164958337309284
6156,0.3407412696779104,0.6592587303220896
6157,0.49092326539278963,0.5090767346072104
6158,0.4055182404899278,0.5944817595100723
6159,0.5164147288121264,0.4835852711878736
6160,0.6600022324356174,0.33999776756438255
6161,0.8033052713137818,0.1966947286862182
6162,0.6457519339176656,0.3542480660823344
6163,0.5164147288121264,0.4835852711878736
6164,0.5599988803433171,0.44000111965668287
6165,0.5109995794803472,0.48900042051965265
6166,0.7804798523997533,0.21952014760024674
6167,0.6206274115129148,0.37937258848708527
6168,0.11439977880404538,0.8856002211959546
6169,0.5109995794803472,0.48900042051965265
6170,0.6791423002574674,0.32085769974253264
6171,0.19016400946085849,0.8098359905391415
6172,0.844324444557445,0.15567555544255493
6173,0.7642931509585567,0.23570684904144332
6174,0.19016400946085849,0.8098359905391415
6175,0.7483504166269072,0.25164958337309284
6176,0.7272177875691517,0.27278221243084827
6177,0.4055182404899278,0.5944817595100723
6178,0.6600022324356174,0.33999776756438255
6179,0.5535679907297638,0.4464320092702362
6180,0.4055182404899278,0.5944817595100723
6181,0.7681758653462372,0.23182413465376292
6182,0.8033052713137818,0.1966947286862182
6183,0.5607764090253841,0.43922359097461605
6184,0.7642931509585567,0.23570684904144332
6185,0.5535679907297638,0.4464320092702362
6186,0.5164147288121264,0.4835852711878736
6187,0.17152432506689583,0.8284756749331041
6188,0.5607764090253841,0.43922359097461605
6189,0.1693267347773634,0.8306732652226366
6190,0.4055182404899278,0.5944817595100723
6191,0.4055182404899278,0.5944817595100723
6192,0.5109995794803472,0.48900042051965265
6193,0.4055182404899278,0.5944817595100723
6194,0.19016400946085849,0.8098359905391415
6195,0.6457519339176656,0.3542480660823344
6196,0.5599988803433171,0.44000111965668287
6197,0.7483504166269072,0.25164958337309284
6198,0.5379795291222736,0.46202047087772646
6199,0.4055182404899278,0.5944817595100723
6200,0.24079373819796437,0.7592062618020357
6201,0.5109995794803472,0.48900042051965265
6202,0.660985070902844,0.339014929097156
6203,0.7804798523997533,0.21952014760024674
6204,0.7804798523997533,0.21952014760024674
6205,0.8033052713137818,0.1966947286862182
6206,0.661691953970598,0.33830804602940195
6207,0.6206274115129148,0.37937258848708527
6208,0.7440414205888575,0.25595857941114253
6209,0.4055182404899278,0.5944817595100723
6210,0.27343962500794866,0.7265603749920513
6211,0.4055182404899278,0.5944817595100723
6212,0.5379795291222736,0.46202047087772646
6213,0.7272177875691517,0.27278221243084827
6214,0.19016400946085849,0.8098359905391415
6215,0.8354243216877313,0.1645756783122687
6216,0.4055182404899278,0.5944817595100723
6217,0.6206274115129148,0.37937258848708527
6218,0.6206274115129148,0.37937258848708527
6219,0.6551211681459986,0.34487883185400137
6220,0.4055182404899278,0.5944817595100723
6221,0.5164147288121264,0.4835852711878736
6222,0.5607764090253841,0.43922359097461605
6223,0.5535679907297638,0.4464320092702362
6224,0.19016400946085849,0.8098359905391415
6225,0.5164147288121264,0.4835852711878736
6226,0.7804798523997533,0.21952014760024674
6227,0.6551211681459986,0.34487883185400137
6228,0.5109995794803472,0.48900042051965265
6229,0.17152432506689583,0.8284756749331041
6230,0.5607764090253841,0.43922359097461605
6231,0.4418979094204615,0.5581020905795385
6232,0.5535679907297638,0.4464320092702362
6233,0.4055182404899278,0.5944817595100723
6234,0.13586742025508133,0.8641325797449187
6235,0.8198435325575983,0.18015646744240163
6236,0.8354243216877313,0.1645756783122687
6237,0.5164147288121264,0.4835852711878736
6238,0.4055182404899278,0.5944817595100723
6239,0.6206274115129148,0.37937258848708527
6240,0.6457519339176656,0.3542480660823344
6241,0.6551211681459986,0.34487883185400137
6242,0.24384811281581376,0.7561518871841862
6243,0.5535679907297638,0.4464320092702362
6244,0.7804798523997533,0.21952014760024674
6245,0.5607764090253841,0.43922359097461605
6246,0.4055182404899278,0.5944817595100723
6247,0.1292445905784255,0.8707554094215746
6248,0.5607764090253841,0.43922359097461605
6249,0.27961152684458074,0.7203884731554193
6250,0.661691953970598,0.33830804602940195
6251,0.4055182404899278,0.5944817595100723
6252,0.5164147288121264,0.4835852711878736
6253,0.4055182404899278,0.5944817595100723
6254,0.4055182404899278,0.5944817595100723
6255,0.4055182404899278,0.5944817595100723
6256,0.6206274115129148,0.37937258848708527
6257,0.6300300161812512,0.3699699838187488
6258,0.6206274115129148,0.37937258848708527
6259,0.8198435325575983,0.18015646744240163
6260,0.24384811281581376,0.7561518871841862
6261,0.5607764090253841,0.43922359097461605
6262,0.8033052713137818,0.1966947286862182
6263,0.7483504166269072,0.25164958337309284
6264,0.5607764090253841,0.43922359097461605
6265,0.6407776374592244,0.3592223625407756
6266,0.6457519339176656,0.3542480660823344
6267,0.5164147288121264,0.4835852711878736
6268,0.6551211681459986,0.34487883185400137
6269,0.5164147288121264,0.4835852711878736
6270,0.5164147288121264,0.4835852711878736
6271,0.5379795291222736,0.46202047087772646
6272,0.27343962500794866,0.7265603749920513
6273,0.6206274115129148,0.37937258848708527
6274,0.4055182404899278,0.5944817595100723
6275,0.27343962500794866,0.7265603749920513
6276,0.7979474043801508,0.2020525956198493
6277,0.779938626691946,0.22006137330805386
6278,0.5109995794803472,0.48900042051965265
6279,0.4055182404899278,0.5944817595100723
6280,0.5379795291222736,0.46202047087772646
6281,0.7440414205888575,0.25595857941114253
6282,0.3255722740607297,0.6744277259392704
6283,0.7272177875691517,0.27278221243084827
6284,0.7228965412341224,0.27710345876587766
6285,0.1558356699320004,0.8441643300679996
6286,0.5164147288121264,0.4835852711878736
6287,0.7681758653462372,0.23182413465376292
6288,0.4055182404899278,0.5944817595100723
6289,0.6206274115129148,0.37937258848708527
6290,0.37074221145948844,0.6292577885405115
6291,0.5459531047783539,0.45404689522164604
6292,0.6791423002574674,0.32085769974253264
6293,0.0,1.0
6294,0.6457519339176656,0.3542480660823344
6295,0.6457519339176656,0.3542480660823344
6296,0.5033100882653386,0.4966899117346614
6297,0.7483504166269072,0.25164958337309284
6298,0.44725053796124686,0.5527494620387531
6299,0.4055182404899278,0.5944817595100723
6300,0.4055182404899278,0.5944817595100723
6301,0.5164147288121264,0.4835852711878736
6302,0.2687963186922134,0.7312036813077866
6303,0.5164147288121264,0.4835852711878736
6304,0.7272177875691517,0.27278221243084827
6305,0.6551211681459986,0.34487883185400137
6306,0.6982080306336463,0.30179196936635355
6307,0.4055182404899278,0.5944817595100723
6308,0.6457519339176656,0.3542480660823344
6309,0.5379795291222736,0.46202047087772646
6310,0.5379795291222736,0.46202047087772646
6311,0.6206274115129148,0.37937258848708527
6312,0.4304357950404548,0.5695642049595451
6313,0.6600022324356174,0.33999776756438255
6314,0.5607764090253841,0.43922359097461605
6315,0.5607764090253841,0.43922359097461605
6316,0.7681758653462372,0.23182413465376292
6317,0.17152432506689583,0.8284756749331041
6318,0.11117977455349426,0.8888202254465057
6319,0.7272177875691517,0.27278221243084827
6320,0.6600022324356174,0.33999776756438255
6321,0.5109995794803472,0.48900042051965265
6322,0.6206274115129148,0.37937258848708527
6323,0.3512390430269309,0.6487609569730691
6324,0.7272177875691517,0.27278221243084827
6325,0.6988726586297102,0.30112734137028996
6326,0.5164147288121264,0.4835852711878736
6327,0.5535679907297638,0.4464320092702362
6328,0.6206274115129148,0.37937258848708527
6329,0.4055182404899278,0.5944817595100723
6330,0.5109995794803472,0.48900042051965265
6331,0.5109995794803472,0.48900042051965265
6332,0.8033052713137818,0.1966947286862182
6333,0.6407776374592244,0.3592223625407756
6334,0.6457519339176656,0.3542480660823344
6335,0.4055182404899278,0.5944817595100723
6336,0.5164147288121264,0.4835852711878736
6337,0.6407776374592244,0.3592223625407756
6338,0.5535679907297638,0.4464320092702362
6339,0.5164147288121264,0.4835852711878736
6340,0.5535679907297638,0.4464320092702362
6341,0.6206274115129148,0.37937258848708527
6342,0.5535679907297638,0.4464320092702362
6343,0.4055182404899278,0.5944817595100723
6344,0.4055182404899278,0.5944817595100723
6345,0.5109995794803472,0.48900042051965265
6346,0.4055182404899278,0.5944817595100723
6347,0.6551211681459986,0.34487883185400137
6348,0.5109995794803472,0.48900042051965265
6349,0.6407776374592244,0.3592223625407756
6350,0.4055182404899278,0.5944817595100723
6351,0.5607764090253841,0.43922359097461605
6352,0.6206274115129148,0.37937258848708527
6353,0.4055182404899278,0.5944817595100723
6354,0.6982080306336463,0.30179196936635355
6355,0.5379795291222736,0.46202047087772646
6356,0.4055182404899278,0.5944817595100723
6357,0.7363236973311471,0.26367630266885284
6358,0.7979474043801508,0.2020525956198493
6359,0.5535679907297638,0.4464320092702362
6360,0.5379795291222736,0.46202047087772646
6361,0.17152432506689583,0.8284756749331041
6362,0.4055182404899278,0.5944817595100723
6363,0.7483504166269072,0.25164958337309284
6364,0.17152432506689583,0.8284756749331041
6365,0.6600022324356174,0.33999776756438255
6366,0.8745516645300054,0.12544833546999457
6367,0.6600022324356174,0.33999776756438255
6368,0.5164147288121264,0.4835852711878736
6369,0.5109995794803472,0.48900042051965265
6370,0.7440414205888575,0.25595857941114253
6371,0.779938626691946,0.22006137330805386
6372,0.17152432506689583,0.8284756749331041
6373,0.6791423002574674,0.32085769974253264
6374,0.6206274115129148,0.37937258848708527
6375,0.6407776374592244,0.3592223625407756
6376,0.4055182404899278,0.5944817595100723
6377,0.4055182404899278,0.5944817595100723
6378,0.5164147288121264,0.4835852711878736
6379,0.7804798523997533,0.21952014760024674
6380,0.7272177875691517,0.27278221243084827
6381,0.5109995794803472,0.48900042051965265
6382,0.3407412696779104,0.6592587303220896
6383,0.5109995794803472,0.48900042051965265
6384,0.4055182404899278,0.5944817595100723
6385,0.4055182404899278,0.5944817595100723
6386,0.5109995794803472,0.48900042051965265
6387,0.661691953970598,0.33830804602940195
6388,0.4055182404899278,0.5944817595100723
6389,0.17152432506689583,0.8284756749331041
6390,0.3354828109165161,0.6645171890834839
6391,0.4055182404899278,0.5944817595100723
6392,0.5379795291222736,0.46202047087772646
6393,0.660985070902844,0.339014929097156
6394,0.4055182404899278,0.5944817595100723
6395,0.5535679907297638,0.4464320092702362
6396,0.5109995794803472,0.48900042051965265
6397,0.5164147288121264,0.4835852711878736
6398,0.6600022324356174,0.33999776756438255
6399,0.7483504166269072,0.25164958337309284
6400,0.6551211681459986,0.34487883185400137
6401,0.4055182404899278,0.5944817595100723
6402,0.7483504166269072,0.25164958337309284
6403,0.7272177875691517,0.27278221243084827
6404,0.5535679907297638,0.4464320092702362
6405,0.5535679907297638,0.4464320092702362
6406,0.3512390430269309,0.6487609569730691
6407,0.5164147288121264,0.4835852711878736
6408,0.24079373819796437,0.7592062618020357
6409,0.4055182404899278,0.5944817595100723
6410,0.6551211681459986,0.34487883185400137
6411,0.7483504166269072,0.25164958337309284
6412,0.4055182404899278,0.5944817595100723
6413,0.5379795291222736,0.46202047087772646
6414,0.3407412696779104,0.6592587303220896
6415,0.7228965412341224,0.27710345876587766
6416,0.4055182404899278,0.5944817595100723
6417,0.328347178856085,0.671652821143915
6418,0.4361110484564341,0.563888951543566
6419,0.5607764090253841,0.43922359097461605
6420,0.8295663287583086,0.17043367124169134
6421,0.4055182404899278,0.5944817595100723
6422,0.5109995794803472,0.48900042051965265
6423,0.5164147288121264,0.4835852711878736
6424,0.7483504166269072,0.25164958337309284
6425,0.5109995794803472,0.48900042051965265
6426,0.5535679907297638,0.4464320092702362
6427,0.7984557840876035,0.20154421591239652
6428,0.4055182404899278,0.5944817595100723
6429,0.7606101010148651,0.23938989898513488
6430,0.6600022324356174,0.33999776756438255
6431,0.5607764090253841,0.43922359097461605
6432,0.17152432506689583,0.8284756749331041
6433,0.5379795291222736,0.46202047087772646
6434,0.5535679907297638,0.4464320092702362
6435,0.5379795291222736,0.46202047087772646
6436,0.4055182404899278,0.5944817595100723
6437,0.37074221145948844,0.6292577885405115
6438,0.5109995794803472,0.48900042051965265
6439,0.6206274115129148,0.37937258848708527
6440,0.24384811281581376,0.7561518871841862
6441,0.8300121006954844,0.16998789930451563
6442,0.4055182404899278,0.5944817595100723
6443,0.5164147288121264,0.4835852711878736
6444,0.6600022324356174,0.33999776756438255
6445,0.661691953970598,0.33830804602940195
6446,0.6206274115129148,0.37937258848708527
6447,0.8055706578599358,0.19442934214006427
6448,0.5109995794803472,0.48900042051965265
6449,0.7440414205888575,0.25595857941114253
6450,0.5164147288121264,0.4835852711878736
6451,0.5535679907297638,0.4464320092702362
6452,0.8354243216877313,0.1645756783122687
6453,0.8447388407809975,0.15526115921900252
6454,0.17152432506689583,0.8284756749331041
6455,0.7272177875691517,0.27278221243084827
6456,0.6551211681459986,0.34487883185400137
6457,0.5164147288121264,0.4835852711878736
6458,0.6791423002574674,0.32085769974253264
6459,0.8021529430691937,0.19784705693080631
6460,0.4055182404899278,0.5944817595100723
6461,0.37074221145948844,0.6292577885405115
6462,0.6300300161812512,0.3699699838187488
6463,0.7272177875691517,0.27278221243084827
6464,0.17152432506689583,0.8284756749331041
6465,0.17152432506689583,0.8284756749331041
6466,0.5607764090253841,0.43922359097461605
6467,0.6600022324356174,0.33999776756438255
6468,0.4132847244196615,0.5867152755803385
6469,0.5109995794803472,0.48900042051965265
6470,0.24079373819796437,0.7592062618020357
6471,0.5535679907297638,0.4464320092702362
6472,0.5109995794803472,0.48900042051965265
6473,0.36569943497540414,0.6343005650245959
6474,0.6600022324356174,0.33999776756438255
6475,0.7228965412341224,0.27710345876587766
6476,0.4055182404899278,0.5944817595100723
6477,0.5164147288121264,0.4835852711878736
6478,0.7228965412341224,0.27710345876587766
6479,0.8354243216877313,0.1645756783122687
6480,0.35263787435885746,0.6473621256411425
6481,0.4055182404899278,0.5944817595100723
6482,0.5379795291222736,0.46202047087772646
6483,0.5607764090253841,0.43922359097461605
6484,0.27343962500794866,0.7265603749920513
6485,0.27343962500794866,0.7265603749920513
6486,0.5109995794803472,0.48900042051965265
6487,0.4055182404899278,0.5944817595100723
6488,0.4055182404899278,0.5944817595100723
6489,0.5014253587111425,0.4985746412888574
6490,0.19016400946085849,0.8098359905391415
6491,0.5109995794803472,0.48900042051965265
6492,0.5607764090253841,0.43922359097461605
6493,0.6407776374592244,0.3592223625407756
6494,0.3725027327548302,0.6274972672451699
6495,0.4055182404899278,0.5944817595100723
6496,0.6206274115129148,0.37937258848708527
6497,0.7483504166269072,0.25164958337309284
6498,0.6300300161812512,0.3699699838187488
6499,0.4055182404899278,0.5944817595100723
6500,0.17152432506689583,0.8284756749331041
6501,0.4055182404899278,0.5944817595100723
6502,0.5607764090253841,0.43922359097461605
6503,0.6206274115129148,0.37937258848708527
6504,0.7804798523997533,0.21952014760024674
6505,0.5109995794803472,0.48900042051965265
6506,0.7483504166269072,0.25164958337309284
6507,0.5109995794803472,0.48900042051965265
6508,0.8745516645300054,0.12544833546999457
6509,0.5109995794803472,0.48900042051965265
6510,0.5379795291222736,0.46202047087772646
6511,0.4055182404899278,0.5944817595100723
6512,0.5164147288121264,0.4835852711878736
6513,0.33178427289292883,0.6682157271070712
6514,0.7228965412341224,0.27710345876587766
6515,0.17152432506689583,0.8284756749331041
6516,0.4055182404899278,0.5944817595100723
6517,0.045547382167705694,0.9544526178322944
6518,0.5535679907297638,0.4464320092702362
6519,0.8033052713137818,0.1966947286862182
6520,0.2611255103870312,0.7388744896129688
6521,0.5607764090253841,0.43922359097461605
6522,0.6988726586297102,0.30112734137028996
6523,0.6600022324356174,0.33999776756438255
6524,0.5164147288121264,0.4835852711878736
6525,0.27343962500794866,0.7265603749920513
6526,0.7611843081038367,0.2388156918961633
6527,0.5164147288121264,0.4835852711878736
6528,0.5164147288121264,0.4835852711878736
6529,0.4055182404899278,0.5944817595100723
6530,0.5535679907297638,0.4464320092702362
6531,0.6300300161812512,0.3699699838187488
6532,0.6407776374592244,0.3592223625407756
6533,0.6407776374592244,0.3592223625407756
6534,0.5379795291222736,0.46202047087772646
6535,0.5164147288121264,0.4835852711878736
6536,0.4418979094204615,0.5581020905795385
6537,0.5379795291222736,0.46202047087772646
6538,0.6600022324356174,0.33999776756438255
6539,0.27343962500794866,0.7265603749920513
6540,0.8198435325575983,0.18015646744240163
6541,0.5109995794803472,0.48900042051965265
6542,0.4055182404899278,0.5944817595100723
6543,0.6551211681459986,0.34487883185400137
6544,0.8354243216877313,0.1645756783122687
6545,0.6791423002574674,0.32085769974253264
6546,0.4055182404899278,0.5944817595100723
6547,0.4055182404899278,0.5944817595100723
6548,0.4055182404899278,0.5944817595100723
6549,0.37074221145948844,0.6292577885405115
6550,0.6407776374592244,0.3592223625407756
6551,0.6791423002574674,0.32085769974253264
6552,0.4055182404899278,0.5944817595100723
6553,0.6206274115129148,0.37937258848708527
6554,0.7681758653462372,0.23182413465376292
6555,0.5109995794803472,0.48900042051965265
6556,0.5109995794803472,0.48900042051965265
6557,0.6206274115129148,0.37937258848708527
6558,0.4055182404899278,0.5944817595100723
6559,0.5164147288121264,0.4835852711878736
6560,0.17152432506689583,0.8284756749331041
6561,0.4055182404899278,0.5944817595100723
6562,0.6551211681459986,0.34487883185400137
6563,0.5379795291222736,0.46202047087772646
6564,0.3407412696779104,0.6592587303220896
6565,0.27343962500794866,0.7265603749920513
6566,0.5599988803433171,0.44000111965668287
6567,0.5379795291222736,0.46202047087772646
6568,0.4055182404899278,0.5944817595100723
6569,0.5164147288121264,0.4835852711878736
6570,0.5164147288121264,0.4835852711878736
6571,0.5109995794803472,0.48900042051965265
6572,0.4055182404899278,0.5944817595100723
6573,0.6791423002574674,0.32085769974253264
6574,0.7228965412341224,0.27710345876587766
6575,0.7272177875691517,0.27278221243084827
6576,0.7681758653462372,0.23182413465376292
6577,0.6791423002574674,0.32085769974253264
6578,0.7440414205888575,0.25595857941114253
6579,0.24079373819796437,0.7592062618020357
6580,0.6551211681459986,0.34487883185400137
6581,0.3306676068015297,0.6693323931984703
6582,0.8166195960167063,0.1833804039832937
6583,0.4055182404899278,0.5944817595100723
6584,0.7681758653462372,0.23182413465376292
6585,0.7483504166269072,0.25164958337309284
6586,0.5109995794803472,0.48900042051965265
6587,0.5164147288121264,0.4835852711878736
6588,0.7272177875691517,0.27278221243084827
6589,0.24477881031937593,0.7552211896806241
6590,0.7979474043801508,0.2020525956198493
6591,0.5164147288121264,0.4835852711878736
6592,0.6791423002574674,0.32085769974253264
6593,0.6300300161812512,0.3699699838187488
6594,0.4055182404899278,0.5944817595100723
6595,0.660985070902844,0.339014929097156
6596,0.27343962500794866,0.7265603749920513
6597,0.4418979094204615,0.5581020905795385
6598,0.6791423002574674,0.32085769974253264
6599,0.5535679907297638,0.4464320092702362
6600,0.6457519339176656,0.3542480660823344
6601,0.7228965412341224,0.27710345876587766
6602,0.6206274115129148,0.37937258848708527
6603,0.5535679907297638,0.4464320092702362
6604,0.5164147288121264,0.4835852711878736
6605,0.7681758653462372,0.23182413465376292
6606,0.8585380710030728,0.14146192899692717
6607,0.6600022324356174,0.33999776756438255
6608,0.6551211681459986,0.34487883185400137
6609,0.4055182404899278,0.5944817595100723
6610,0.19411081307446162,0.8058891869255383
6611,0.5607764090253841,0.43922359097461605
6612,0.6854751487655123,0.31452485123448776
6613,0.5109995794803472,0.48900042051965265
6614,0.6206274115129148,0.37937258848708527
6615,0.6600022324356174,0.33999776756438255
6616,0.7681758653462372,0.23182413465376292
6617,0.6600022324356174,0.33999776756438255
6618,0.5379795291222736,0.46202047087772646
6619,0.4055182404899278,0.5944817595100723
6620,0.7257718734934321,0.27422812650656797
6621,0.6206274115129148,0.37937258848708527
6622,0.4055182404899278,0.5944817595100723
6623,0.6847942873929399,0.3152057126070601
6624,0.4055182404899278,0.5944817595100723
6625,0.33178427289292883,0.6682157271070712
6626,0.6791423002574674,0.32085769974253264
6627,0.6791423002574674,0.32085769974253264
6628,0.4055182404899278,0.5944817595100723
6629,0.5109995794803472,0.48900042051965265
6630,0.5535679907297638,0.4464320092702362
6631,0.8300121006954844,0.16998789930451563
6632,0.4055182404899278,0.5944817595100723
6633,0.7689554697214681,0.2310445302785318
6634,0.4055182404899278,0.5944817595100723
6635,0.4361110484564341,0.563888951543566
6636,0.7363236973311471,0.26367630266885284
6637,0.7611843081038367,0.2388156918961633
6638,0.7363236973311471,0.26367630266885284
6639,0.8033052713137818,0.1966947286862182
6640,0.4055182404899278,0.5944817595100723
6641,0.6791423002574674,0.32085769974253264
6642,0.4055182404899278,0.5944817595100723
6643,0.6206274115129148,0.37937258848708527
6644,0.7483504166269072,0.25164958337309284
6645,0.661691953970598,0.33830804602940195
6646,0.5535679907297638,0.4464320092702362
6647,0.4055182404899278,0.5944817595100723
6648,0.661691953970598,0.33830804602940195
6649,0.5379795291222736,0.46202047087772646
6650,0.4055182404899278,0.5944817595100723
6651,0.4055182404899278,0.5944817595100723
6652,0.24079373819796437,0.7592062618020357
6653,0.8585380710030728,0.14146192899692717
6654,0.24079373819796437,0.7592062618020357
6655,0.5109995794803472,0.48900042051965265
6656,0.7984557840876035,0.20154421591239652
6657,0.2611255103870312,0.7388744896129688
6658,0.4055182404899278,0.5944817595100723
6659,0.6600022324356174,0.33999776756438255
6660,0.7681758653462372,0.23182413465376292
6661,0.5109995794803472,0.48900042051965265
6662,0.4055182404899278,0.5944817595100723
6663,0.8198435325575983,0.18015646744240163
6664,0.4055182404899278,0.5944817595100723
6665,0.7483504166269072,0.25164958337309284
6666,0.6206274115129148,0.37937258848708527
6667,0.5535679907297638,0.4464320092702362
6668,0.24079373819796437,0.7592062618020357
6669,0.6600022324356174,0.33999776756438255
6670,0.27343962500794866,0.7265603749920513
6671,0.6600022324356174,0.33999776756438255
6672,0.7228965412341224,0.27710345876587766
6673,0.8354243216877313,0.1645756783122687
6674,0.4055182404899278,0.5944817595100723
6675,0.6551211681459986,0.34487883185400137
6676,0.5109995794803472,0.48900042051965265
6677,0.5109995794803472,0.48900042051965265
6678,0.6206274115129148,0.37937258848708527
6679,0.17152432506689583,0.8284756749331041
6680,0.5109995794803472,0.48900042051965265
6681,0.4055182404899278,0.5944817595100723
6682,0.660985070902844,0.339014929097156
6683,0.5164147288121264,0.4835852711878736
6684,0.2021486517783704,0.7978513482216295
6685,0.6982080306336463,0.30179196936635355
6686,0.6988726586297102,0.30112734137028996
6687,0.6407776374592244,0.3592223625407756
6688,0.661691953970598,0.33830804602940195
6689,0.27343962500794866,0.7265603749920513
6690,0.6206274115129148,0.37937258848708527
6691,0.37074221145948844,0.6292577885405115
6692,0.5109995794803472,0.48900042051965265
6693,0.6407776374592244,0.3592223625407756
6694,0.7257718734934321,0.27422812650656797
6695,0.4055182404899278,0.5944817595100723
6696,0.6407776374592244,0.3592223625407756
6697,0.17152432506689583,0.8284756749331041
6698,0.5109995794803472,0.48900042051965265
6699,0.6457519339176656,0.3542480660823344
6700,0.4055182404899278,0.5944817595100723
6701,0.6551211681459986,0.34487883185400137
6702,0.4055182404899278,0.5944817595100723
6703,0.6982080306336463,0.30179196936635355
6704,0.17152432506689583,0.8284756749331041
6705,0.6600022324356174,0.33999776756438255
6706,0.4055182404899278,0.5944817595100723
6707,0.8033052713137818,0.1966947286862182
6708,0.6551211681459986,0.34487883185400137
6709,0.4055182404899278,0.5944817595100723
6710,0.4055182404899278,0.5944817595100723
6711,0.4055182404899278,0.5944817595100723
6712,0.5164147288121264,0.4835852711878736
6713,0.5535679907297638,0.4464320092702362
6714,0.17152432506689583,0.8284756749331041
6715,0.6206274115129148,0.37937258848708527
6716,0.7695157251746283,0.2304842748253717
6717,0.779938626691946,0.22006137330805386
6718,0.4055182404899278,0.5944817595100723
6719,0.5164147288121264,0.4835852711878736
6720,0.5109995794803472,0.48900042051965265
6721,0.6982080306336463,0.30179196936635355
6722,0.17152432506689583,0.8284756749331041
6723,0.5164147288121264,0.4835852711878736
6724,0.6847942873929399,0.3152057126070601
6725,0.7272177875691517,0.27278221243084827
6726,0.8033052713137818,0.1966947286862182
6727,0.44725053796124686,0.5527494620387531
6728,0.4055182404899278,0.5944817595100723
6729,0.660985070902844,0.339014929097156
6730,0.5379795291222736,0.46202047087772646
6731,0.5164147288121264,0.4835852711878736
6732,0.7695157251746283,0.2304842748253717
6733,0.661691953970598,0.33830804602940195
6734,0.5109995794803472,0.48900042051965265
6735,0.4055182404899278,0.5944817595100723
6736,0.6551211681459986,0.34487883185400137
6737,0.4055182404899278,0.5944817595100723
6738,0.17152432506689583,0.8284756749331041
6739,0.7642931509585567,0.23570684904144332
6740,0.4055182404899278,0.5944817595100723
6741,0.8745516645300054,0.12544833546999457
6742,0.4055182404899278,0.5944817595100723
6743,0.779938626691946,0.22006137330805386
6744,0.6600022324356174,0.33999776756438255
6745,0.4055182404899278,0.5944817595100723
6746,0.4055182404899278,0.5944817595100723
6747,0.5164147288121264,0.4835852711878736
6748,0.6300300161812512,0.3699699838187488
6749,0.5535679907297638,0.4464320092702362
6750,0.5109995794803472,0.48900042051965265
6751,0.6551211681459986,0.34487883185400137
6752,0.8033052713137818,0.1966947286862182
6753,0.4055182404899278,0.5944817595100723
6754,0.4418979094204615,0.5581020905795385
6755,0.5607764090253841,0.43922359097461605
6756,0.4055182404899278,0.5944817595100723
6757,0.6600022324356174,0.33999776756438255
6758,0.4055182404899278,0.5944817595100723
6759,0.6300300161812512,0.3699699838187488
6760,0.6407776374592244,0.3592223625407756
6761,0.4055182404899278,0.5944817595100723
6762,0.6457519339176656,0.3542480660823344
6763,0.5535679907297638,0.4464320092702362
6764,0.8295663287583086,0.17043367124169134
6765,0.7228965412341224,0.27710345876587766
6766,0.5535679907297638,0.4464320092702362
6767,0.3725027327548302,0.6274972672451699
6768,0.6407776374592244,0.3592223625407756
6769,0.27343962500794866,0.7265603749920513
6770,0.6206274115129148,0.37937258848708527
6771,0.4055182404899278,0.5944817595100723
6772,0.8295663287583086,0.17043367124169134
6773,0.8638934843410653,0.13610651565893475
6774,0.7804798523997533,0.21952014760024674
6775,0.6982080306336463,0.30179196936635355
6776,0.4055182404899278,0.5944817595100723
6777,0.7979474043801508,0.2020525956198493
6778,0.5109995794803472,0.48900042051965265
6779,0.661691953970598,0.33830804602940195
6780,0.7681758653462372,0.23182413465376292
6781,0.5109995794803472,0.48900042051965265
6782,0.7979474043801508,0.2020525956198493
6783,0.4055182404899278,0.5944817595100723
6784,0.5535679907297638,0.4464320092702362
6785,0.24079373819796437,0.7592062618020357
6786,0.5109995794803472,0.48900042051965265
6787,0.4055182404899278,0.5944817595100723
6788,0.6407776374592244,0.3592223625407756
6789,0.6407776374592244,0.3592223625407756
6790,0.5599988803433171,0.44000111965668287
6791,0.5607764090253841,0.43922359097461605
6792,0.6600022324356174,0.33999776756438255
6793,0.5109995794803472,0.48900042051965265
6794,0.5164147288121264,0.4835852711878736
6795,0.6457519339176656,0.3542480660823344
6796,0.4055182404899278,0.5944817595100723
6797,0.5599988803433171,0.44000111965668287
6798,0.4055182404899278,0.5944817595100723
6799,0.5607764090253841,0.43922359097461605
6800,0.6457519339176656,0.3542480660823344
6801,0.6988726586297102,0.30112734137028996
6802,0.7483504166269072,0.25164958337309284
6803,0.5109995794803472,0.48900042051965265
6804,0.8354243216877313,0.1645756783122687
6805,0.6600022324356174,0.33999776756438255
6806,0.6206274115129148,0.37937258848708527
6807,0.5109995794803472,0.48900042051965265
6808,0.8581543208417914,0.14184567915820848
6809,0.5379795291222736,0.46202047087772646
6810,0.17152432506689583,0.8284756749331041
6811,0.6206274115129148,0.37937258848708527
6812,0.6791423002574674,0.32085769974253264
6813,0.5109995794803472,0.48900042051965265
6814,0.6206274115129148,0.37937258848708527
6815,0.5164147288121264,0.4835852711878736
6816,0.2861392468285781,0.713860753171422
6817,0.5109995794803472,0.48900042051965265
6818,0.6600022324356174,0.33999776756438255
6819,0.0,1.0
6820,0.8354243216877313,0.1645756783122687
6821,0.8033052713137818,0.1966947286862182
6822,0.6457519339176656,0.3542480660823344
6823,0.661691953970598,0.33830804602940195
6824,0.5535679907297638,0.4464320092702362
6825,0.10656260021467953,0.8934373997853206
6826,0.661691953970598,0.33830804602940195
6827,0.5800429156026512,0.4199570843973488
6828,0.3306676068015297,0.6693323931984703
6829,0.6600022324356174,0.33999776756438255
6830,0.6551211681459986,0.34487883185400137
6831,0.5535679907297638,0.4464320092702362
6832,0.5109995794803472,0.48900042051965265
6833,0.7272177875691517,0.27278221243084827
6834,0.661691953970598,0.33830804602940195
6835,0.5164147288121264,0.4835852711878736
6836,0.5164147288121264,0.4835852711878736
6837,0.5164147288121264,0.4835852711878736
6838,0.5535679907297638,0.4464320092702362
6839,0.6407776374592244,0.3592223625407756
6840,0.6600022324356174,0.33999776756438255
6841,0.7272177875691517,0.27278221243084827
6842,0.5534805558749383,0.4465194441250619
6843,0.660985070902844,0.339014929097156
6844,0.30531658655451627,0.6946834134454837
6845,0.7483504166269072,0.25164958337309284
6846,0.5535679907297638,0.4464320092702362
6847,0.7483504166269072,0.25164958337309284
6848,0.5379795291222736,0.46202047087772646
6849,0.6206274115129148,0.37937258848708527
6850,0.4055182404899278,0.5944817595100723
6851,0.5164147288121264,0.4835852711878736
6852,0.8585380710030728,0.14146192899692717
6853,0.17152432506689583,0.8284756749331041
6854,0.7804798523997533,0.21952014760024674
6855,0.4055182404899278,0.5944817595100723
6856,0.7272177875691517,0.27278221243084827
6857,0.36569943497540414,0.6343005650245959
6858,0.8166195960167063,0.1833804039832937
6859,0.6206274115129148,0.37937258848708527
6860,0.5379795291222736,0.46202047087772646
6861,0.6791423002574674,0.32085769974253264
6862,0.27343962500794866,0.7265603749920513
6863,0.6854751487655123,0.31452485123448776
6864,0.4055182404899278,0.5944817595100723
6865,0.17152432506689583,0.8284756749331041
6866,0.779938626691946,0.22006137330805386
6867,0.7681758653462372,0.23182413465376292
6868,0.5109995794803472,0.48900042051965265
6869,0.8638934843410653,0.13610651565893475
6870,0.7483504166269072,0.25164958337309284
6871,0.5473761604490375,0.45262383955096247
6872,0.5109995794803472,0.48900042051965265
6873,0.1693267347773634,0.8306732652226366
6874,0.5164147288121264,0.4835852711878736
6875,0.661691953970598,0.33830804602940195
6876,0.6988726586297102,0.30112734137028996
6877,0.24384811281581376,0.7561518871841862
6878,0.6988726586297102,0.30112734137028996
6879,0.5109995794803472,0.48900042051965265
6880,0.6206274115129148,0.37937258848708527
6881,0.8033052713137818,0.1966947286862182
6882,0.44725053796124686,0.5527494620387531
6883,0.7363236973311471,0.26367630266885284
6884,0.5164147288121264,0.4835852711878736
6885,0.6206274115129148,0.37937258848708527
6886,0.39812373157605924,0.6018762684239407
6887,0.8295663287583086,0.17043367124169134
6888,0.6407776374592244,0.3592223625407756
6889,0.5599988803433171,0.44000111965668287
6890,0.8761230254721161,0.12387697452788393
6891,0.6457519339176656,0.3542480660823344
6892,0.012749826683122903,0.9872501733168771
6893,0.5164147288121264,0.4835852711878736
6894,0.4055182404899278,0.5944817595100723
6895,0.11439977880404538,0.8856002211959546
6896,0.5164147288121264,0.4835852711878736
6897,0.4055182404899278,0.5944817595100723
6898,0.6600022324356174,0.33999776756438255
6899,0.24079373819796437,0.7592062618020357
6900,0.17152432506689583,0.8284756749331041
6901,0.7681758653462372,0.23182413465376292
6902,0.5164147288121264,0.4835852711878736
6903,0.5109995794803472,0.48900042051965265
6904,0.6551211681459986,0.34487883185400137
6905,0.5379795291222736,0.46202047087772646
6906,0.915502193535261,0.08449780646473895
6907,0.5599988803433171,0.44000111965668287
6908,0.5379795291222736,0.46202047087772646
6909,0.5535679907297638,0.4464320092702362
6910,0.6600022324356174,0.33999776756438255
6911,0.7804798523997533,0.21952014760024674
6912,0.5379795291222736,0.46202047087772646
6913,0.37074221145948844,0.6292577885405115
6914,0.6551211681459986,0.34487883185400137
6915,0.3911441812047951,0.6088558187952049
6916,0.3512390430269309,0.6487609569730691
6917,0.17152432506689583,0.8284756749331041
6918,0.5109995794803472,0.48900042051965265
6919,0.33178427289292883,0.6682157271070712
6920,0.7363236973311471,0.26367630266885284
6921,0.5164147288121264,0.4835852711878736
6922,0.5164147288121264,0.4835852711878736
6923,0.8033052713137818,0.1966947286862182
6924,0.8638934843410653,0.13610651565893475
6925,0.17152432506689583,0.8284756749331041
6926,0.7363236973311471,0.26367630266885284
6927,0.7228965412341224,0.27710345876587766
6928,0.7272177875691517,0.27278221243084827
6929,0.5599988803433171,0.44000111965668287
6930,0.6206274115129148,0.37937258848708527
6931,0.8745516645300054,0.12544833546999457
6932,0.17152432506689583,0.8284756749331041
6933,0.4055182404899278,0.5944817595100723
6934,0.4055182404899278,0.5944817595100723
6935,0.5379795291222736,0.46202047087772646
6936,0.5109995794803472,0.48900042051965265
6937,0.27343962500794866,0.7265603749920513
6938,0.5109995794803472,0.48900042051965265
6939,0.6600022324356174,0.33999776756438255
6940,0.06812494781823102,0.9318750521817689
6941,0.3407412696779104,0.6592587303220896
6942,0.6457519339176656,0.3542480660823344
6943,0.37074221145948844,0.6292577885405115
6944,0.6600022324356174,0.33999776756438255
6945,0.5164147288121264,0.4835852711878736
6946,0.11439977880404538,0.8856002211959546
6947,0.4055182404899278,0.5944817595100723
6948,0.5164147288121264,0.4835852711878736
6949,0.8033052713137818,0.1966947286862182
6950,0.36569943497540414,0.6343005650245959
6951,0.7363236973311471,0.26367630266885284
6952,0.5109995794803472,0.48900042051965265
6953,0.4055182404899278,0.5944817595100723
6954,0.5164147288121264,0.4835852711878736
6955,0.5379795291222736,0.46202047087772646
6956,0.6551211681459986,0.34487883185400137
6957,0.5607764090253841,0.43922359097461605
6958,0.5109995794803472,0.48900042051965265
6959,0.4055182404899278,0.5944817595100723
6960,0.6600022324356174,0.33999776756438255
6961,0.6854751487655123,0.31452485123448776
6962,0.7483504166269072,0.25164958337309284
6963,0.5599988803433171,0.44000111965668287
6964,0.6407776374592244,0.3592223625407756
6965,0.6457519339176656,0.3542480660823344
6966,0.6206274115129148,0.37937258848708527
6967,0.7363236973311471,0.26367630266885284
6968,0.6206274115129148,0.37937258848708527
6969,0.7272177875691517,0.27278221243084827
6970,0.5109995794803472,0.48900042051965265
6971,0.7483504166269072,0.25164958337309284
6972,0.4055182404899278,0.5944817595100723
6973,0.5109995794803472,0.48900042051965265
6974,0.5599988803433171,0.44000111965668287
6975,0.6791423002574674,0.32085769974253264
6976,0.3756589637849349,0.6243410362150651
6977,0.5109995794803472,0.48900042051965265
6978,0.4055182404899278,0.5944817595100723
6979,0.6600022324356174,0.33999776756438255
6980,0.5164147288121264,0.4835852711878736
6981,0.660985070902844,0.339014929097156
6982,0.7681758653462372,0.23182413465376292
6983,0.7272177875691517,0.27278221243084827
6984,0.6206274115129148,0.37937258848708527
6985,0.7483504166269072,0.25164958337309284
6986,0.4055182404899278,0.5944817595100723
6987,0.5109995794803472,0.48900042051965265
6988,0.4055182404899278,0.5944817595100723
6989,0.4055182404899278,0.5944817595100723
6990,0.8198435325575983,0.18015646744240163
6991,0.5607764090253841,0.43922359097461605
6992,0.5109995794803472,0.48900042051965265
6993,0.6206274115129148,0.37937258848708527
6994,0.5109995794803472,0.48900042051965265
6995,0.7228965412341224,0.27710345876587766
6996,0.7979474043801508,0.2020525956198493
6997,0.4055182404899278,0.5944817595100723
6998,0.6206274115129148,0.37937258848708527
6999,0.11439977880404538,0.8856002211959546
7000,0.661691953970598,0.33830804602940195
7001,0.17152432506689583,0.8284756749331041
7002,0.3407412696779104,0.6592587303220896
7003,0.5535679907297638,0.4464320092702362
7004,0.5379795291222736,0.46202047087772646
7005,0.8033052713137818,0.1966947286862182
7006,0.6791423002574674,0.32085769974253264
7007,0.4055182404899278,0.5944817595100723
7008,0.7642931509585567,0.23570684904144332
7009,0.5379795291222736,0.46202047087772646
7010,0.17152432506689583,0.8284756749331041
7011,0.5164147288121264,0.4835852711878736
7012,0.5599988803433171,0.44000111965668287
7013,0.17152432506689583,0.8284756749331041
7014,0.27928227679748424,0.7207177232025158
7015,0.4055182404899278,0.5944817595100723
7016,0.6854751487655123,0.31452485123448776
7017,0.5379795291222736,0.46202047087772646
7018,0.6600022324356174,0.33999776756438255
7019,0.5607764090253841,0.43922359097461605
7020,0.4055182404899278,0.5944817595100723
7021,0.24079373819796437,0.7592062618020357
7022,0.6551211681459986,0.34487883185400137
7023,0.33178427289292883,0.6682157271070712
7024,0.6600022324356174,0.33999776756438255
7025,0.4055182404899278,0.5944817595100723
7026,0.1693267347773634,0.8306732652226366
7027,0.27343962500794866,0.7265603749920513
7028,0.1292445905784255,0.8707554094215746
7029,0.6551211681459986,0.34487883185400137
7030,0.5164147288121264,0.4835852711878736
7031,0.5164147288121264,0.4835852711878736
7032,0.8638934843410653,0.13610651565893475
7033,0.4055182404899278,0.5944817595100723
7034,0.7695157251746283,0.2304842748253717
7035,0.5599988803433171,0.44000111965668287
7036,0.5109995794803472,0.48900042051965265
7037,0.5109995794803472,0.48900042051965265
7038,0.8033052713137818,0.1966947286862182
7039,0.6457519339176656,0.3542480660823344
7040,0.6791423002574674,0.32085769974253264
7041,0.4055182404899278,0.5944817595100723
7042,0.7642931509585567,0.23570684904144332
7043,0.4055182404899278,0.5944817595100723
7044,0.6300300161812512,0.3699699838187488
7045,0.17152432506689583,0.8284756749331041
7046,0.8761230254721161,0.12387697452788393
7047,0.19016400946085849,0.8098359905391415
7048,0.7483504166269072,0.25164958337309284
7049,0.5379795291222736,0.46202047087772646
7050,0.8745516645300054,0.12544833546999457
7051,0.4055182404899278,0.5944817595100723
7052,0.7695157251746283,0.2304842748253717
7053,0.5164147288121264,0.4835852711878736
7054,0.5109995794803472,0.48900042051965265
7055,0.6551211681459986,0.34487883185400137
7056,0.5607764090253841,0.43922359097461605
7057,0.4055182404899278,0.5944817595100723
7058,0.7695157251746283,0.2304842748253717
7059,0.6551211681459986,0.34487883185400137
7060,0.4055182404899278,0.5944817595100723
7061,0.4055182404899278,0.5944817595100723
7062,0.27343962500794866,0.7265603749920513
7063,0.6206274115129148,0.37937258848708527
7064,0.8033052713137818,0.1966947286862182
7065,0.7272177875691517,0.27278221243084827
7066,0.5164147288121264,0.4835852711878736
7067,0.5535679907297638,0.4464320092702362
7068,0.7483504166269072,0.25164958337309284
7069,0.8055706578599358,0.19442934214006427
7070,0.5535679907297638,0.4464320092702362
7071,0.8638934843410653,0.13610651565893475
7072,0.6600022324356174,0.33999776756438255
7073,0.8354243216877313,0.1645756783122687
7074,0.496006172226102,0.503993827773898
7075,0.7732932924694095,0.22670670753059063
7076,0.7681758653462372,0.23182413465376292
7077,0.17152432506689583,0.8284756749331041
7078,0.5109995794803472,0.48900042051965265
7079,0.5379795291222736,0.46202047087772646
7080,0.4055182404899278,0.5944817595100723
7081,0.6600022324356174,0.33999776756438255
7082,0.37074221145948844,0.6292577885405115
7083,0.17152432506689583,0.8284756749331041
7084,0.6206274115129148,0.37937258848708527
7085,0.24477881031937593,0.7552211896806241
7086,0.5535679907297638,0.4464320092702362
7087,0.6600022324356174,0.33999776756438255
7088,0.3407412696779104,0.6592587303220896
7089,0.7606101010148651,0.23938989898513488
7090,0.7681758653462372,0.23182413465376292
7091,0.6900753640344336,0.3099246359655664
7092,0.17152432506689583,0.8284756749331041
7093,0.7804798523997533,0.21952014760024674
7094,0.5379795291222736,0.46202047087772646
7095,0.6600022324356174,0.33999776756438255
7096,0.8835661482016639,0.11643385179833604
7097,0.5379795291222736,0.46202047087772646
7098,0.7363236973311471,0.26367630266885284
7099,0.5607764090253841,0.43922359097461605
7100,0.4055182404899278,0.5944817595100723
7101,0.36569943497540414,0.6343005650245959
7102,0.5379795291222736,0.46202047087772646
7103,0.07656660132972058,0.9234333986702794
7104,0.5109995794803472,0.48900042051965265
7105,0.661691953970598,0.33830804602940195
7106,0.5164147288121264,0.4835852711878736
7107,0.4055182404899278,0.5944817595100723
7108,0.5109995794803472,0.48900042051965265
7109,0.5379795291222736,0.46202047087772646
7110,0.779938626691946,0.22006137330805386
7111,0.14074747276587649,0.8592525272341235
7112,0.4055182404899278,0.5944817595100723
7113,0.5379795291222736,0.46202047087772646
7114,0.6551211681459986,0.34487883185400137
7115,0.4055182404899278,0.5944817595100723
7116,0.4055182404899278,0.5944817595100723
7117,0.8055706578599358,0.19442934214006427
7118,0.5535679907297638,0.4464320092702362
7119,0.7681758653462372,0.23182413465376292
7120,0.8354243216877313,0.1645756783122687
7121,0.6407776374592244,0.3592223625407756
7122,0.5379795291222736,0.46202047087772646
7123,0.6900753640344336,0.3099246359655664
7124,0.7228965412341224,0.27710345876587766
7125,0.7804798523997533,0.21952014760024674
7126,0.6600022324356174,0.33999776756438255
7127,0.8581543208417914,0.14184567915820848
7128,0.30531658655451627,0.6946834134454837
7129,0.6457519339176656,0.3542480660823344
7130,0.4055182404899278,0.5944817595100723
7131,0.24477881031937593,0.7552211896806241
7132,0.8447388407809975,0.15526115921900252
7133,0.6791423002574674,0.32085769974253264
7134,0.5379795291222736,0.46202047087772646
7135,0.6300300161812512,0.3699699838187488
7136,0.5534805558749383,0.4465194441250619
7137,0.4055182404899278,0.5944817595100723
7138,0.2611255103870312,0.7388744896129688
7139,0.19016400946085849,0.8098359905391415
7140,0.6206274115129148,0.37937258848708527
7141,0.6206274115129148,0.37937258848708527
7142,0.4055182404899278,0.5944817595100723
7143,0.4055182404899278,0.5944817595100723
7144,0.6457519339176656,0.3542480660823344
7145,0.24477881031937593,0.7552211896806241
7146,0.661691953970598,0.33830804602940195
7147,0.7483504166269072,0.25164958337309284
7148,0.4055182404899278,0.5944817595100723
7149,0.27343962500794866,0.7265603749920513
7150,0.27343962500794866,0.7265603749920513
7151,0.5164147288121264,0.4835852711878736
7152,0.36569943497540414,0.6343005650245959
7153,0.6600022324356174,0.33999776756438255
7154,0.5109995794803472,0.48900042051965265
7155,0.8033052713137818,0.1966947286862182
7156,0.6551211681459986,0.34487883185400137
7157,0.6206274115129148,0.37937258848708527
7158,0.4055182404899278,0.5944817595100723
7159,0.7228965412341224,0.27710345876587766
7160,0.4055182404899278,0.5944817595100723
7161,0.5607764090253841,0.43922359097461605
7162,0.5535679907297638,0.4464320092702362
7163,0.7483504166269072,0.25164958337309284
7164,0.661691953970598,0.33830804602940195
7165,0.4055182404899278,0.5944817595100723
7166,0.8745516645300054,0.12544833546999457
7167,0.6206274115129148,0.37937258848708527
7168,0.6206274115129148,0.37937258848708527
7169,0.5109995794803472,0.48900042051965265
7170,0.4055182404899278,0.5944817595100723
7171,0.5109995794803472,0.48900042051965265
7172,0.7228965412341224,0.27710345876587766
7173,0.7272177875691517,0.27278221243084827
7174,0.4055182404899278,0.5944817595100723
7175,0.8033052713137818,0.1966947286862182
7176,0.661691953970598,0.33830804602940195
7177,0.6600022324356174,0.33999776756438255
7178,0.6457519339176656,0.3542480660823344
7179,0.7681758653462372,0.23182413465376292
7180,0.8745516645300054,0.12544833546999457
7181,0.7228965412341224,0.27710345876587766
7182,0.7681758653462372,0.23182413465376292
7183,0.5379795291222736,0.46202047087772646
7184,0.8354243216877313,0.1645756783122687
7185,0.6600022324356174,0.33999776756438255
7186,0.27343962500794866,0.7265603749920513
7187,0.44725053796124686,0.5527494620387531
7188,0.7483504166269072,0.25164958337309284
7189,0.6551211681459986,0.34487883185400137
7190,0.5109995794803472,0.48900042051965265
7191,0.8055706578599358,0.19442934214006427
7192,0.5164147288121264,0.4835852711878736
7193,0.4055182404899278,0.5944817595100723
7194,0.7363236973311471,0.26367630266885284
7195,0.36569943497540414,0.6343005650245959
7196,0.6551211681459986,0.34487883185400137
7197,0.4055182404899278,0.5944817595100723
7198,0.4055182404899278,0.5944817595100723
7199,0.5164147288121264,0.4835852711878736
7200,0.6407776374592244,0.3592223625407756
7201,0.11439977880404538,0.8856002211959546
7202,0.5607764090253841,0.43922359097461605
7203,0.6988726586297102,0.30112734137028996
7204,0.5109995794803472,0.48900042051965265
7205,0.6206274115129148,0.37937258848708527
7206,0.6206274115129148,0.37937258848708527
7207,0.5109995794803472,0.48900042051965265
7208,0.4055182404899278,0.5944817595100723
7209,0.4055182404899278,0.5944817595100723
7210,0.4055182404899278,0.5944817595100723
7211,0.7606101010148651,0.23938989898513488
7212,0.6407776374592244,0.3592223625407756
7213,0.6854751487655123,0.31452485123448776
