,fair_0,fair_1,two_year_recid_0,two_year_recid_1
6000,0.2267805568415892,0.7732194431584107,0.13591658848450835,0.8640834115154916
6001,0.7742545886069787,0.2257454113930214,0.46390592829214716,0.536094071707853
6002,0.7742545886069787,0.2257454113930214,0.46390592829214716,0.536094071707853
6003,0.7742545886069787,0.2257454113930214,0.46390592829214716,0.536094071707853
6004,0.6547645434024936,0.34523545659750643,0.5000973289149623,0.49990267108503783
6005,0.999999999925498,7.450198931452e-11,0.7427204366040703,0.2572795633959298
6006,0.9999908459700819,9.15402991793519e-06,0.7799350222673472,0.22006497773265257
6007,0.7742545886069787,0.2257454113930214,0.46390592829214716,0.536094071707853
6008,0.6827041732111281,0.3172958267888718,0.5070620927044596,0.4929379072955404
6009,0.6827041732111282,0.31729582678887175,0.5331834146474446,0.46681658535255544
6010,0.9999908459700819,9.15402991793519e-06,0.7799350222673472,0.22006497773265257
6011,0.6827041732111281,0.3172958267888718,0.5070620927044596,0.4929379072955404
6012,0.841373739216664,0.15862626078333603,0.6559336705873424,0.3440663294126575
6013,0.7742545886069787,0.2257454113930214,0.46390592829214716,0.536094071707853
6014,0.9999999999999998,1.9557703831106417e-16,0.8475594446166765,0.15244055538332343
6015,0.3307002341262967,0.6692997658737034,0.26112099098979713,0.738879009010203
6016,0.7689193488514517,0.23108065114854823,0.6005097969823182,0.3994902030176818
6017,0.6741648455820006,0.32583515441799954,0.4039425933547436,0.5960574066452566
6018,0.6645528137370244,0.3354471862629756,0.39818406638155046,0.6018159336184494
6019,0.6560016115006168,0.34399838849938325,0.5261982416447717,0.4738017583552283
6020,0.9999999999975724,2.4275941241593903e-12,0.7799417745526876,0.22005822544731232
6021,0.8692266562854037,0.13077334371459623,0.6455939477133683,0.3544060522866316
6022,1.0,1.8589219305998386e-23,0.5991490341772685,0.40085096582273144
6023,0.9999999999999962,3.784293090962013e-15,0.7785710474046967,0.2214289525953033
6024,0.8692266562854037,0.13077334371459623,0.6455939477133683,0.3544060522866316
6025,0.6547645434024936,0.34523545659750643,0.5000973289149623,0.49990267108503783
6026,0.9859121050692153,0.014087894930784687,0.7530218538221682,0.2469781461778318
6027,0.7742545886069787,0.2257454113930214,0.46390592829214716,0.536094071707853
6028,0.26139784442460184,0.7386021555753981,0.2041806519514871,0.7958193480485127
6029,0.6560016115006168,0.34399838849938325,0.5261982416447717,0.4738017583552283
6030,0.746781233829953,0.25321876617004685,0.593160014886032,0.4068399851139678
6031,0.9999999999755039,2.4496159321521552e-11,0.599149034162593,0.4008509658374071
6032,0.841373739216664,0.158626260783336,0.5041167229958383,0.4958832770041618
6033,0.44008251813713245,0.5599174818628676,0.2637048768886243,0.7362951231113757
6034,0.7742545886069787,0.2257454113930214,0.46390592829214716,0.536094071707853
6035,0.6560016115006168,0.34399838849938325,0.5261982416447717,0.4738017583552283
6036,0.999999999925498,7.450198931452e-11,0.7427204366040703,0.2572795633959298
6037,0.7742545886069787,0.2257454113930214,0.46390592829214716,0.536094071707853
6038,0.7689193488514517,0.2310806511485483,0.5710948463678174,0.4289051536321827
6039,0.9999999998844216,1.155786459662497e-10,0.7427204365735623,0.25727956342643776
6040,0.841373739216664,0.158626260783336,0.5041167229958383,0.4958832770041618
6041,0.7689193488514517,0.2310806511485483,0.5710948463678174,0.4289051536321827
6042,0.6827041732111281,0.3172958267888718,0.5070620927044596,0.4929379072955404
6043,0.8692266562854037,0.13077334371459623,0.6455939477133683,0.3544060522866316
6044,0.2267805568415892,0.7732194431584107,0.13591658848450835,0.8640834115154916
6045,0.6827041732111281,0.3172958267888718,0.5070620927044596,0.4929379072955404
6046,0.6827041732111281,0.3172958267888718,0.5070620927044596,0.4929379072955404
6047,0.841373739216664,0.158626260783336,0.5041167229958383,0.4958832770041618
6048,0.7689193488514517,0.23108065114854823,0.6005097969823182,0.3994902030176818
6049,0.8692266562854037,0.13077334371459623,0.6455939477133683,0.3544060522866316
6050,0.6827041732111281,0.3172958267888718,0.5070620927044596,0.4929379072955404
6051,0.9999999999755039,2.4496159321521552e-11,0.7785710473857611,0.22142895261423895
6052,0.7742545886069786,0.22574541139302143,0.6040424104370203,0.39595758956297966
6053,0.999999999925498,7.450198931452e-11,0.7427204366040703,0.2572795633959298
6054,0.9999999999755039,2.4496159321521552e-11,0.7785710473857611,0.22142895261423895
6055,0.7742545886069787,0.2257454113930214,0.46390592829214716,0.536094071707853
6056,0.7742545886069787,0.2257454113930214,0.46390592829214716,0.536094071707853
6057,0.8692266562854037,0.13077334371459623,0.6455939477133683,0.3544060522866316
6058,0.8692266562854037,0.13077334371459623,0.6455939477133683,0.3544060522866316
6059,0.8692266562854037,0.13077334371459623,0.6455939477133683,0.3544060522866316
6060,0.7742545886069787,0.2257454113930214,0.46390592829214716,0.536094071707853
6061,0.841373739216664,0.158626260783336,0.5041167229958383,0.4958832770041618
6062,0.999999999999994,6.002188864463482e-15,0.7809632282242049,0.21903677177579506
6063,0.9999999999755039,2.4496159321521552e-11,0.599149034162593,0.4008509658374071
6064,0.9999999876862673,1.2313732656205678e-08,0.5991490268001641,0.4008509731998358
6065,0.7457440929423339,0.25425590705766615,0.5695858651669511,0.4304141348330489
6066,0.8692266562854037,0.13077334371459623,0.6455939477133683,0.3544060522866316
6067,0.7742545886069787,0.2257454113930214,0.46390592829214716,0.536094071707853
6068,0.6827041732111281,0.3172958267888718,0.5070620927044596,0.4929379072955404
6069,0.3799069000546879,0.620093099945312,0.28217194943257795,0.7178280505674219
6070,0.7742545886069787,0.2257454113930214,0.46390592829214716,0.536094071707853
6071,0.9999767585689665,2.3241431033543954e-05,0.7427031750483577,0.2572968249516424
6072,0.6827041732111281,0.3172958267888718,0.5070620927044596,0.4929379072955404
6073,0.999999999925498,7.450198931452001e-11,0.7809632281660303,0.21903677183396983
6074,0.7742545886069787,0.2257454113930214,0.46390592829214716,0.536094071707853
6075,0.9999999999755039,2.4496159321521552e-11,0.599149034162593,0.4008509658374071
6076,0.9999999999975724,2.4275941241593903e-12,0.7799417745526876,0.22005822544731232
6077,0.7742545886069786,0.22574541139302143,0.6040424104370203,0.39595758956297966
6078,0.9999767585689664,2.3241431033543957e-05,0.7809450787341674,0.21905492126583256
6079,0.6827041732111281,0.3172958267888718,0.5070620927044596,0.4929379072955404
6080,0.841373739216664,0.15862626078333603,0.6559336705873424,0.3440663294126575
6081,0.9999999999999962,3.784293090962014e-15,0.5991490341772663,0.4008509658227337
6082,0.9999767585689665,2.3241431033543954e-05,0.7427031750483577,0.2572968249516424
6083,0.999999999925498,7.450198931452001e-11,0.7809632281660303,0.21903677183396983
6084,0.6827041732111281,0.3172958267888718,0.5070620927044596,0.4929379072955404
6085,0.7742545886069787,0.2257454113930214,0.46390592829214716,0.536094071707853
6086,0.9999999999999939,6.002188864463482e-15,0.7427204366593989,0.257279563340601
6087,0.841373739216664,0.15862626078333603,0.6559336705873424,0.3440663294126575
6088,0.7689193488514517,0.23108065114854823,0.6005097969823182,0.3994902030176818
6089,0.9999767585689664,2.3241431033543957e-05,0.7809450787341674,0.21905492126583256
6090,0.7742545886069786,0.22574541139302143,0.6040424104370203,0.39595758956297966
6091,0.8692266562854037,0.13077334371459623,0.6455939477133683,0.3544060522866316
6092,0.6827041732111281,0.3172958267888718,0.5070620927044596,0.4929379072955404
6093,0.9999999999755039,2.4496159321521552e-11,0.599149034162593,0.4008509658374071
6094,0.3307002341262967,0.6692997658737033,0.1981744205787992,0.8018255794212008
6095,0.6827041732111282,0.31729582678887175,0.5331834146474446,0.46681658535255544
6096,0.9999999999755039,2.4496159321521552e-11,0.599149034162593,0.4008509658374071
6097,0.3307002341262967,0.6692997658737033,0.1981744205787992,0.8018255794212008
6098,0.6560016115006168,0.34399838849938325,0.5261982416447717,0.4738017583552283
6099,0.7742545886069786,0.22574541139302143,0.6040424104370203,0.39595758956297966
6100,1.0,1.4976245082287436e-27,0.5991490341772686,0.40085096582273144
6101,0.9999908459700819,9.15402991793519e-06,0.7799350222673472,0.22006497773265257
6102,0.9859121050692153,0.014087894930784687,0.7530218538221682,0.2469781461778318
6103,0.6827041732111281,0.3172958267888718,0.5070620927044596,0.4929379072955404
6104,0.841373739216664,0.158626260783336,0.5041167229958383,0.4958832770041618
6105,0.841373739216664,0.158626260783336,0.5041167229958383,0.4958832770041618
6106,0.6599914004688971,0.34000859953110274,0.3954513432940672,0.6045486567059327
6107,0.999999999925498,7.450198931452001e-11,0.7809632281660303,0.21903677183396983
6108,0.9859121050692153,0.014087894930784687,0.7530218538221682,0.2469781461778318
6109,0.999999999925498,7.450198931452e-11,0.7427204366040703,0.2572795633959298
6110,0.9999999999975726,2.427594124159391e-12,0.8475594446146193,0.15244055538538084
6111,0.3307002341262967,0.6692997658737033,0.1981744205787992,0.8018255794212008
6112,0.2267805568415892,0.7732194431584107,0.13591658848450835,0.8640834115154916
6113,1.0,1.4976245082287436e-27,0.5991490341772686,0.40085096582273144
6114,0.7742545886069787,0.2257454113930214,0.46390592829214716,0.536094071707853
6115,0.7689193488514517,0.2310806511485483,0.5710948463678174,0.4289051536321827
6116,0.6827041732111282,0.31729582678887175,0.5331834146474446,0.46681658535255544
6117,0.9999999999975724,2.4275941241593903e-12,0.7799417745526876,0.22005822544731232
6118,0.9999767585689665,2.3241431033543954e-05,0.7427031750483577,0.2572968249516424
6119,0.7742545886069787,0.2257454113930214,0.46390592829214716,0.536094071707853
6120,0.9440591887868983,0.055940811213101835,0.8001462817363864,0.1998537182636138
6121,0.7742545886069787,0.2257454113930214,0.46390592829214716,0.536094071707853
6122,0.9999999999999962,3.784293090962014e-15,0.5991490341772663,0.4008509658227337
6123,0.8334385374795932,0.16656146252040682,0.49936277773456317,0.5006372222654369
6124,0.7742545886069787,0.2257454113930214,0.46390592829214716,0.536094071707853
6125,0.8692266562854037,0.13077334371459623,0.6455939477133683,0.3544060522866316
6126,0.9999999999999962,3.784293090962013e-15,0.7785710474046967,0.2214289525953033
6127,0.6827041732111281,0.3172958267888718,0.5070620927044596,0.4929379072955404
6128,0.6560016115006168,0.34399838849938325,0.5261982416447717,0.4738017583552283
6129,0.2267805568415892,0.7732194431584107,0.13591658848450835,0.8640834115154916
6130,0.9999999999755039,2.4496159321521552e-11,0.599149034162593,0.4008509658374071
6131,0.841373739216664,0.15862626078333603,0.6559336705873424,0.3440663294126575
6132,0.6827041732111281,0.3172958267888718,0.5070620927044596,0.4929379072955404
6133,0.8692266562854037,0.13077334371459623,0.6455939477133683,0.3544060522866316
6134,0.6599914004688971,0.34000859953110274,0.3954513432940672,0.6045486567059327
6135,8.484696246932633e-36,0.9999999999999999,1.182198937614691e-05,0.9999881780106238
6136,0.6827041732111281,0.3172958267888718,0.5070620927044596,0.4929379072955404
6137,0.7689193488514517,0.2310806511485483,0.5710948463678174,0.4289051536321827
6138,0.9999999999999962,3.784293090962014e-15,0.5991490341772663,0.4008509658227337
6139,0.6741648455820006,0.32583515441799954,0.4039425933547436,0.5960574066452566
6140,0.9999767585689665,2.3241431033543954e-05,0.7427031750483577,0.2572968249516424
6141,0.7742545886069787,0.2257454113930214,0.46390592829214716,0.536094071707853
6142,0.7055613368445746,0.2944386631554254,0.4227520963521403,0.5772479036478597
6143,0.0,0.0,0.0,0.0
6144,0.9999977925355756,2.2074644243092214e-06,0.8395904056004807,0.16040959439951935
6145,0.7742545886069786,0.22574541139302143,0.6040424104370203,0.39595758956297966
6146,0.841373739216664,0.158626260783336,0.5041167229958383,0.4958832770041618
6147,0.6741648455820006,0.32583515441799954,0.4039425933547436,0.5960574066452566
6148,0.7742545886069787,0.2257454113930214,0.46390592829214716,0.536094071707853
6149,0.7742545886069786,0.22574541139302143,0.6040424104370203,0.39595758956297966
6150,0.6547645434024936,0.34523545659750643,0.5000973289149623,0.49990267108503783
6151,0.9999999999975724,2.4275941241593903e-12,0.7799417745526876,0.22005822544731232
6152,0.6827041732111282,0.31729582678887175,0.5331834146474446,0.46681658535255544
6153,0.6547645434024935,0.3452354565975064,0.701662657137192,0.2983373428628079
6154,0.8692266562854037,0.13077334371459623,0.6455939477133683,0.3544060522866316
6155,0.9999767585689665,2.3241431033543954e-05,0.7427031750483577,0.2572968249516424
6156,0.8334385374795932,0.16656146252040682,0.49936277773456317,0.5006372222654369
6157,0.42968083807254565,0.5703191619274545,0.32818246126986644,0.6718175387301337
6158,0.7742545886069787,0.2257454113930214,0.46390592829214716,0.536094071707853
6159,0.6827041732111281,0.3172958267888718,0.5070620927044596,0.4929379072955404
6160,0.8692266562854037,0.13077334371459623,0.6455939477133683,0.3544060522866316
6161,0.9999999999999939,6.002188864463482e-15,0.7427204366593989,0.257279563340601
6162,0.6827041732111282,0.31729582678887175,0.5331834146474446,0.46681658535255544
6163,0.6827041732111281,0.3172958267888718,0.5070620927044596,0.4929379072955404
6164,0.6547645434024936,0.34523545659750643,0.5000973289149623,0.49990267108503783
6165,0.841373739216664,0.158626260783336,0.5041167229958383,0.4958832770041618
6166,0.9999908459700819,9.15402991793519e-06,0.7799350222673472,0.22006497773265257
6167,0.7689193488514517,0.2310806511485483,0.5710948463678174,0.4289051536321827
6168,0.14577941622442125,0.8542205837755786,0.087389153221468,0.9126108467785319
6169,0.841373739216664,0.158626260783336,0.5041167229958383,0.4958832770041618
6170,0.9999999999755039,2.4496159321521552e-11,0.7785710473857611,0.22142895261423895
6171,0.44008251813713245,0.5599174818628676,0.2637048768886243,0.7362951231113757
6172,0.9999991205588286,8.794411714630489e-07,0.839590936172949,0.16040906382705092
6173,0.9999999999999962,3.784293090962013e-15,0.7785710474046967,0.2214289525953033
6174,0.44008251813713245,0.5599174818628676,0.2637048768886243,0.7362951231113757
6175,0.9999767585689665,2.3241431033543954e-05,0.7427031750483577,0.2572968249516424
6176,0.999999999925498,7.450198931452e-11,0.7427204366040703,0.2572795633959298
6177,0.7742545886069787,0.2257454113930214,0.46390592829214716,0.536094071707853
6178,0.8692266562854037,0.13077334371459623,0.6455939477133683,0.3544060522866316
6179,0.9999999999755039,2.4496159321521552e-11,0.599149034162593,0.4008509658374071
6180,0.7742545886069787,0.2257454113930214,0.46390592829214716,0.536094071707853
6181,0.8692266562854039,0.13077334371459629,0.6788408805893832,0.321159119410617
6182,0.9999999999999939,6.002188864463482e-15,0.7427204366593989,0.257279563340601
6183,0.6560016115006168,0.34399838849938325,0.5261982416447717,0.4738017583552283
6184,0.9999999999999962,3.784293090962013e-15,0.7785710474046967,0.2214289525953033
6185,0.9999999999755039,2.4496159321521552e-11,0.599149034162593,0.4008509658374071
6186,0.6827041732111281,0.3172958267888718,0.5070620927044596,0.4929379072955404
6187,0.3307002341262967,0.6692997658737033,0.1981744205787992,0.8018255794212008
6188,0.6560016115006168,0.34399838849938325,0.5261982416447717,0.4738017583552283
6189,0.9999999876862673,1.2313732656205678e-08,0.5991490268001641,0.4008509731998358
6190,0.7742545886069787,0.2257454113930214,0.46390592829214716,0.536094071707853
6191,0.7742545886069787,0.2257454113930214,0.46390592829214716,0.536094071707853
6192,0.841373739216664,0.158626260783336,0.5041167229958383,0.4958832770041618
6193,0.7742545886069787,0.2257454113930214,0.46390592829214716,0.536094071707853
6194,0.44008251813713245,0.5599174818628676,0.2637048768886243,0.7362951231113757
6195,0.6827041732111282,0.31729582678887175,0.5331834146474446,0.46681658535255544
6196,0.6547645434024936,0.34523545659750643,0.5000973289149623,0.49990267108503783
6197,0.9999767585689665,2.3241431033543954e-05,0.7427031750483577,0.2572968249516424
6198,0.7742545886069786,0.22574541139302143,0.6040424104370203,0.39595758956297966
6199,0.7742545886069787,0.2257454113930214,0.46390592829214716,0.536094071707853
6200,0.2267805568415892,0.7732194431584107,0.13591658848450835,0.8640834115154916
6201,0.841373739216664,0.158626260783336,0.5041167229958383,0.4958832770041618
6202,0.7457440929423339,0.25425590705766615,0.5695858651669511,0.4304141348330489
6203,0.9999908459700819,9.15402991793519e-06,0.7799350222673472,0.22006497773265257
6204,0.9999908459700819,9.15402991793519e-06,0.7799350222673472,0.22006497773265257
6205,0.9999999999999939,6.002188864463482e-15,0.7427204366593989,0.257279563340601
6206,0.746781233829953,0.25321876617004685,0.593160014886032,0.4068399851139678
6207,0.7689193488514517,0.2310806511485483,0.5710948463678174,0.4289051536321827
6208,1.0,1.8589219305998384e-23,0.7785710474046997,0.22142895259530032
6209,0.7742545886069787,0.2257454113930214,0.46390592829214716,0.536094071707853
6210,0.6741648455820006,0.32583515441799954,0.4039425933547436,0.5960574066452566
6211,0.7742545886069787,0.2257454113930214,0.46390592829214716,0.536094071707853
6212,0.7742545886069786,0.22574541139302143,0.6040424104370203,0.39595758956297966
6213,0.999999999925498,7.450198931452e-11,0.7427204366040703,0.2572795633959298
6214,0.44008251813713245,0.5599174818628676,0.2637048768886243,0.7362951231113757
6215,0.9999767585689664,2.3241431033543957e-05,0.7809450787341674,0.21905492126583256
6216,0.7742545886069787,0.2257454113930214,0.46390592829214716,0.536094071707853
6217,0.7689193488514517,0.2310806511485483,0.5710948463678174,0.4289051536321827
6218,0.7689193488514517,0.2310806511485483,0.5710948463678174,0.4289051536321827
6219,0.9999999999999962,3.784293090962014e-15,0.5991490341772663,0.4008509658227337
6220,0.7742545886069787,0.2257454113930214,0.46390592829214716,0.536094071707853
6221,0.6827041732111281,0.3172958267888718,0.5070620927044596,0.4929379072955404
6222,0.6560016115006168,0.34399838849938325,0.5261982416447717,0.4738017583552283
6223,0.9999999999755039,2.4496159321521552e-11,0.599149034162593,0.4008509658374071
6224,0.44008251813713245,0.5599174818628676,0.2637048768886243,0.7362951231113757
6225,0.6827041732111281,0.3172958267888718,0.5070620927044596,0.4929379072955404
6226,0.9999908459700819,9.15402991793519e-06,0.7799350222673472,0.22006497773265257
6227,0.9999999999999962,3.784293090962014e-15,0.5991490341772663,0.4008509658227337
6228,0.841373739216664,0.158626260783336,0.5041167229958383,0.4958832770041618
6229,0.3307002341262967,0.6692997658737033,0.1981744205787992,0.8018255794212008
6230,0.6560016115006168,0.34399838849938325,0.5261982416447717,0.4738017583552283
6231,0.7055613368445746,0.2944386631554254,0.4227520963521403,0.5772479036478597
6232,0.9999999999755039,2.4496159321521552e-11,0.599149034162593,0.4008509658374071
6233,0.7742545886069787,0.2257454113930214,0.46390592829214716,0.536094071707853
6234,0.1455637337194128,0.8544362662805872,0.08725993875955523,0.9127400612404448
6235,0.999999999925498,7.450198931452001e-11,0.7809632281660303,0.21903677183396983
6236,0.9999767585689664,2.3241431033543957e-05,0.7809450787341674,0.21905492126583256
6237,0.6827041732111281,0.3172958267888718,0.5070620927044596,0.4929379072955404
6238,0.7742545886069787,0.2257454113930214,0.46390592829214716,0.536094071707853
6239,0.7689193488514517,0.2310806511485483,0.5710948463678174,0.4289051536321827
6240,0.6827041732111282,0.31729582678887175,0.5331834146474446,0.46681658535255544
6241,0.9999999999999962,3.784293090962014e-15,0.5991490341772663,0.4008509658227337
6242,0.6599914004688971,0.34000859953110274,0.3954513432940672,0.6045486567059327
6243,0.9999999999755039,2.4496159321521552e-11,0.599149034162593,0.4008509658374071
6244,0.9999908459700819,9.15402991793519e-06,0.7799350222673472,0.22006497773265257
6245,0.6560016115006168,0.34399838849938325,0.5261982416447717,0.4738017583552283
6246,0.7742545886069787,0.2257454113930214,0.46390592829214716,0.536094071707853
6247,0.9826229768012955,0.017377023198704353,0.5887385342520273,0.4112614657479726
6248,0.6560016115006168,0.34399838849938325,0.5261982416447717,0.4738017583552283
6249,1.0,2.3402231471977888e-204,0.7785710474046996,0.22142895259530038
6250,0.746781233829953,0.25321876617004685,0.593160014886032,0.4068399851139678
6251,0.7742545886069787,0.2257454113930214,0.46390592829214716,0.536094071707853
6252,0.6827041732111281,0.3172958267888718,0.5070620927044596,0.4929379072955404
6253,0.7742545886069787,0.2257454113930214,0.46390592829214716,0.536094071707853
6254,0.7742545886069787,0.2257454113930214,0.46390592829214716,0.536094071707853
6255,0.7742545886069787,0.2257454113930214,0.46390592829214716,0.536094071707853
6256,0.7689193488514517,0.2310806511485483,0.5710948463678174,0.4289051536321827
6257,1.0,1.8589219305998386e-23,0.5991490341772685,0.40085096582273144
6258,0.7689193488514517,0.2310806511485483,0.5710948463678174,0.4289051536321827
6259,0.999999999925498,7.450198931452001e-11,0.7809632281660303,0.21903677183396983
6260,0.6599914004688971,0.34000859953110274,0.3954513432940672,0.6045486567059327
6261,0.6560016115006168,0.34399838849938325,0.5261982416447717,0.4738017583552283
6262,0.9999999999999939,6.002188864463482e-15,0.7427204366593989,0.257279563340601
6263,0.9999767585689665,2.3241431033543954e-05,0.7427031750483577,0.2572968249516424
6264,0.6560016115006168,0.34399838849938325,0.5261982416447717,0.4738017583552283
6265,0.841373739216664,0.15862626078333603,0.6559336705873424,0.3440663294126575
6266,0.6827041732111282,0.31729582678887175,0.5331834146474446,0.46681658535255544
6267,0.6827041732111281,0.3172958267888718,0.5070620927044596,0.4929379072955404
6268,0.9999999999999962,3.784293090962014e-15,0.5991490341772663,0.4008509658227337
6269,0.6827041732111281,0.3172958267888718,0.5070620927044596,0.4929379072955404
6270,0.6827041732111281,0.3172958267888718,0.5070620927044596,0.4929379072955404
6271,0.7742545886069786,0.22574541139302143,0.6040424104370203,0.39595758956297966
6272,0.6741648455820006,0.32583515441799954,0.4039425933547436,0.5960574066452566
6273,0.7689193488514517,0.2310806511485483,0.5710948463678174,0.4289051536321827
6274,0.7742545886069787,0.2257454113930214,0.46390592829214716,0.536094071707853
6275,0.6741648455820006,0.32583515441799954,0.4039425933547436,0.5960574066452566
6276,0.9859121050692153,0.014087894930784686,0.8339628851844395,0.16603711481556055
6277,0.9999977925355756,2.207464424309222e-06,0.7637802474292035,0.2362197525707965
6278,0.841373739216664,0.158626260783336,0.5041167229958383,0.4958832770041618
6279,0.7742545886069787,0.2257454113930214,0.46390592829214716,0.536094071707853
6280,0.7742545886069786,0.22574541139302143,0.6040424104370203,0.39595758956297966
6281,1.0,1.8589219305998384e-23,0.7785710474046997,0.22142895259530032
6282,0.45304133222874765,0.5469586677712525,0.3557055274602911,0.6442944725397091
6283,0.999999999925498,7.450198931452e-11,0.7427204366040703,0.2572795633959298
6284,1.0,1.4976245082287436e-27,0.5991490341772686,0.40085096582273144
6285,0.34878547255451087,0.651214527445489,0.20900920920467445,0.7909907907953255
6286,0.6827041732111281,0.3172958267888718,0.5070620927044596,0.4929379072955404
6287,0.8692266562854039,0.13077334371459629,0.6788408805893832,0.321159119410617
6288,0.7742545886069787,0.2257454113930214,0.46390592829214716,0.536094071707853
6289,0.7689193488514517,0.2310806511485483,0.5710948463678174,0.4289051536321827
6290,0.41096662670144163,0.5890333732985583,0.30524027598241815,0.6947597240175818
6291,0.8081837018963534,0.19181629810364656,0.6849837295374411,0.3150162704625588
6292,0.9999999999755039,2.4496159321521552e-11,0.7785710473857611,0.22142895261423895
6293,2.0235930829191222e-15,0.999999999999998,5.3331409411434227e-05,0.9999466685905886
6294,0.6827041732111282,0.31729582678887175,0.5331834146474446,0.46681658535255544
6295,0.6827041732111282,0.31729582678887175,0.5331834146474446,0.46681658535255544
6296,0.14423705271584614,0.8557629472841538,0.12224947633723685,0.8777505236627632
6297,0.9999767585689665,2.3241431033543954e-05,0.7427031750483577,0.2572968249516424
6298,0.7072547537707807,0.2927452462292194,0.525296020381264,0.4747039796187361
6299,0.7742545886069787,0.2257454113930214,0.46390592829214716,0.536094071707853
6300,0.7742545886069787,0.2257454113930214,0.46390592829214716,0.536094071707853
6301,0.6827041732111281,0.3172958267888718,0.5070620927044596,0.4929379072955404
6302,0.2613978444246018,0.7386021555753982,0.19415425289970345,0.8058457471002964
6303,0.6827041732111281,0.3172958267888718,0.5070620927044596,0.4929379072955404
6304,0.999999999925498,7.450198931452e-11,0.7427204366040703,0.2572795633959298
6305,0.9999999999999962,3.784293090962014e-15,0.5991490341772663,0.4008509658227337
6306,0.9859121050692153,0.014087894930784687,0.7530218538221682,0.2469781461778318
6307,0.7742545886069787,0.2257454113930214,0.46390592829214716,0.536094071707853
6308,0.6827041732111282,0.31729582678887175,0.5331834146474446,0.46681658535255544
6309,0.7742545886069786,0.22574541139302143,0.6040424104370203,0.39595758956297966
6310,0.7742545886069786,0.22574541139302143,0.6040424104370203,0.39595758956297966
6311,0.7689193488514517,0.2310806511485483,0.5710948463678174,0.4289051536321827
6312,0.3419411623683615,0.6580588376316384,0.2670778180028964,0.7329221819971035
6313,0.8692266562854037,0.13077334371459623,0.6455939477133683,0.3544060522866316
6314,0.6560016115006168,0.34399838849938325,0.5261982416447717,0.4738017583552283
6315,0.6560016115006168,0.34399838849938325,0.5261982416447717,0.4738017583552283
6316,0.8692266562854039,0.13077334371459629,0.6788408805893832,0.321159119410617
6317,0.3307002341262967,0.6692997658737033,0.1981744205787992,0.8018255794212008
6318,0.0,1.0,5.33314094102219e-05,0.9999466685905898
6319,0.999999999925498,7.450198931452e-11,0.7427204366040703,0.2572795633959298
6320,0.8692266562854037,0.13077334371459623,0.6455939477133683,0.3544060522866316
6321,0.841373739216664,0.158626260783336,0.5041167229958383,0.4958832770041618
6322,0.7689193488514517,0.2310806511485483,0.5710948463678174,0.4289051536321827
6323,0.2267805568415892,0.7732194431584107,0.18077845149496435,0.8192215485050356
6324,0.999999999925498,7.450198931452e-11,0.7427204366040703,0.2572795633959298
6325,0.9440591887868981,0.05594081121310182,0.7386781537190196,0.2613218462809804
6326,0.6827041732111281,0.3172958267888718,0.5070620927044596,0.4929379072955404
6327,0.9999999999755039,2.4496159321521552e-11,0.599149034162593,0.4008509658374071
6328,0.7689193488514517,0.2310806511485483,0.5710948463678174,0.4289051536321827
6329,0.7742545886069787,0.2257454113930214,0.46390592829214716,0.536094071707853
6330,0.841373739216664,0.158626260783336,0.5041167229958383,0.4958832770041618
6331,0.841373739216664,0.158626260783336,0.5041167229958383,0.4958832770041618
6332,0.9999999999999939,6.002188864463482e-15,0.7427204366593989,0.257279563340601
6333,0.841373739216664,0.15862626078333603,0.6559336705873424,0.3440663294126575
6334,0.6827041732111282,0.31729582678887175,0.5331834146474446,0.46681658535255544
6335,0.7742545886069787,0.2257454113930214,0.46390592829214716,0.536094071707853
6336,0.6827041732111281,0.3172958267888718,0.5070620927044596,0.4929379072955404
6337,0.841373739216664,0.15862626078333603,0.6559336705873424,0.3440663294126575
6338,0.9999999999755039,2.4496159321521552e-11,0.599149034162593,0.4008509658374071
6339,0.6827041732111281,0.3172958267888718,0.5070620927044596,0.4929379072955404
6340,0.9999999999755039,2.4496159321521552e-11,0.599149034162593,0.4008509658374071
6341,0.7689193488514517,0.2310806511485483,0.5710948463678174,0.4289051536321827
6342,0.9999999999755039,2.4496159321521552e-11,0.599149034162593,0.4008509658374071
6343,0.7742545886069787,0.2257454113930214,0.46390592829214716,0.536094071707853
6344,0.7742545886069787,0.2257454113930214,0.46390592829214716,0.536094071707853
6345,0.841373739216664,0.158626260783336,0.5041167229958383,0.4958832770041618
6346,0.7742545886069787,0.2257454113930214,0.46390592829214716,0.536094071707853
6347,0.9999999999999962,3.784293090962014e-15,0.5991490341772663,0.4008509658227337
6348,0.841373739216664,0.158626260783336,0.5041167229958383,0.4958832770041618
6349,0.841373739216664,0.15862626078333603,0.6559336705873424,0.3440663294126575
6350,0.7742545886069787,0.2257454113930214,0.46390592829214716,0.536094071707853
6351,0.6560016115006168,0.34399838849938325,0.5261982416447717,0.4738017583552283
6352,0.7689193488514517,0.2310806511485483,0.5710948463678174,0.4289051536321827
6353,0.7742545886069787,0.2257454113930214,0.46390592829214716,0.536094071707853
6354,0.9859121050692153,0.014087894930784687,0.7530218538221682,0.2469781461778318
6355,0.7742545886069786,0.22574541139302143,0.6040424104370203,0.39595758956297966
6356,0.7742545886069787,0.2257454113930214,0.46390592829214716,0.536094071707853
6357,0.7689193488514517,0.23108065114854823,0.6005097969823182,0.3994902030176818
6358,0.9859121050692153,0.014087894930784686,0.8339628851844395,0.16603711481556055
6359,0.9999999999755039,2.4496159321521552e-11,0.599149034162593,0.4008509658374071
6360,0.7742545886069786,0.22574541139302143,0.6040424104370203,0.39595758956297966
6361,0.3307002341262967,0.6692997658737033,0.1981744205787992,0.8018255794212008
6362,0.7742545886069787,0.2257454113930214,0.46390592829214716,0.536094071707853
6363,0.9999767585689665,2.3241431033543954e-05,0.7427031750483577,0.2572968249516424
6364,0.3307002341262967,0.6692997658737033,0.1981744205787992,0.8018255794212008
6365,0.8692266562854037,0.13077334371459623,0.6455939477133683,0.3544060522866316
6366,0.999999999999994,6.002188864463482e-15,0.7809632282242049,0.21903677177579506
6367,0.8692266562854037,0.13077334371459623,0.6455939477133683,0.3544060522866316
6368,0.6827041732111281,0.3172958267888718,0.5070620927044596,0.4929379072955404
6369,0.841373739216664,0.158626260783336,0.5041167229958383,0.4958832770041618
6370,1.0,1.8589219305998384e-23,0.7785710474046997,0.22142895259530032
6371,0.9999977925355756,2.207464424309222e-06,0.7637802474292035,0.2362197525707965
6372,0.3307002341262967,0.6692997658737033,0.1981744205787992,0.8018255794212008
6373,0.9999999999755039,2.4496159321521552e-11,0.7785710473857611,0.22142895261423895
6374,0.7689193488514517,0.2310806511485483,0.5710948463678174,0.4289051536321827
6375,0.841373739216664,0.15862626078333603,0.6559336705873424,0.3440663294126575
6376,0.7742545886069787,0.2257454113930214,0.46390592829214716,0.536094071707853
6377,0.7742545886069787,0.2257454113930214,0.46390592829214716,0.536094071707853
6378,0.6827041732111281,0.3172958267888718,0.5070620927044596,0.4929379072955404
6379,0.9999908459700819,9.15402991793519e-06,0.7799350222673472,0.22006497773265257
6380,0.999999999925498,7.450198931452e-11,0.7427204366040703,0.2572795633959298
6381,0.841373739216664,0.158626260783336,0.5041167229958383,0.4958832770041618
6382,0.8334385374795932,0.16656146252040682,0.49936277773456317,0.5006372222654369
6383,0.841373739216664,0.158626260783336,0.5041167229958383,0.4958832770041618
6384,0.7742545886069787,0.2257454113930214,0.46390592829214716,0.536094071707853
6385,0.7742545886069787,0.2257454113930214,0.46390592829214716,0.536094071707853
6386,0.841373739216664,0.158626260783336,0.5041167229958383,0.4958832770041618
6387,0.746781233829953,0.25321876617004685,0.593160014886032,0.4068399851139678
6388,0.7742545886069787,0.2257454113930214,0.46390592829214716,0.536094071707853
6389,0.3307002341262967,0.6692997658737033,0.1981744205787992,0.8018255794212008
6390,6.119484380472489e-31,0.9999999999999999,1.1821989376146906e-05,0.9999881780106238
6391,0.7742545886069787,0.2257454113930214,0.46390592829214716,0.536094071707853
6392,0.7742545886069786,0.22574541139302143,0.6040424104370203,0.39595758956297966
6393,0.7457440929423339,0.25425590705766615,0.5695858651669511,0.4304141348330489
6394,0.7742545886069787,0.2257454113930214,0.46390592829214716,0.536094071707853
6395,0.9999999999755039,2.4496159321521552e-11,0.599149034162593,0.4008509658374071
6396,0.841373739216664,0.158626260783336,0.5041167229958383,0.4958832770041618
6397,0.6827041732111281,0.3172958267888718,0.5070620927044596,0.4929379072955404
6398,0.8692266562854037,0.13077334371459623,0.6455939477133683,0.3544060522866316
6399,0.9999767585689665,2.3241431033543954e-05,0.7427031750483577,0.2572968249516424
6400,0.9999999999999962,3.784293090962014e-15,0.5991490341772663,0.4008509658227337
6401,0.7742545886069787,0.2257454113930214,0.46390592829214716,0.536094071707853
6402,0.9999767585689665,2.3241431033543954e-05,0.7427031750483577,0.2572968249516424
6403,0.999999999925498,7.450198931452e-11,0.7427204366040703,0.2572795633959298
6404,0.9999999999755039,2.4496159321521552e-11,0.599149034162593,0.4008509658374071
6405,0.9999999999755039,2.4496159321521552e-11,0.599149034162593,0.4008509658374071
6406,0.2267805568415892,0.7732194431584107,0.18077845149496435,0.8192215485050356
6407,0.6827041732111281,0.3172958267888718,0.5070620927044596,0.4929379072955404
6408,0.2267805568415892,0.7732194431584107,0.13591658848450835,0.8640834115154916
6409,0.7742545886069787,0.2257454113930214,0.46390592829214716,0.536094071707853
6410,0.9999999999999962,3.784293090962014e-15,0.5991490341772663,0.4008509658227337
6411,0.9999767585689665,2.3241431033543954e-05,0.7427031750483577,0.2572968249516424
6412,0.7742545886069787,0.2257454113930214,0.46390592829214716,0.536094071707853
6413,0.7742545886069786,0.22574541139302143,0.6040424104370203,0.39595758956297966
6414,0.8334385374795932,0.16656146252040682,0.49936277773456317,0.5006372222654369
6415,1.0,1.4976245082287436e-27,0.5991490341772686,0.40085096582273144
6416,0.7742545886069787,0.2257454113930214,0.46390592829214716,0.536094071707853
6417,1.1389024241733203e-27,0.9999999999999999,1.1821989376146908e-05,0.9999881780106238
6418,1.9003747513359e-31,1.0,1.1821989376146908e-05,0.9999881780106239
6419,0.6560016115006168,0.34399838849938325,0.5261982416447717,0.4738017583552283
6420,0.9999999999291486,7.085148593083101e-11,0.7637819333965344,0.2362180666034656
6421,0.7742545886069787,0.2257454113930214,0.46390592829214716,0.536094071707853
6422,0.841373739216664,0.158626260783336,0.5041167229958383,0.4958832770041618
6423,0.6827041732111281,0.3172958267888718,0.5070620927044596,0.4929379072955404
6424,0.9999767585689665,2.3241431033543954e-05,0.7427031750483577,0.2572968249516424
6425,0.841373739216664,0.158626260783336,0.5041167229958383,0.4958832770041618
6426,0.9999999999755039,2.4496159321521552e-11,0.599149034162593,0.4008509658374071
6427,0.9440591887868983,0.055940811213101835,0.8001462817363864,0.1998537182636138
6428,0.7742545886069787,0.2257454113930214,0.46390592829214716,0.536094071707853
6429,0.9999991205588286,8.794411714630489e-07,0.7637812617493712,0.23621873825062875
6430,0.8692266562854037,0.13077334371459623,0.6455939477133683,0.3544060522866316
6431,0.6560016115006168,0.34399838849938325,0.5261982416447717,0.4738017583552283
6432,0.3307002341262967,0.6692997658737033,0.1981744205787992,0.8018255794212008
6433,0.7742545886069786,0.22574541139302143,0.6040424104370203,0.39595758956297966
6434,0.9999999999755039,2.4496159321521552e-11,0.599149034162593,0.4008509658374071
6435,0.7742545886069786,0.22574541139302143,0.6040424104370203,0.39595758956297966
6436,0.7742545886069787,0.2257454113930214,0.46390592829214716,0.536094071707853
6437,0.41096662670144163,0.5890333732985583,0.30524027598241815,0.6947597240175818
6438,0.841373739216664,0.158626260783336,0.5041167229958383,0.4958832770041618
6439,0.7689193488514517,0.2310806511485483,0.5710948463678174,0.4289051536321827
6440,0.6599914004688971,0.34000859953110274,0.3954513432940672,0.6045486567059327
6441,0.9999999999999998,1.9557703831106417e-16,0.7799417745544782,0.2200582254455218
6442,0.7742545886069787,0.2257454113930214,0.46390592829214716,0.536094071707853
6443,0.6827041732111281,0.3172958267888718,0.5070620927044596,0.4929379072955404
6444,0.8692266562854037,0.13077334371459623,0.6455939477133683,0.3544060522866316
6445,0.746781233829953,0.25321876617004685,0.593160014886032,0.4068399851139678
6446,0.7689193488514517,0.2310806511485483,0.5710948463678174,0.4289051536321827
6447,0.9999999998577493,1.4225068286745014e-10,0.7427204365537527,0.2572795634462473
6448,0.841373739216664,0.158626260783336,0.5041167229958383,0.4958832770041618
6449,1.0,1.8589219305998384e-23,0.7785710474046997,0.22142895259530032
6450,0.6827041732111281,0.3172958267888718,0.5070620927044596,0.4929379072955404
6451,0.9999999999755039,2.4496159321521552e-11,0.599149034162593,0.4008509658374071
6452,0.9999767585689664,2.3241431033543957e-05,0.7809450787341674,0.21905492126583256
6453,0.9999999999975726,2.427594124159391e-12,0.8475594446146193,0.15244055538538084
6454,0.3307002341262967,0.6692997658737033,0.1981744205787992,0.8018255794212008
6455,0.999999999925498,7.450198931452e-11,0.7427204366040703,0.2572795633959298
6456,0.9999999999999962,3.784293090962014e-15,0.5991490341772663,0.4008509658227337
6457,0.6827041732111281,0.3172958267888718,0.5070620927044596,0.4929379072955404
6458,0.9999999999755039,2.4496159321521552e-11,0.7785710473857611,0.22142895261423895
6459,1.0,2.185570539249112e-30,0.5991490341772686,0.4008509658227314
6460,0.7742545886069787,0.2257454113930214,0.46390592829214716,0.536094071707853
6461,0.41096662670144163,0.5890333732985583,0.30524027598241815,0.6947597240175818
6462,1.0,1.8589219305998386e-23,0.5991490341772685,0.40085096582273144
6463,0.999999999925498,7.450198931452e-11,0.7427204366040703,0.2572795633959298
6464,0.3307002341262967,0.6692997658737033,0.1981744205787992,0.8018255794212008
6465,0.3307002341262967,0.6692997658737033,0.1981744205787992,0.8018255794212008
6466,0.6560016115006168,0.34399838849938325,0.5261982416447717,0.4738017583552283
6467,0.8692266562854037,0.13077334371459623,0.6455939477133683,0.3544060522866316
6468,0.8081837018963535,0.19181629810364653,0.638452317691607,0.36154768230839296
6469,0.841373739216664,0.158626260783336,0.5041167229958383,0.4958832770041618
6470,0.2267805568415892,0.7732194431584107,0.13591658848450835,0.8640834115154916
6471,0.9999999999755039,2.4496159321521552e-11,0.599149034162593,0.4008509658374071
6472,0.841373739216664,0.158626260783336,0.5041167229958383,0.4958832770041618
6473,0.6645528137370244,0.3354471862629756,0.39818406638155046,0.6018159336184494
6474,0.8692266562854037,0.13077334371459623,0.6455939477133683,0.3544060522866316
6475,1.0,1.4976245082287436e-27,0.5991490341772686,0.40085096582273144
6476,0.7742545886069787,0.2257454113930214,0.46390592829214716,0.536094071707853
6477,0.6827041732111281,0.3172958267888718,0.5070620927044596,0.4929379072955404
6478,1.0,1.4976245082287436e-27,0.5991490341772686,0.40085096582273144
6479,0.9999767585689664,2.3241431033543957e-05,0.7809450787341674,0.21905492126583256
6480,1.993079206431185e-27,0.9999999999999999,5.218982710700803e-05,0.9999478101728929
6481,0.7742545886069787,0.2257454113930214,0.46390592829214716,0.536094071707853
6482,0.7742545886069786,0.22574541139302143,0.6040424104370203,0.39595758956297966
6483,0.6560016115006168,0.34399838849938325,0.5261982416447717,0.4738017583552283
6484,0.6741648455820006,0.32583515441799954,0.4039425933547436,0.5960574066452566
6485,0.6741648455820006,0.32583515441799954,0.4039425933547436,0.5960574066452566
6486,0.841373739216664,0.158626260783336,0.5041167229958383,0.4958832770041618
6487,0.7742545886069787,0.2257454113930214,0.46390592829214716,0.536094071707853
6488,0.7742545886069787,0.2257454113930214,0.46390592829214716,0.536094071707853
6489,0.41096662670144174,0.5890333732985583,0.32098056503108435,0.6790194349689158
6490,0.44008251813713245,0.5599174818628676,0.2637048768886243,0.7362951231113757
6491,0.841373739216664,0.158626260783336,0.5041167229958383,0.4958832770041618
6492,0.6560016115006168,0.34399838849938325,0.5261982416447717,0.4738017583552283
6493,0.841373739216664,0.15862626078333603,0.6559336705873424,0.3440663294126575
6494,0.14423705271584616,0.8557629472841538,0.14870534776670125,0.8512946522332987
6495,0.7742545886069787,0.2257454113930214,0.46390592829214716,0.536094071707853
6496,0.7689193488514517,0.2310806511485483,0.5710948463678174,0.4289051536321827
6497,0.9999767585689665,2.3241431033543954e-05,0.7427031750483577,0.2572968249516424
6498,1.0,1.8589219305998386e-23,0.5991490341772685,0.40085096582273144
6499,0.7742545886069787,0.2257454113930214,0.46390592829214716,0.536094071707853
6500,0.3307002341262967,0.6692997658737033,0.1981744205787992,0.8018255794212008
6501,0.7742545886069787,0.2257454113930214,0.46390592829214716,0.536094071707853
6502,0.6560016115006168,0.34399838849938325,0.5261982416447717,0.4738017583552283
6503,0.7689193488514517,0.2310806511485483,0.5710948463678174,0.4289051536321827
6504,0.9999908459700819,9.15402991793519e-06,0.7799350222673472,0.22006497773265257
6505,0.841373739216664,0.158626260783336,0.5041167229958383,0.4958832770041618
6506,0.9999767585689665,2.3241431033543954e-05,0.7427031750483577,0.2572968249516424
6507,0.841373739216664,0.158626260783336,0.5041167229958383,0.4958832770041618
6508,0.999999999999994,6.002188864463482e-15,0.7809632282242049,0.21903677177579506
6509,0.841373739216664,0.158626260783336,0.5041167229958383,0.4958832770041618
6510,0.7742545886069786,0.22574541139302143,0.6040424104370203,0.39595758956297966
6511,0.7742545886069787,0.2257454113930214,0.46390592829214716,0.536094071707853
6512,0.6827041732111281,0.3172958267888718,0.5070620927044596,0.4929379072955404
6513,0.266685668349812,0.733314331650188,0.19808156528181536,0.8019184347181846
6514,1.0,1.4976245082287436e-27,0.5991490341772686,0.40085096582273144
6515,0.3307002341262967,0.6692997658737033,0.1981744205787992,0.8018255794212008
6516,0.7742545886069787,0.2257454113930214,0.46390592829214716,0.536094071707853
6517,0.14895149383636927,0.8510485061636306,0.08928953128763217,0.9107104687123677
6518,0.9999999999755039,2.4496159321521552e-11,0.599149034162593,0.4008509658374071
6519,0.9999999999999939,6.002188864463482e-15,0.7427204366593989,0.257279563340601
6520,0.3307002341262967,0.6692997658737034,0.26112099098979713,0.738879009010203
6521,0.6560016115006168,0.34399838849938325,0.5261982416447717,0.4738017583552283
6522,0.9440591887868981,0.05594081121310182,0.7386781537190196,0.2613218462809804
6523,0.8692266562854037,0.13077334371459623,0.6455939477133683,0.3544060522866316
6524,0.6827041732111281,0.3172958267888718,0.5070620927044596,0.4929379072955404
6525,0.6741648455820006,0.32583515441799954,0.4039425933547436,0.5960574066452566
6526,0.9999999999975724,2.4275941241593903e-12,0.7799417745526876,0.22005822544731232
6527,0.6827041732111281,0.3172958267888718,0.5070620927044596,0.4929379072955404
6528,0.6827041732111281,0.3172958267888718,0.5070620927044596,0.4929379072955404
6529,0.7742545886069787,0.2257454113930214,0.46390592829214716,0.536094071707853
6530,0.9999999999755039,2.4496159321521552e-11,0.599149034162593,0.4008509658374071
6531,1.0,1.8589219305998386e-23,0.5991490341772685,0.40085096582273144
6532,0.841373739216664,0.15862626078333603,0.6559336705873424,0.3440663294126575
6533,0.841373739216664,0.15862626078333603,0.6559336705873424,0.3440663294126575
6534,0.7742545886069786,0.22574541139302143,0.6040424104370203,0.39595758956297966
6535,0.6827041732111281,0.3172958267888718,0.5070620927044596,0.4929379072955404
6536,0.7055613368445746,0.2944386631554254,0.4227520963521403,0.5772479036478597
6537,0.7742545886069786,0.22574541139302143,0.6040424104370203,0.39595758956297966
6538,0.8692266562854037,0.13077334371459623,0.6455939477133683,0.3544060522866316
6539,0.6741648455820006,0.32583515441799954,0.4039425933547436,0.5960574066452566
6540,0.999999999925498,7.450198931452001e-11,0.7809632281660303,0.21903677183396983
6541,0.841373739216664,0.158626260783336,0.5041167229958383,0.4958832770041618
6542,0.7742545886069787,0.2257454113930214,0.46390592829214716,0.536094071707853
6543,0.9999999999999962,3.784293090962014e-15,0.5991490341772663,0.4008509658227337
6544,0.9999767585689664,2.3241431033543957e-05,0.7809450787341674,0.21905492126583256
6545,0.9999999999755039,2.4496159321521552e-11,0.7785710473857611,0.22142895261423895
6546,0.7742545886069787,0.2257454113930214,0.46390592829214716,0.536094071707853
6547,0.7742545886069787,0.2257454113930214,0.46390592829214716,0.536094071707853
6548,0.7742545886069787,0.2257454113930214,0.46390592829214716,0.536094071707853
6549,0.41096662670144163,0.5890333732985583,0.30524027598241815,0.6947597240175818
6550,0.841373739216664,0.15862626078333603,0.6559336705873424,0.3440663294126575
6551,0.9999999999755039,2.4496159321521552e-11,0.7785710473857611,0.22142895261423895
6552,0.7742545886069787,0.2257454113930214,0.46390592829214716,0.536094071707853
6553,0.7689193488514517,0.2310806511485483,0.5710948463678174,0.4289051536321827
6554,0.8692266562854039,0.13077334371459629,0.6788408805893832,0.321159119410617
6555,0.841373739216664,0.158626260783336,0.5041167229958383,0.4958832770041618
6556,0.841373739216664,0.158626260783336,0.5041167229958383,0.4958832770041618
6557,0.7689193488514517,0.2310806511485483,0.5710948463678174,0.4289051536321827
6558,0.7742545886069787,0.2257454113930214,0.46390592829214716,0.536094071707853
6559,0.6827041732111281,0.3172958267888718,0.5070620927044596,0.4929379072955404
6560,0.3307002341262967,0.6692997658737033,0.1981744205787992,0.8018255794212008
6561,0.7742545886069787,0.2257454113930214,0.46390592829214716,0.536094071707853
6562,0.9999999999999962,3.784293090962014e-15,0.5991490341772663,0.4008509658227337
6563,0.7742545886069786,0.22574541139302143,0.6040424104370203,0.39595758956297966
6564,0.8334385374795932,0.16656146252040682,0.49936277773456317,0.5006372222654369
6565,0.6741648455820006,0.32583515441799954,0.4039425933547436,0.5960574066452566
6566,0.6547645434024936,0.34523545659750643,0.5000973289149623,0.49990267108503783
6567,0.7742545886069786,0.22574541139302143,0.6040424104370203,0.39595758956297966
6568,0.7742545886069787,0.2257454113930214,0.46390592829214716,0.536094071707853
6569,0.6827041732111281,0.3172958267888718,0.5070620927044596,0.4929379072955404
6570,0.6827041732111281,0.3172958267888718,0.5070620927044596,0.4929379072955404
6571,0.841373739216664,0.158626260783336,0.5041167229958383,0.4958832770041618
6572,0.7742545886069787,0.2257454113930214,0.46390592829214716,0.536094071707853
6573,0.9999999999755039,2.4496159321521552e-11,0.7785710473857611,0.22142895261423895
6574,1.0,1.4976245082287436e-27,0.5991490341772686,0.40085096582273144
6575,0.999999999925498,7.450198931452e-11,0.7427204366040703,0.2572795633959298
6576,0.8692266562854039,0.13077334371459629,0.6788408805893832,0.321159119410617
6577,0.9999999999755039,2.4496159321521552e-11,0.7785710473857611,0.22142895261423895
6578,1.0,1.8589219305998384e-23,0.7785710474046997,0.22142895259530032
6579,0.2267805568415892,0.7732194431584107,0.13591658848450835,0.8640834115154916
6580,0.9999999999999962,3.784293090962014e-15,0.5991490341772663,0.4008509658227337
6581,0.37609159768772393,0.6239084023122762,0.2253681914312238,0.7746318085687762
6582,1.0,1.497624508228743e-27,0.7785710474046996,0.22142895259530032
6583,0.7742545886069787,0.2257454113930214,0.46390592829214716,0.536094071707853
6584,0.8692266562854039,0.13077334371459629,0.6788408805893832,0.321159119410617
6585,0.9999767585689665,2.3241431033543954e-05,0.7427031750483577,0.2572968249516424
6586,0.841373739216664,0.158626260783336,0.5041167229958383,0.4958832770041618
6587,0.6827041732111281,0.3172958267888718,0.5070620927044596,0.4929379072955404
6588,0.999999999925498,7.450198931452e-11,0.7427204366040703,0.2572795633959298
6589,0.3799069000546879,0.620093099945312,0.28217194943257795,0.7178280505674219
6590,0.9859121050692153,0.014087894930784686,0.8339628851844395,0.16603711481556055
6591,0.6827041732111281,0.3172958267888718,0.5070620927044596,0.4929379072955404
6592,0.9999999999755039,2.4496159321521552e-11,0.7785710473857611,0.22142895261423895
6593,1.0,1.8589219305998386e-23,0.5991490341772685,0.40085096582273144
6594,0.7742545886069787,0.2257454113930214,0.46390592829214716,0.536094071707853
6595,0.7457440929423339,0.25425590705766615,0.5695858651669511,0.4304141348330489
6596,0.6741648455820006,0.32583515441799954,0.4039425933547436,0.5960574066452566
6597,0.7055613368445746,0.2944386631554254,0.4227520963521403,0.5772479036478597
6598,0.9999999999755039,2.4496159321521552e-11,0.7785710473857611,0.22142895261423895
6599,0.9999999999755039,2.4496159321521552e-11,0.599149034162593,0.4008509658374071
6600,0.6827041732111282,0.31729582678887175,0.5331834146474446,0.46681658535255544
6601,1.0,1.4976245082287436e-27,0.5991490341772686,0.40085096582273144
6602,0.7689193488514517,0.2310806511485483,0.5710948463678174,0.4289051536321827
6603,0.9999999999755039,2.4496159321521552e-11,0.599149034162593,0.4008509658374071
6604,0.6827041732111281,0.3172958267888718,0.5070620927044596,0.4929379072955404
6605,0.8692266562854039,0.13077334371459629,0.6788408805893832,0.321159119410617
6606,0.9999908459700821,9.154029917935192e-06,0.8475516860321639,0.15244831396783612
6607,0.8692266562854037,0.13077334371459623,0.6455939477133683,0.3544060522866316
6608,0.9999999999999962,3.784293090962014e-15,0.5991490341772663,0.4008509658227337
6609,0.7742545886069787,0.2257454113930214,0.46390592829214716,0.536094071707853
6610,0.20852560583299085,0.7914743941670092,0.1249801257810193,0.8750198742189808
6611,0.6560016115006168,0.34399838849938325,0.5261982416447717,0.4738017583552283
6612,0.6560016115006168,0.3439983884993833,0.5560003615288944,0.4439996384711057
6613,0.841373739216664,0.158626260783336,0.5041167229958383,0.4958832770041618
6614,0.7689193488514517,0.2310806511485483,0.5710948463678174,0.4289051536321827
6615,0.8692266562854037,0.13077334371459623,0.6455939477133683,0.3544060522866316
6616,0.8692266562854039,0.13077334371459629,0.6788408805893832,0.321159119410617
6617,0.8692266562854037,0.13077334371459623,0.6455939477133683,0.3544060522866316
6618,0.7742545886069786,0.22574541139302143,0.6040424104370203,0.39595758956297966
6619,0.7742545886069787,0.2257454113930214,0.46390592829214716,0.536094071707853
6620,1.0,2.6899337595825954e-30,0.5991490341772686,0.40085096582273144
6621,0.7689193488514517,0.2310806511485483,0.5710948463678174,0.4289051536321827
6622,0.7742545886069787,0.2257454113930214,0.46390592829214716,0.536094071707853
6623,0.6547645434024935,0.3452354565975064,0.701662657137192,0.2983373428628079
6624,0.7742545886069787,0.2257454113930214,0.46390592829214716,0.536094071707853
6625,0.266685668349812,0.733314331650188,0.19808156528181536,0.8019184347181846
6626,0.9999999999755039,2.4496159321521552e-11,0.7785710473857611,0.22142895261423895
6627,0.9999999999755039,2.4496159321521552e-11,0.7785710473857611,0.22142895261423895
6628,0.7742545886069787,0.2257454113930214,0.46390592829214716,0.536094071707853
6629,0.841373739216664,0.158626260783336,0.5041167229958383,0.4958832770041618
6630,0.9999999999755039,2.4496159321521552e-11,0.599149034162593,0.4008509658374071
6631,0.9999999999999998,1.9557703831106417e-16,0.7799417745544782,0.2200582254455218
6632,0.7742545886069787,0.2257454113930214,0.46390592829214716,0.536094071707853
6633,0.7457440929423338,0.2542559070576662,0.7380108491370798,0.26198915086292013
6634,0.7742545886069787,0.2257454113930214,0.46390592829214716,0.536094071707853
6635,1.9003747513359e-31,1.0,1.1821989376146908e-05,0.9999881780106239
6636,0.7689193488514517,0.23108065114854823,0.6005097969823182,0.3994902030176818
6637,0.9999999999975724,2.4275941241593903e-12,0.7799417745526876,0.22005822544731232
6638,0.7689193488514517,0.23108065114854823,0.6005097969823182,0.3994902030176818
6639,0.9999999999999939,6.002188864463482e-15,0.7427204366593989,0.257279563340601
6640,0.7742545886069787,0.2257454113930214,0.46390592829214716,0.536094071707853
6641,0.9999999999755039,2.4496159321521552e-11,0.7785710473857611,0.22142895261423895
6642,0.7742545886069787,0.2257454113930214,0.46390592829214716,0.536094071707853
6643,0.7689193488514517,0.2310806511485483,0.5710948463678174,0.4289051536321827
6644,0.9999767585689665,2.3241431033543954e-05,0.7427031750483577,0.2572968249516424
6645,0.746781233829953,0.25321876617004685,0.593160014886032,0.4068399851139678
6646,0.9999999999755039,2.4496159321521552e-11,0.599149034162593,0.4008509658374071
6647,0.7742545886069787,0.2257454113930214,0.46390592829214716,0.536094071707853
6648,0.746781233829953,0.25321876617004685,0.593160014886032,0.4068399851139678
6649,0.7742545886069786,0.22574541139302143,0.6040424104370203,0.39595758956297966
6650,0.7742545886069787,0.2257454113930214,0.46390592829214716,0.536094071707853
6651,0.7742545886069787,0.2257454113930214,0.46390592829214716,0.536094071707853
6652,0.2267805568415892,0.7732194431584107,0.13591658848450835,0.8640834115154916
6653,0.9999908459700821,9.154029917935192e-06,0.8475516860321639,0.15244831396783612
6654,0.2267805568415892,0.7732194431584107,0.13591658848450835,0.8640834115154916
6655,0.841373739216664,0.158626260783336,0.5041167229958383,0.4958832770041618
6656,0.9440591887868983,0.055940811213101835,0.8001462817363864,0.1998537182636138
6657,0.3307002341262967,0.6692997658737034,0.26112099098979713,0.738879009010203
6658,0.7742545886069787,0.2257454113930214,0.46390592829214716,0.536094071707853
6659,0.8692266562854037,0.13077334371459623,0.6455939477133683,0.3544060522866316
6660,0.8692266562854039,0.13077334371459629,0.6788408805893832,0.321159119410617
6661,0.841373739216664,0.158626260783336,0.5041167229958383,0.4958832770041618
6662,0.7742545886069787,0.2257454113930214,0.46390592829214716,0.536094071707853
6663,0.999999999925498,7.450198931452001e-11,0.7809632281660303,0.21903677183396983
6664,0.7742545886069787,0.2257454113930214,0.46390592829214716,0.536094071707853
6665,0.9999767585689665,2.3241431033543954e-05,0.7427031750483577,0.2572968249516424
6666,0.7689193488514517,0.2310806511485483,0.5710948463678174,0.4289051536321827
6667,0.9999999999755039,2.4496159321521552e-11,0.599149034162593,0.4008509658374071
6668,0.2267805568415892,0.7732194431584107,0.13591658848450835,0.8640834115154916
6669,0.8692266562854037,0.13077334371459623,0.6455939477133683,0.3544060522866316
6670,0.6741648455820006,0.32583515441799954,0.4039425933547436,0.5960574066452566
6671,0.8692266562854037,0.13077334371459623,0.6455939477133683,0.3544060522866316
6672,1.0,1.4976245082287436e-27,0.5991490341772686,0.40085096582273144
6673,0.9999767585689664,2.3241431033543957e-05,0.7809450787341674,0.21905492126583256
6674,0.7742545886069787,0.2257454113930214,0.46390592829214716,0.536094071707853
6675,0.9999999999999962,3.784293090962014e-15,0.5991490341772663,0.4008509658227337
6676,0.841373739216664,0.158626260783336,0.5041167229958383,0.4958832770041618
6677,0.841373739216664,0.158626260783336,0.5041167229958383,0.4958832770041618
6678,0.7689193488514517,0.2310806511485483,0.5710948463678174,0.4289051536321827
6679,0.3307002341262967,0.6692997658737033,0.1981744205787992,0.8018255794212008
6680,0.841373739216664,0.158626260783336,0.5041167229958383,0.4958832770041618
6681,0.7742545886069787,0.2257454113930214,0.46390592829214716,0.536094071707853
6682,0.7457440929423339,0.25425590705766615,0.5695858651669511,0.4304141348330489
6683,0.6827041732111281,0.3172958267888718,0.5070620927044596,0.4929379072955404
6684,0.9826229768012955,0.017377023198704353,0.7651364967101316,0.23486350328986816
6685,0.9859121050692153,0.014087894930784687,0.7530218538221682,0.2469781461778318
6686,0.9440591887868981,0.05594081121310182,0.7386781537190196,0.2613218462809804
6687,0.841373739216664,0.15862626078333603,0.6559336705873424,0.3440663294126575
6688,0.746781233829953,0.25321876617004685,0.593160014886032,0.4068399851139678
6689,0.6741648455820006,0.32583515441799954,0.4039425933547436,0.5960574066452566
6690,0.7689193488514517,0.2310806511485483,0.5710948463678174,0.4289051536321827
6691,0.41096662670144163,0.5890333732985583,0.30524027598241815,0.6947597240175818
6692,0.841373739216664,0.158626260783336,0.5041167229958383,0.4958832770041618
6693,0.841373739216664,0.15862626078333603,0.6559336705873424,0.3440663294126575
6694,1.0,2.6899337595825954e-30,0.5991490341772686,0.40085096582273144
6695,0.7742545886069787,0.2257454113930214,0.46390592829214716,0.536094071707853
6696,0.841373739216664,0.15862626078333603,0.6559336705873424,0.3440663294126575
6697,0.3307002341262967,0.6692997658737033,0.1981744205787992,0.8018255794212008
6698,0.841373739216664,0.158626260783336,0.5041167229958383,0.4958832770041618
6699,0.6827041732111282,0.31729582678887175,0.5331834146474446,0.46681658535255544
6700,0.7742545886069787,0.2257454113930214,0.46390592829214716,0.536094071707853
6701,0.9999999999999962,3.784293090962014e-15,0.5991490341772663,0.4008509658227337
6702,0.7742545886069787,0.2257454113930214,0.46390592829214716,0.536094071707853
6703,0.9859121050692153,0.014087894930784687,0.7530218538221682,0.2469781461778318
6704,0.3307002341262967,0.6692997658737033,0.1981744205787992,0.8018255794212008
6705,0.8692266562854037,0.13077334371459623,0.6455939477133683,0.3544060522866316
6706,0.7742545886069787,0.2257454113930214,0.46390592829214716,0.536094071707853
6707,0.9999999999999939,6.002188864463482e-15,0.7427204366593989,0.257279563340601
6708,0.9999999999999962,3.784293090962014e-15,0.5991490341772663,0.4008509658227337
6709,0.7742545886069787,0.2257454113930214,0.46390592829214716,0.536094071707853
6710,0.7742545886069787,0.2257454113930214,0.46390592829214716,0.536094071707853
6711,0.7742545886069787,0.2257454113930214,0.46390592829214716,0.536094071707853
6712,0.6827041732111281,0.3172958267888718,0.5070620927044596,0.4929379072955404
6713,0.9999999999755039,2.4496159321521552e-11,0.599149034162593,0.4008509658374071
6714,0.3307002341262967,0.6692997658737033,0.1981744205787992,0.8018255794212008
6715,0.7689193488514517,0.2310806511485483,0.5710948463678174,0.4289051536321827
6716,0.7467812338299531,0.2532187661700469,0.6329414878081645,0.3670585121918355
6717,0.9999977925355756,2.207464424309222e-06,0.7637802474292035,0.2362197525707965
6718,0.7742545886069787,0.2257454113930214,0.46390592829214716,0.536094071707853
6719,0.6827041732111281,0.3172958267888718,0.5070620927044596,0.4929379072955404
6720,0.841373739216664,0.158626260783336,0.5041167229958383,0.4958832770041618
6721,0.9859121050692153,0.014087894930784687,0.7530218538221682,0.2469781461778318
6722,0.3307002341262967,0.6692997658737033,0.1981744205787992,0.8018255794212008
6723,0.6827041732111281,0.3172958267888718,0.5070620927044596,0.4929379072955404
6724,0.6547645434024935,0.3452354565975064,0.701662657137192,0.2983373428628079
6725,0.999999999925498,7.450198931452e-11,0.7427204366040703,0.2572795633959298
6726,0.9999999999999939,6.002188864463482e-15,0.7427204366593989,0.257279563340601
6727,0.7072547537707807,0.2927452462292194,0.525296020381264,0.4747039796187361
6728,0.7742545886069787,0.2257454113930214,0.46390592829214716,0.536094071707853
6729,0.7457440929423339,0.25425590705766615,0.5695858651669511,0.4304141348330489
6730,0.7742545886069786,0.22574541139302143,0.6040424104370203,0.39595758956297966
6731,0.6827041732111281,0.3172958267888718,0.5070620927044596,0.4929379072955404
6732,0.7467812338299531,0.2532187661700469,0.6329414878081645,0.3670585121918355
6733,0.746781233829953,0.25321876617004685,0.593160014886032,0.4068399851139678
6734,0.841373739216664,0.158626260783336,0.5041167229958383,0.4958832770041618
6735,0.7742545886069787,0.2257454113930214,0.46390592829214716,0.536094071707853
6736,0.9999999999999962,3.784293090962014e-15,0.5991490341772663,0.4008509658227337
6737,0.7742545886069787,0.2257454113930214,0.46390592829214716,0.536094071707853
6738,0.3307002341262967,0.6692997658737033,0.1981744205787992,0.8018255794212008
6739,0.9999999999999962,3.784293090962013e-15,0.7785710474046967,0.2214289525953033
6740,0.7742545886069787,0.2257454113930214,0.46390592829214716,0.536094071707853
6741,0.999999999999994,6.002188864463482e-15,0.7809632282242049,0.21903677177579506
6742,0.7742545886069787,0.2257454113930214,0.46390592829214716,0.536094071707853
6743,0.9999977925355756,2.207464424309222e-06,0.7637802474292035,0.2362197525707965
6744,0.8692266562854037,0.13077334371459623,0.6455939477133683,0.3544060522866316
6745,0.7742545886069787,0.2257454113930214,0.46390592829214716,0.536094071707853
6746,0.7742545886069787,0.2257454113930214,0.46390592829214716,0.536094071707853
6747,0.6827041732111281,0.3172958267888718,0.5070620927044596,0.4929379072955404
6748,1.0,1.8589219305998386e-23,0.5991490341772685,0.40085096582273144
6749,0.9999999999755039,2.4496159321521552e-11,0.599149034162593,0.4008509658374071
6750,0.841373739216664,0.158626260783336,0.5041167229958383,0.4958832770041618
6751,0.9999999999999962,3.784293090962014e-15,0.5991490341772663,0.4008509658227337
6752,0.9999999999999939,6.002188864463482e-15,0.7427204366593989,0.257279563340601
6753,0.7742545886069787,0.2257454113930214,0.46390592829214716,0.536094071707853
6754,0.7055613368445746,0.2944386631554254,0.4227520963521403,0.5772479036478597
6755,0.6560016115006168,0.34399838849938325,0.5261982416447717,0.4738017583552283
6756,0.7742545886069787,0.2257454113930214,0.46390592829214716,0.536094071707853
6757,0.8692266562854037,0.13077334371459623,0.6455939477133683,0.3544060522866316
6758,0.7742545886069787,0.2257454113930214,0.46390592829214716,0.536094071707853
6759,1.0,1.8589219305998386e-23,0.5991490341772685,0.40085096582273144
6760,0.841373739216664,0.15862626078333603,0.6559336705873424,0.3440663294126575
6761,0.7742545886069787,0.2257454113930214,0.46390592829214716,0.536094071707853
6762,0.6827041732111282,0.31729582678887175,0.5331834146474446,0.46681658535255544
6763,0.9999999999755039,2.4496159321521552e-11,0.599149034162593,0.4008509658374071
6764,0.9999999999291486,7.085148593083101e-11,0.7637819333965344,0.2362180666034656
6765,1.0,1.4976245082287436e-27,0.5991490341772686,0.40085096582273144
6766,0.9999999999755039,2.4496159321521552e-11,0.599149034162593,0.4008509658374071
6767,0.14423705271584616,0.8557629472841538,0.14870534776670125,0.8512946522332987
6768,0.841373739216664,0.15862626078333603,0.6559336705873424,0.3440663294126575
6769,0.6741648455820006,0.32583515441799954,0.4039425933547436,0.5960574066452566
6770,0.7689193488514517,0.2310806511485483,0.5710948463678174,0.4289051536321827
6771,0.7742545886069787,0.2257454113930214,0.46390592829214716,0.536094071707853
6772,0.9999999999291486,7.085148593083101e-11,0.7637819333965344,0.2362180666034656
6773,0.9999999998844216,1.155786459662497e-10,0.7427204365735623,0.25727956342643776
6774,0.9999908459700819,9.15402991793519e-06,0.7799350222673472,0.22006497773265257
6775,0.9859121050692153,0.014087894930784687,0.7530218538221682,0.2469781461778318
6776,0.7742545886069787,0.2257454113930214,0.46390592829214716,0.536094071707853
6777,0.9859121050692153,0.014087894930784686,0.8339628851844395,0.16603711481556055
6778,0.841373739216664,0.158626260783336,0.5041167229958383,0.4958832770041618
6779,0.746781233829953,0.25321876617004685,0.593160014886032,0.4068399851139678
6780,0.8692266562854039,0.13077334371459629,0.6788408805893832,0.321159119410617
6781,0.841373739216664,0.158626260783336,0.5041167229958383,0.4958832770041618
6782,0.9859121050692153,0.014087894930784686,0.8339628851844395,0.16603711481556055
6783,0.7742545886069787,0.2257454113930214,0.46390592829214716,0.536094071707853
6784,0.9999999999755039,2.4496159321521552e-11,0.599149034162593,0.4008509658374071
6785,0.2267805568415892,0.7732194431584107,0.13591658848450835,0.8640834115154916
6786,0.841373739216664,0.158626260783336,0.5041167229958383,0.4958832770041618
6787,0.7742545886069787,0.2257454113930214,0.46390592829214716,0.536094071707853
6788,0.841373739216664,0.15862626078333603,0.6559336705873424,0.3440663294126575
6789,0.841373739216664,0.15862626078333603,0.6559336705873424,0.3440663294126575
6790,0.6547645434024936,0.34523545659750643,0.5000973289149623,0.49990267108503783
6791,0.6560016115006168,0.34399838849938325,0.5261982416447717,0.4738017583552283
6792,0.8692266562854037,0.13077334371459623,0.6455939477133683,0.3544060522866316
6793,0.841373739216664,0.158626260783336,0.5041167229958383,0.4958832770041618
6794,0.6827041732111281,0.3172958267888718,0.5070620927044596,0.4929379072955404
6795,0.6827041732111282,0.31729582678887175,0.5331834146474446,0.46681658535255544
6796,0.7742545886069787,0.2257454113930214,0.46390592829214716,0.536094071707853
6797,0.6547645434024936,0.34523545659750643,0.5000973289149623,0.49990267108503783
6798,0.7742545886069787,0.2257454113930214,0.46390592829214716,0.536094071707853
6799,0.6560016115006168,0.34399838849938325,0.5261982416447717,0.4738017583552283
6800,0.6827041732111282,0.31729582678887175,0.5331834146474446,0.46681658535255544
6801,0.9440591887868981,0.05594081121310182,0.7386781537190196,0.2613218462809804
6802,0.9999767585689665,2.3241431033543954e-05,0.7427031750483577,0.2572968249516424
6803,0.841373739216664,0.158626260783336,0.5041167229958383,0.4958832770041618
6804,0.9999767585689664,2.3241431033543957e-05,0.7809450787341674,0.21905492126583256
6805,0.8692266562854037,0.13077334371459623,0.6455939477133683,0.3544060522866316
6806,0.7689193488514517,0.2310806511485483,0.5710948463678174,0.4289051536321827
6807,0.841373739216664,0.158626260783336,0.5041167229958383,0.4958832770041618
6808,0.9999977925355756,2.2074644243092214e-06,0.8395904056004807,0.16040959439951935
6809,0.7742545886069786,0.22574541139302143,0.6040424104370203,0.39595758956297966
6810,0.3307002341262967,0.6692997658737033,0.1981744205787992,0.8018255794212008
6811,0.7689193488514517,0.2310806511485483,0.5710948463678174,0.4289051536321827
6812,0.9999999999755039,2.4496159321521552e-11,0.7785710473857611,0.22142895261423895
6813,0.841373739216664,0.158626260783336,0.5041167229958383,0.4958832770041618
6814,0.7689193488514517,0.2310806511485483,0.5710948463678174,0.4289051536321827
6815,0.6827041732111281,0.3172958267888718,0.5070620927044596,0.4929379072955404
6816,0.44008251813713245,0.5599174818628676,0.34568678933325303,0.6543132106667471
6817,0.841373739216664,0.158626260783336,0.5041167229958383,0.4958832770041618
6818,0.8692266562854037,0.13077334371459623,0.6455939477133683,0.3544060522866316
6819,3.845772138863943e-43,1.0,1.1821989376146908e-05,0.9999881780106239
6820,0.9999767585689664,2.3241431033543957e-05,0.7809450787341674,0.21905492126583256
6821,0.9999999999999939,6.002188864463482e-15,0.7427204366593989,0.257279563340601
6822,0.6827041732111282,0.31729582678887175,0.5331834146474446,0.46681658535255544
6823,0.746781233829953,0.25321876617004685,0.593160014886032,0.4068399851139678
6824,0.9999999999755039,2.4496159321521552e-11,0.599149034162593,0.4008509658374071
6825,0.5467642747891479,0.45323572521085204,0.3276174588625732,0.6723825411374268
6826,0.746781233829953,0.25321876617004685,0.593160014886032,0.4068399851139678
6827,0.7072547537707806,0.2927452462292193,0.5523552340055344,0.4476447659944655
6828,0.37609159768772393,0.6239084023122762,0.2253681914312238,0.7746318085687762
6829,0.8692266562854037,0.13077334371459623,0.6455939477133683,0.3544060522866316
6830,0.9999999999999962,3.784293090962014e-15,0.5991490341772663,0.4008509658227337
6831,0.9999999999755039,2.4496159321521552e-11,0.599149034162593,0.4008509658374071
6832,0.841373739216664,0.158626260783336,0.5041167229958383,0.4958832770041618
6833,0.999999999925498,7.450198931452e-11,0.7427204366040703,0.2572795633959298
6834,0.746781233829953,0.25321876617004685,0.593160014886032,0.4068399851139678
6835,0.6827041732111281,0.3172958267888718,0.5070620927044596,0.4929379072955404
6836,0.6827041732111281,0.3172958267888718,0.5070620927044596,0.4929379072955404
6837,0.6827041732111281,0.3172958267888718,0.5070620927044596,0.4929379072955404
6838,0.9999999999755039,2.4496159321521552e-11,0.599149034162593,0.4008509658374071
6839,0.841373739216664,0.15862626078333603,0.6559336705873424,0.3440663294126575
6840,0.8692266562854037,0.13077334371459623,0.6455939477133683,0.3544060522866316
6841,0.999999999925498,7.450198931452e-11,0.7427204366040703,0.2572795633959298
6842,0.5363894451321723,0.46361055486782776,0.3983928837071165,0.6016071162928835
6843,0.7457440929423339,0.25425590705766615,0.5695858651669511,0.4304141348330489
6844,5.077633289816466e-38,1.0,0.04231176990065836,0.9576882300993417
6845,0.9999767585689665,2.3241431033543954e-05,0.7427031750483577,0.2572968249516424
6846,0.9999999999755039,2.4496159321521552e-11,0.599149034162593,0.4008509658374071
6847,0.9999767585689665,2.3241431033543954e-05,0.7427031750483577,0.2572968249516424
6848,0.7742545886069786,0.22574541139302143,0.6040424104370203,0.39595758956297966
6849,0.7689193488514517,0.2310806511485483,0.5710948463678174,0.4289051536321827
6850,0.7742545886069787,0.2257454113930214,0.46390592829214716,0.536094071707853
6851,0.6827041732111281,0.3172958267888718,0.5070620927044596,0.4929379072955404
6852,0.9999908459700821,9.154029917935192e-06,0.8475516860321639,0.15244831396783612
6853,0.3307002341262967,0.6692997658737033,0.1981744205787992,0.8018255794212008
6854,0.9999908459700819,9.15402991793519e-06,0.7799350222673472,0.22006497773265257
6855,0.7742545886069787,0.2257454113930214,0.46390592829214716,0.536094071707853
6856,0.999999999925498,7.450198931452e-11,0.7427204366040703,0.2572795633959298
6857,0.6645528137370244,0.3354471862629756,0.39818406638155046,0.6018159336184494
6858,1.0,1.497624508228743e-27,0.7785710474046996,0.22142895259530032
6859,0.7689193488514517,0.2310806511485483,0.5710948463678174,0.4289051536321827
6860,0.7742545886069786,0.22574541139302143,0.6040424104370203,0.39595758956297966
6861,0.9999999999755039,2.4496159321521552e-11,0.7785710473857611,0.22142895261423895
6862,0.6741648455820006,0.32583515441799954,0.4039425933547436,0.5960574066452566
6863,0.6560016115006168,0.3439983884993833,0.5560003615288944,0.4439996384711057
6864,0.7742545886069787,0.2257454113930214,0.46390592829214716,0.536094071707853
6865,0.3307002341262967,0.6692997658737033,0.1981744205787992,0.8018255794212008
6866,0.9999977925355756,2.207464424309222e-06,0.7637802474292035,0.2362197525707965
6867,0.8692266562854039,0.13077334371459629,0.6788408805893832,0.321159119410617
6868,0.841373739216664,0.158626260783336,0.5041167229958383,0.4958832770041618
6869,0.9999999998844216,1.155786459662497e-10,0.7427204365735623,0.25727956342643776
6870,0.9999767585689665,2.3241431033543954e-05,0.7427031750483577,0.2572968249516424
6871,0.9999998291082504,1.708917497893975e-07,0.4999999145541197,0.5000000854458805
6872,0.841373739216664,0.158626260783336,0.5041167229958383,0.4958832770041618
6873,0.9999999876862673,1.2313732656205678e-08,0.5991490268001641,0.4008509731998358
6874,0.6827041732111281,0.3172958267888718,0.5070620927044596,0.4929379072955404
6875,0.746781233829953,0.25321876617004685,0.593160014886032,0.4068399851139678
6876,0.9440591887868981,0.05594081121310182,0.7386781537190196,0.2613218462809804
6877,0.6599914004688971,0.34000859953110274,0.3954513432940672,0.6045486567059327
6878,0.9440591887868981,0.05594081121310182,0.7386781537190196,0.2613218462809804
6879,0.841373739216664,0.158626260783336,0.5041167229958383,0.4958832770041618
6880,0.7689193488514517,0.2310806511485483,0.5710948463678174,0.4289051536321827
6881,0.9999999999999939,6.002188864463482e-15,0.7427204366593989,0.257279563340601
6882,0.7072547537707807,0.2927452462292194,0.525296020381264,0.4747039796187361
6883,0.7689193488514517,0.23108065114854823,0.6005097969823182,0.3994902030176818
6884,0.6827041732111281,0.3172958267888718,0.5070620927044596,0.4929379072955404
6885,0.7689193488514517,0.2310806511485483,0.5710948463678174,0.4289051536321827
6886,0.22115040441997058,0.7788495955800295,0.1874381139872148,0.8125618860127852
6887,0.9999999999291486,7.085148593083101e-11,0.7637819333965344,0.2362180666034656
6888,0.841373739216664,0.15862626078333603,0.6559336705873424,0.3440663294126575
6889,0.6547645434024936,0.34523545659750643,0.5000973289149623,0.49990267108503783
6890,0.9999999998577493,1.422506828674501e-10,0.7809632281131246,0.21903677188687548
6891,0.6827041732111282,0.31729582678887175,0.5331834146474446,0.46681658535255544
6892,6.586594865869412e-41,1.0,5.333140941022191e-05,0.9999466685905898
6893,0.6827041732111281,0.3172958267888718,0.5070620927044596,0.4929379072955404
6894,0.7742545886069787,0.2257454113930214,0.46390592829214716,0.536094071707853
6895,0.14577941622442125,0.8542205837755786,0.087389153221468,0.9126108467785319
6896,0.6827041732111281,0.3172958267888718,0.5070620927044596,0.4929379072955404
6897,0.7742545886069787,0.2257454113930214,0.46390592829214716,0.536094071707853
6898,0.8692266562854037,0.13077334371459623,0.6455939477133683,0.3544060522866316
6899,0.2267805568415892,0.7732194431584107,0.13591658848450835,0.8640834115154916
6900,0.3307002341262967,0.6692997658737033,0.1981744205787992,0.8018255794212008
6901,0.8692266562854039,0.13077334371459629,0.6788408805893832,0.321159119410617
6902,0.6827041732111281,0.3172958267888718,0.5070620927044596,0.4929379072955404
6903,0.841373739216664,0.158626260783336,0.5041167229958383,0.4958832770041618
6904,0.9999999999999962,3.784293090962014e-15,0.5991490341772663,0.4008509658227337
6905,0.7742545886069786,0.22574541139302143,0.6040424104370203,0.39595758956297966
6906,0.9999999998844213,1.1557864596624967e-10,0.7809632281339529,0.219036771866047
6907,0.6547645434024936,0.34523545659750643,0.5000973289149623,0.49990267108503783
6908,0.7742545886069786,0.22574541139302143,0.6040424104370203,0.39595758956297966
6909,0.9999999999755039,2.4496159321521552e-11,0.599149034162593,0.4008509658374071
6910,0.8692266562854037,0.13077334371459623,0.6455939477133683,0.3544060522866316
6911,0.9999908459700819,9.15402991793519e-06,0.7799350222673472,0.22006497773265257
6912,0.7742545886069786,0.22574541139302143,0.6040424104370203,0.39595758956297966
6913,0.41096662670144163,0.5890333732985583,0.30524027598241815,0.6947597240175818
6914,0.9999999999999962,3.784293090962014e-15,0.5991490341772663,0.4008509658227337
6915,0.6741648455820005,0.3258351544179993,0.5266608755619566,0.47333912443804327
6916,0.2267805568415892,0.7732194431584107,0.18077845149496435,0.8192215485050356
6917,0.3307002341262967,0.6692997658737033,0.1981744205787992,0.8018255794212008
6918,0.841373739216664,0.158626260783336,0.5041167229958383,0.4958832770041618
6919,0.266685668349812,0.733314331650188,0.19808156528181536,0.8019184347181846
6920,0.7689193488514517,0.23108065114854823,0.6005097969823182,0.3994902030176818
6921,0.6827041732111281,0.3172958267888718,0.5070620927044596,0.4929379072955404
6922,0.6827041732111281,0.3172958267888718,0.5070620927044596,0.4929379072955404
6923,0.9999999999999939,6.002188864463482e-15,0.7427204366593989,0.257279563340601
6924,0.9999999998844216,1.155786459662497e-10,0.7427204365735623,0.25727956342643776
6925,0.3307002341262967,0.6692997658737033,0.1981744205787992,0.8018255794212008
6926,0.7689193488514517,0.23108065114854823,0.6005097969823182,0.3994902030176818
6927,1.0,1.4976245082287436e-27,0.5991490341772686,0.40085096582273144
6928,0.999999999925498,7.450198931452e-11,0.7427204366040703,0.2572795633959298
6929,0.6547645434024936,0.34523545659750643,0.5000973289149623,0.49990267108503783
6930,0.7689193488514517,0.2310806511485483,0.5710948463678174,0.4289051536321827
6931,0.999999999999994,6.002188864463482e-15,0.7809632282242049,0.21903677177579506
6932,0.3307002341262967,0.6692997658737033,0.1981744205787992,0.8018255794212008
6933,0.7742545886069787,0.2257454113930214,0.46390592829214716,0.536094071707853
6934,0.7742545886069787,0.2257454113930214,0.46390592829214716,0.536094071707853
6935,0.7742545886069786,0.22574541139302143,0.6040424104370203,0.39595758956297966
6936,0.841373739216664,0.158626260783336,0.5041167229958383,0.4958832770041618
6937,0.6741648455820006,0.32583515441799954,0.4039425933547436,0.5960574066452566
6938,0.841373739216664,0.158626260783336,0.5041167229958383,0.4958832770041618
6939,0.8692266562854037,0.13077334371459623,0.6455939477133683,0.3544060522866316
6940,0.09411382079803854,0.9058861792019616,0.05643651702057939,0.9435634829794207
6941,0.8334385374795932,0.16656146252040682,0.49936277773456317,0.5006372222654369
6942,0.6827041732111282,0.31729582678887175,0.5331834146474446,0.46681658535255544
6943,0.41096662670144163,0.5890333732985583,0.30524027598241815,0.6947597240175818
6944,0.8692266562854037,0.13077334371459623,0.6455939477133683,0.3544060522866316
6945,0.6827041732111281,0.3172958267888718,0.5070620927044596,0.4929379072955404
6946,0.14577941622442125,0.8542205837755786,0.087389153221468,0.9126108467785319
6947,0.7742545886069787,0.2257454113930214,0.46390592829214716,0.536094071707853
6948,0.6827041732111281,0.3172958267888718,0.5070620927044596,0.4929379072955404
6949,0.9999999999999939,6.002188864463482e-15,0.7427204366593989,0.257279563340601
6950,0.6645528137370244,0.3354471862629756,0.39818406638155046,0.6018159336184494
6951,0.7689193488514517,0.23108065114854823,0.6005097969823182,0.3994902030176818
6952,0.841373739216664,0.158626260783336,0.5041167229958383,0.4958832770041618
6953,0.7742545886069787,0.2257454113930214,0.46390592829214716,0.536094071707853
6954,0.6827041732111281,0.3172958267888718,0.5070620927044596,0.4929379072955404
6955,0.7742545886069786,0.22574541139302143,0.6040424104370203,0.39595758956297966
6956,0.9999999999999962,3.784293090962014e-15,0.5991490341772663,0.4008509658227337
6957,0.6560016115006168,0.34399838849938325,0.5261982416447717,0.4738017583552283
6958,0.841373739216664,0.158626260783336,0.5041167229958383,0.4958832770041618
6959,0.7742545886069787,0.2257454113930214,0.46390592829214716,0.536094071707853
6960,0.8692266562854037,0.13077334371459623,0.6455939477133683,0.3544060522866316
6961,0.6560016115006168,0.3439983884993833,0.5560003615288944,0.4439996384711057
6962,0.9999767585689665,2.3241431033543954e-05,0.7427031750483577,0.2572968249516424
6963,0.6547645434024936,0.34523545659750643,0.5000973289149623,0.49990267108503783
6964,0.841373739216664,0.15862626078333603,0.6559336705873424,0.3440663294126575
6965,0.6827041732111282,0.31729582678887175,0.5331834146474446,0.46681658535255544
6966,0.7689193488514517,0.2310806511485483,0.5710948463678174,0.4289051536321827
6967,0.7689193488514517,0.23108065114854823,0.6005097969823182,0.3994902030176818
6968,0.7689193488514517,0.2310806511485483,0.5710948463678174,0.4289051536321827
6969,0.999999999925498,7.450198931452e-11,0.7427204366040703,0.2572795633959298
6970,0.841373739216664,0.158626260783336,0.5041167229958383,0.4958832770041618
6971,0.9999767585689665,2.3241431033543954e-05,0.7427031750483577,0.2572968249516424
6972,0.7742545886069787,0.2257454113930214,0.46390592829214716,0.536094071707853
6973,0.841373739216664,0.158626260783336,0.5041167229958383,0.4958832770041618
6974,0.6547645434024936,0.34523545659750643,0.5000973289149623,0.49990267108503783
6975,0.9999999999755039,2.4496159321521552e-11,0.7785710473857611,0.22142895261423895
6976,0.0,0.0,0.0,0.0
6977,0.841373739216664,0.158626260783336,0.5041167229958383,0.4958832770041618
6978,0.7742545886069787,0.2257454113930214,0.46390592829214716,0.536094071707853
6979,0.8692266562854037,0.13077334371459623,0.6455939477133683,0.3544060522866316
6980,0.6827041732111281,0.3172958267888718,0.5070620927044596,0.4929379072955404
6981,0.7457440929423339,0.25425590705766615,0.5695858651669511,0.4304141348330489
6982,0.8692266562854039,0.13077334371459629,0.6788408805893832,0.321159119410617
6983,0.999999999925498,7.450198931452e-11,0.7427204366040703,0.2572795633959298
6984,0.7689193488514517,0.2310806511485483,0.5710948463678174,0.4289051536321827
6985,0.9999767585689665,2.3241431033543954e-05,0.7427031750483577,0.2572968249516424
6986,0.7742545886069787,0.2257454113930214,0.46390592829214716,0.536094071707853
6987,0.841373739216664,0.158626260783336,0.5041167229958383,0.4958832770041618
6988,0.7742545886069787,0.2257454113930214,0.46390592829214716,0.536094071707853
6989,0.7742545886069787,0.2257454113930214,0.46390592829214716,0.536094071707853
6990,0.999999999925498,7.450198931452001e-11,0.7809632281660303,0.21903677183396983
6991,0.6560016115006168,0.34399838849938325,0.5261982416447717,0.4738017583552283
6992,0.841373739216664,0.158626260783336,0.5041167229958383,0.4958832770041618
6993,0.7689193488514517,0.2310806511485483,0.5710948463678174,0.4289051536321827
6994,0.841373739216664,0.158626260783336,0.5041167229958383,0.4958832770041618
6995,1.0,1.4976245082287436e-27,0.5991490341772686,0.40085096582273144
6996,0.9859121050692153,0.014087894930784686,0.8339628851844395,0.16603711481556055
6997,0.7742545886069787,0.2257454113930214,0.46390592829214716,0.536094071707853
6998,0.7689193488514517,0.2310806511485483,0.5710948463678174,0.4289051536321827
6999,0.14577941622442125,0.8542205837755786,0.087389153221468,0.9126108467785319
7000,0.746781233829953,0.25321876617004685,0.593160014886032,0.4068399851139678
7001,0.3307002341262967,0.6692997658737033,0.1981744205787992,0.8018255794212008
7002,0.8334385374795932,0.16656146252040682,0.49936277773456317,0.5006372222654369
7003,0.9999999999755039,2.4496159321521552e-11,0.599149034162593,0.4008509658374071
7004,0.7742545886069786,0.22574541139302143,0.6040424104370203,0.39595758956297966
7005,0.9999999999999939,6.002188864463482e-15,0.7427204366593989,0.257279563340601
7006,0.9999999999755039,2.4496159321521552e-11,0.7785710473857611,0.22142895261423895
7007,0.7742545886069787,0.2257454113930214,0.46390592829214716,0.536094071707853
7008,0.9999999999999962,3.784293090962013e-15,0.7785710474046967,0.2214289525953033
7009,0.7742545886069786,0.22574541139302143,0.6040424104370203,0.39595758956297966
7010,0.3307002341262967,0.6692997658737033,0.1981744205787992,0.8018255794212008
7011,0.6827041732111281,0.3172958267888718,0.5070620927044596,0.4929379072955404
7012,0.6547645434024936,0.34523545659750643,0.5000973289149623,0.49990267108503783
7013,0.3307002341262967,0.6692997658737033,0.1981744205787992,0.8018255794212008
7014,0.22115040441997058,0.7788495955800294,0.20543894374215543,0.7945610562578445
7015,0.7742545886069787,0.2257454113930214,0.46390592829214716,0.536094071707853
7016,0.6560016115006168,0.3439983884993833,0.5560003615288944,0.4439996384711057
7017,0.7742545886069786,0.22574541139302143,0.6040424104370203,0.39595758956297966
7018,0.8692266562854037,0.13077334371459623,0.6455939477133683,0.3544060522866316
7019,0.6560016115006168,0.34399838849938325,0.5261982416447717,0.4738017583552283
7020,0.7742545886069787,0.2257454113930214,0.46390592829214716,0.536094071707853
7021,0.2267805568415892,0.7732194431584107,0.13591658848450835,0.8640834115154916
7022,0.9999999999999962,3.784293090962014e-15,0.5991490341772663,0.4008509658227337
7023,0.266685668349812,0.733314331650188,0.19808156528181536,0.8019184347181846
7024,0.8692266562854037,0.13077334371459623,0.6455939477133683,0.3544060522866316
7025,0.7742545886069787,0.2257454113930214,0.46390592829214716,0.536094071707853
7026,0.9999999876862673,1.2313732656205678e-08,0.5991490268001641,0.4008509731998358
7027,0.6741648455820006,0.32583515441799954,0.4039425933547436,0.5960574066452566
7028,0.9826229768012955,0.017377023198704353,0.5887385342520273,0.4112614657479726
7029,0.9999999999999962,3.784293090962014e-15,0.5991490341772663,0.4008509658227337
7030,0.6827041732111281,0.3172958267888718,0.5070620927044596,0.4929379072955404
7031,0.6827041732111281,0.3172958267888718,0.5070620927044596,0.4929379072955404
7032,0.9999999998844216,1.155786459662497e-10,0.7427204365735623,0.25727956342643776
7033,0.7742545886069787,0.2257454113930214,0.46390592829214716,0.536094071707853
7034,0.7467812338299531,0.2532187661700469,0.6329414878081645,0.3670585121918355
7035,0.6547645434024936,0.34523545659750643,0.5000973289149623,0.49990267108503783
7036,0.841373739216664,0.158626260783336,0.5041167229958383,0.4958832770041618
7037,0.841373739216664,0.158626260783336,0.5041167229958383,0.4958832770041618
7038,0.9999999999999939,6.002188864463482e-15,0.7427204366593989,0.257279563340601
7039,0.6827041732111282,0.31729582678887175,0.5331834146474446,0.46681658535255544
7040,0.9999999999755039,2.4496159321521552e-11,0.7785710473857611,0.22142895261423895
7041,0.7742545886069787,0.2257454113930214,0.46390592829214716,0.536094071707853
7042,0.9999999999999962,3.784293090962013e-15,0.7785710474046967,0.2214289525953033
7043,0.7742545886069787,0.2257454113930214,0.46390592829214716,0.536094071707853
7044,1.0,1.8589219305998386e-23,0.5991490341772685,0.40085096582273144
7045,0.3307002341262967,0.6692997658737033,0.1981744205787992,0.8018255794212008
7046,0.9999999998577493,1.422506828674501e-10,0.7809632281131246,0.21903677188687548
7047,0.44008251813713245,0.5599174818628676,0.2637048768886243,0.7362951231113757
7048,0.9999767585689665,2.3241431033543954e-05,0.7427031750483577,0.2572968249516424
7049,0.7742545886069786,0.22574541139302143,0.6040424104370203,0.39595758956297966
7050,0.999999999999994,6.002188864463482e-15,0.7809632282242049,0.21903677177579506
7051,0.7742545886069787,0.2257454113930214,0.46390592829214716,0.536094071707853
7052,0.7467812338299531,0.2532187661700469,0.6329414878081645,0.3670585121918355
7053,0.6827041732111281,0.3172958267888718,0.5070620927044596,0.4929379072955404
7054,0.841373739216664,0.158626260783336,0.5041167229958383,0.4958832770041618
7055,0.9999999999999962,3.784293090962014e-15,0.5991490341772663,0.4008509658227337
7056,0.6560016115006168,0.34399838849938325,0.5261982416447717,0.4738017583552283
7057,0.7742545886069787,0.2257454113930214,0.46390592829214716,0.536094071707853
7058,0.7467812338299531,0.2532187661700469,0.6329414878081645,0.3670585121918355
7059,0.9999999999999962,3.784293090962014e-15,0.5991490341772663,0.4008509658227337
7060,0.7742545886069787,0.2257454113930214,0.46390592829214716,0.536094071707853
7061,0.7742545886069787,0.2257454113930214,0.46390592829214716,0.536094071707853
7062,0.6741648455820006,0.32583515441799954,0.4039425933547436,0.5960574066452566
7063,0.7689193488514517,0.2310806511485483,0.5710948463678174,0.4289051536321827
7064,0.9999999999999939,6.002188864463482e-15,0.7427204366593989,0.257279563340601
7065,0.999999999925498,7.450198931452e-11,0.7427204366040703,0.2572795633959298
7066,0.6827041732111281,0.3172958267888718,0.5070620927044596,0.4929379072955404
7067,0.9999999999755039,2.4496159321521552e-11,0.599149034162593,0.4008509658374071
7068,0.9999767585689665,2.3241431033543954e-05,0.7427031750483577,0.2572968249516424
7069,0.9999999998577493,1.4225068286745014e-10,0.7427204365537527,0.2572795634462473
7070,0.9999999999755039,2.4496159321521552e-11,0.599149034162593,0.4008509658374071
7071,0.9999999998844216,1.155786459662497e-10,0.7427204365735623,0.25727956342643776
7072,0.8692266562854037,0.13077334371459623,0.6455939477133683,0.3544060522866316
7073,0.9999767585689664,2.3241431033543957e-05,0.7809450787341674,0.21905492126583256
7074,0.6645528137370244,0.33544718626297554,0.5192296068329858,0.4807703931670142
7075,0.9212389677932444,0.07876103220675551,0.747304829238491,0.252695170761509
7076,0.8692266562854039,0.13077334371459629,0.6788408805893832,0.321159119410617
7077,0.3307002341262967,0.6692997658737033,0.1981744205787992,0.8018255794212008
7078,0.841373739216664,0.158626260783336,0.5041167229958383,0.4958832770041618
7079,0.7742545886069786,0.22574541139302143,0.6040424104370203,0.39595758956297966
7080,0.7742545886069787,0.2257454113930214,0.46390592829214716,0.536094071707853
7081,0.8692266562854037,0.13077334371459623,0.6455939477133683,0.3544060522866316
7082,0.41096662670144163,0.5890333732985583,0.30524027598241815,0.6947597240175818
7083,0.3307002341262967,0.6692997658737033,0.1981744205787992,0.8018255794212008
7084,0.7689193488514517,0.2310806511485483,0.5710948463678174,0.4289051536321827
7085,0.3799069000546879,0.620093099945312,0.28217194943257795,0.7178280505674219
7086,0.9999999999755039,2.4496159321521552e-11,0.599149034162593,0.4008509658374071
7087,0.8692266562854037,0.13077334371459623,0.6455939477133683,0.3544060522866316
7088,0.8334385374795932,0.16656146252040682,0.49936277773456317,0.5006372222654369
7089,0.9999991205588286,8.794411714630489e-07,0.7637812617493712,0.23621873825062875
7090,0.8692266562854039,0.13077334371459629,0.6788408805893832,0.321159119410617
7091,0.8832227234585942,0.11677727654140586,0.7577326570765464,0.24226734292345373
7092,0.3307002341262967,0.6692997658737033,0.1981744205787992,0.8018255794212008
7093,0.9999908459700819,9.15402991793519e-06,0.7799350222673472,0.22006497773265257
7094,0.7742545886069786,0.22574541139302143,0.6040424104370203,0.39595758956297966
7095,0.8692266562854037,0.13077334371459623,0.6455939477133683,0.3544060522866316
7096,0.9999999999999991,8.637512910734845e-16,0.7799417745544777,0.2200582254455223
7097,0.7742545886069786,0.22574541139302143,0.6040424104370203,0.39595758956297966
7098,0.7689193488514517,0.23108065114854823,0.6005097969823182,0.3994902030176818
7099,0.6560016115006168,0.34399838849938325,0.5261982416447717,0.4738017583552283
7100,0.7742545886069787,0.2257454113930214,0.46390592829214716,0.536094071707853
7101,0.6645528137370244,0.3354471862629756,0.39818406638155046,0.6018159336184494
7102,0.7742545886069786,0.22574541139302143,0.6040424104370203,0.39595758956297966
7103,0.6020815064865717,0.39791849351342834,0.3607577746615137,0.6392422253384863
7104,0.841373739216664,0.158626260783336,0.5041167229958383,0.4958832770041618
7105,0.746781233829953,0.25321876617004685,0.593160014886032,0.4068399851139678
7106,0.6827041732111281,0.3172958267888718,0.5070620927044596,0.4929379072955404
7107,0.7742545886069787,0.2257454113930214,0.46390592829214716,0.536094071707853
7108,0.841373739216664,0.158626260783336,0.5041167229958383,0.4958832770041618
7109,0.7742545886069786,0.22574541139302143,0.6040424104370203,0.39595758956297966
7110,0.9999977925355756,2.207464424309222e-06,0.7637802474292035,0.2362197525707965
7111,7.207819961612487e-35,1.0,5.3331409410221906e-05,0.9999466685905898
7112,0.7742545886069787,0.2257454113930214,0.46390592829214716,0.536094071707853
7113,0.7742545886069786,0.22574541139302143,0.6040424104370203,0.39595758956297966
7114,0.9999999999999962,3.784293090962014e-15,0.5991490341772663,0.4008509658227337
7115,0.7742545886069787,0.2257454113930214,0.46390592829214716,0.536094071707853
7116,0.7742545886069787,0.2257454113930214,0.46390592829214716,0.536094071707853
7117,0.9999999998577493,1.4225068286745014e-10,0.7427204365537527,0.2572795634462473
7118,0.9999999999755039,2.4496159321521552e-11,0.599149034162593,0.4008509658374071
7119,0.8692266562854039,0.13077334371459629,0.6788408805893832,0.321159119410617
7120,0.9999767585689664,2.3241431033543957e-05,0.7809450787341674,0.21905492126583256
7121,0.841373739216664,0.15862626078333603,0.6559336705873424,0.3440663294126575
7122,0.7742545886069786,0.22574541139302143,0.6040424104370203,0.39595758956297966
7123,0.8832227234585942,0.11677727654140586,0.7577326570765464,0.24226734292345373
7124,1.0,1.4976245082287436e-27,0.5991490341772686,0.40085096582273144
7125,0.9999908459700819,9.15402991793519e-06,0.7799350222673472,0.22006497773265257
7126,0.8692266562854037,0.13077334371459623,0.6455939477133683,0.3544060522866316
7127,0.9999977925355756,2.2074644243092214e-06,0.8395904056004807,0.16040959439951935
7128,5.077633289816466e-38,1.0,0.04231176990065836,0.9576882300993417
7129,0.6827041732111282,0.31729582678887175,0.5331834146474446,0.46681658535255544
7130,0.7742545886069787,0.2257454113930214,0.46390592829214716,0.536094071707853
7131,0.3799069000546879,0.620093099945312,0.28217194943257795,0.7178280505674219
7132,0.9999999999975726,2.427594124159391e-12,0.8475594446146193,0.15244055538538084
7133,0.9999999999755039,2.4496159321521552e-11,0.7785710473857611,0.22142895261423895
7134,0.7742545886069786,0.22574541139302143,0.6040424104370203,0.39595758956297966
7135,1.0,1.8589219305998386e-23,0.5991490341772685,0.40085096582273144
7136,0.5363894451321723,0.46361055486782776,0.3983928837071165,0.6016071162928835
7137,0.7742545886069787,0.2257454113930214,0.46390592829214716,0.536094071707853
7138,0.3307002341262967,0.6692997658737034,0.26112099098979713,0.738879009010203
7139,0.44008251813713245,0.5599174818628676,0.2637048768886243,0.7362951231113757
7140,0.7689193488514517,0.2310806511485483,0.5710948463678174,0.4289051536321827
7141,0.7689193488514517,0.2310806511485483,0.5710948463678174,0.4289051536321827
7142,0.7742545886069787,0.2257454113930214,0.46390592829214716,0.536094071707853
7143,0.7742545886069787,0.2257454113930214,0.46390592829214716,0.536094071707853
7144,0.6827041732111282,0.31729582678887175,0.5331834146474446,0.46681658535255544
7145,0.3799069000546879,0.620093099945312,0.28217194943257795,0.7178280505674219
7146,0.746781233829953,0.25321876617004685,0.593160014886032,0.4068399851139678
7147,0.9999767585689665,2.3241431033543954e-05,0.7427031750483577,0.2572968249516424
7148,0.7742545886069787,0.2257454113930214,0.46390592829214716,0.536094071707853
7149,0.6741648455820006,0.32583515441799954,0.4039425933547436,0.5960574066452566
7150,0.6741648455820006,0.32583515441799954,0.4039425933547436,0.5960574066452566
7151,0.6827041732111281,0.3172958267888718,0.5070620927044596,0.4929379072955404
7152,0.6645528137370244,0.3354471862629756,0.39818406638155046,0.6018159336184494
7153,0.8692266562854037,0.13077334371459623,0.6455939477133683,0.3544060522866316
7154,0.841373739216664,0.158626260783336,0.5041167229958383,0.4958832770041618
7155,0.9999999999999939,6.002188864463482e-15,0.7427204366593989,0.257279563340601
7156,0.9999999999999962,3.784293090962014e-15,0.5991490341772663,0.4008509658227337
7157,0.7689193488514517,0.2310806511485483,0.5710948463678174,0.4289051536321827
7158,0.7742545886069787,0.2257454113930214,0.46390592829214716,0.536094071707853
7159,1.0,1.4976245082287436e-27,0.5991490341772686,0.40085096582273144
7160,0.7742545886069787,0.2257454113930214,0.46390592829214716,0.536094071707853
7161,0.6560016115006168,0.34399838849938325,0.5261982416447717,0.4738017583552283
7162,0.9999999999755039,2.4496159321521552e-11,0.599149034162593,0.4008509658374071
7163,0.9999767585689665,2.3241431033543954e-05,0.7427031750483577,0.2572968249516424
7164,0.746781233829953,0.25321876617004685,0.593160014886032,0.4068399851139678
7165,0.7742545886069787,0.2257454113930214,0.46390592829214716,0.536094071707853
7166,0.999999999999994,6.002188864463482e-15,0.7809632282242049,0.21903677177579506
7167,0.7689193488514517,0.2310806511485483,0.5710948463678174,0.4289051536321827
7168,0.7689193488514517,0.2310806511485483,0.5710948463678174,0.4289051536321827
7169,0.841373739216664,0.158626260783336,0.5041167229958383,0.4958832770041618
7170,0.7742545886069787,0.2257454113930214,0.46390592829214716,0.536094071707853
7171,0.841373739216664,0.158626260783336,0.5041167229958383,0.4958832770041618
7172,1.0,1.4976245082287436e-27,0.5991490341772686,0.40085096582273144
7173,0.999999999925498,7.450198931452e-11,0.7427204366040703,0.2572795633959298
7174,0.7742545886069787,0.2257454113930214,0.46390592829214716,0.536094071707853
7175,0.9999999999999939,6.002188864463482e-15,0.7427204366593989,0.257279563340601
7176,0.746781233829953,0.25321876617004685,0.593160014886032,0.4068399851139678
7177,0.8692266562854037,0.13077334371459623,0.6455939477133683,0.3544060522866316
7178,0.6827041732111282,0.31729582678887175,0.5331834146474446,0.46681658535255544
7179,0.8692266562854039,0.13077334371459629,0.6788408805893832,0.321159119410617
7180,0.999999999999994,6.002188864463482e-15,0.7809632282242049,0.21903677177579506
7181,1.0,1.4976245082287436e-27,0.5991490341772686,0.40085096582273144
7182,0.8692266562854039,0.13077334371459629,0.6788408805893832,0.321159119410617
7183,0.7742545886069786,0.22574541139302143,0.6040424104370203,0.39595758956297966
7184,0.9999767585689664,2.3241431033543957e-05,0.7809450787341674,0.21905492126583256
7185,0.8692266562854037,0.13077334371459623,0.6455939477133683,0.3544060522866316
7186,0.6741648455820006,0.32583515441799954,0.4039425933547436,0.5960574066452566
7187,0.7072547537707807,0.2927452462292194,0.525296020381264,0.4747039796187361
7188,0.9999767585689665,2.3241431033543954e-05,0.7427031750483577,0.2572968249516424
7189,0.9999999999999962,3.784293090962014e-15,0.5991490341772663,0.4008509658227337
7190,0.841373739216664,0.158626260783336,0.5041167229958383,0.4958832770041618
7191,0.9999999998577493,1.4225068286745014e-10,0.7427204365537527,0.2572795634462473
7192,0.6827041732111281,0.3172958267888718,0.5070620927044596,0.4929379072955404
7193,0.7742545886069787,0.2257454113930214,0.46390592829214716,0.536094071707853
7194,0.7689193488514517,0.23108065114854823,0.6005097969823182,0.3994902030176818
7195,0.6645528137370244,0.3354471862629756,0.39818406638155046,0.6018159336184494
7196,0.9999999999999962,3.784293090962014e-15,0.5991490341772663,0.4008509658227337
7197,0.7742545886069787,0.2257454113930214,0.46390592829214716,0.536094071707853
7198,0.7742545886069787,0.2257454113930214,0.46390592829214716,0.536094071707853
7199,0.6827041732111281,0.3172958267888718,0.5070620927044596,0.4929379072955404
7200,0.841373739216664,0.15862626078333603,0.6559336705873424,0.3440663294126575
7201,0.14577941622442125,0.8542205837755786,0.087389153221468,0.9126108467785319
7202,0.6560016115006168,0.34399838849938325,0.5261982416447717,0.4738017583552283
7203,0.9440591887868981,0.05594081121310182,0.7386781537190196,0.2613218462809804
7204,0.841373739216664,0.158626260783336,0.5041167229958383,0.4958832770041618
7205,0.7689193488514517,0.2310806511485483,0.5710948463678174,0.4289051536321827
7206,0.7689193488514517,0.2310806511485483,0.5710948463678174,0.4289051536321827
7207,0.841373739216664,0.158626260783336,0.5041167229958383,0.4958832770041618
7208,0.7742545886069787,0.2257454113930214,0.46390592829214716,0.536094071707853
7209,0.7742545886069787,0.2257454113930214,0.46390592829214716,0.536094071707853
7210,0.7742545886069787,0.2257454113930214,0.46390592829214716,0.536094071707853
7211,0.9999991205588286,8.794411714630489e-07,0.7637812617493712,0.23621873825062875
7212,0.841373739216664,0.15862626078333603,0.6559336705873424,0.3440663294126575
7213,0.6560016115006168,0.3439983884993833,0.5560003615288944,0.4439996384711057
