,Gender,Race,Feature 1,Feature 2,Feature 3,Feature 4,Success
0,Female,Asian,2.136036618776047,1.374288571255646,-0.7539312681473509,-0.40573560426058786,No
1,Male,White,1.320056519319937,4.095405091943792,1.469335182339782,3.694357044910352,Yes
2,Female,Other,1.703492825444772,1.0530001218650846,-1.8111212843900892,3.723189635537071,Yes
3,Male,White,1.1842781678573309,0.5666725108161265,-2.915972097675467,5.712254847678342,Yes
4,Male,Asian,2.4244806174470948,2.250594503940746,1.4599581949810225,-0.26751354207019906,Yes
5,Male,Black,3.196513141262643,2.647840192502947,-1.370035628067809,0.33798516852940064,Yes
6,Female,Asian,0.6943285844066991,0.8120903778080169,-1.084561472469495,-1.559724353808753,No
7,Male,White,2.9634917210541376,0.728288195546922,-0.21026967668003924,0.9205233971127909,No
8,Male,Other,1.5417067432193494,-0.3117539125373052,1.796089819951696,3.1819946686484,Yes
9,Female,Other,1.8609821693624977,1.8141839817494314,1.886304619629418,2.1740893440717386,Yes
10,Female,Black,1.0207586903596662,2.442820458970034,-0.9053890204447511,5.0470663566236205,Yes
11,Male,Asian,1.5132176569138034,1.1346784397879968,-0.6468795520392826,1.7882758707285094,No
12,Male,Hispanic,1.4426566261696647,0.9415602437830923,-0.5311075714992176,0.28969970844590265,No
13,Female,Asian,0.7299522468115232,1.7373647036833564,-0.19231684615349634,2.2549133591862356,No
14,Female,Other,2.560699214608875,1.7677741657041812,-0.8580953970384408,-1.9205952764302898,No
15,Male,Black,1.430133335663033,0.9706339891841087,0.29247268926811876,2.9810515953694803,Yes
16,Male,Other,2.516676531953579,1.3074581512185683,-1.9239598593900458,0.003360596271994698,No
17,Male,Other,2.628646252242094,0.6596416818204256,0.39347359646644187,2.4254290782569985,Yes
18,Female,White,1.8574852986173243,3.056776885849241,1.7031956370135353,0.8505091465440625,Yes
19,Female,Other,2.055764209382206,1.9097261074766265,-3.241835176902999,4.306413831013304,Yes
20,Male,White,0.7271536926844653,0.12751634361931186,2.5487690003478303,1.4248704871029871,Yes
21,Male,Black,2.5541794038677406,0.9051388436691589,-2.215465072778615,-0.09834437970011478,No
22,Female,Other,-0.7116116579732252,4.208151217986036,-3.170221086325429,2.574843188832719,No
23,Female,Black,2.3047413977790465,1.657274024614685,-0.9397833271773351,3.8118016101602383,Yes
24,Male,White,1.5393950705260524,0.2219920179157433,-1.4065086347110478,2.5041465009066086,No
25,Female,Other,2.7352628697833703,1.8335645628167316,-2.8198396510239183,1.3880202226879927,No
26,Female,Hispanic,2.242357712802202,2.2096458452181382,1.4963634057971236,0.10178721028100357,Yes
27,Male,Other,1.0523282077548237,0.2938221077174499,1.3272804473762427,3.3964782567567626,Yes
28,Male,Black,2.240564951997169,0.33937163436422413,2.0905905763633545,1.9063271919000857,Yes
29,Female,Hispanic,2.040738694859606,2.223247403421955,2.069418280668049,-2.150670604141739,No
30,Male,White,1.5924272060120999,1.164279776027192,1.7736152546910189,1.3048856625413265,Yes
31,Male,Asian,1.211343484671211,2.4170192376230824,0.054663759196770245,5.474169073594382,Yes
32,Female,Asian,-0.779280723947388,0.9402644523720896,1.8704015639605567,3.870477257307393,Yes
33,Female,Other,1.081801113322428,2.6497755437080595,-0.40982967506923473,1.4207103368057703,Yes
34,Female,Other,2.4715578907811526,-0.3255897176969491,-0.9215491807637222,1.7445961456909387,No
35,Male,Asian,2.314402757375906,4.260663329320094,-0.9075695240130001,4.80987405630283,Yes
36,Female,Other,1.9816328772791767,1.254848362676027,1.1244304996237486,2.4684191220537812,Yes
37,Female,Other,1.996855143659975,2.096738845842346,0.521800444601455,1.7255218208289713,Yes
38,Male,Black,2.1974576433455066,2.0309376477354646,0.945522013174771,0.5857950316376651,Yes
39,Female,Asian,2.364350347872934,-0.8363959077353773,0.9961379439844426,1.090022808196955,No
40,Female,Asian,0.6171921603349473,0.7839107326980745,1.2392678248906717,2.2038904645362507,Yes
41,Male,White,3.4771073633530554,1.1098262600304278,-3.980336359670835,-1.6460638314760527,No
42,Male,White,0.7982015527348162,-0.1199741516355286,1.2508797713090778,2.5167352196228596,No
43,Female,Asian,-0.26255704149115466,1.1522637005721925,-0.039099906679860255,0.05211624715744689,No
44,Male,Other,1.8310931667421997,2.507317628636489,-0.4559423976203165,5.1655098813381635,Yes
45,Male,White,1.3689044056419135,3.8226751080023273,-1.049440776220764,-1.3276645795631523,No
46,Male,Other,1.471995246640798,0.8930741627683613,-0.871404404980759,0.562289120847616,No
47,Male,Other,1.8801068821157392,3.594399562751313,1.3151035166778005,3.184858991985729,Yes
48,Male,White,1.556372285796595,1.5713195870448693,-1.421475607943912,-2.3684314346744237,No
49,Male,Black,0.15825268147646443,0.8586328577869282,-1.8831747388095732,0.540887915245375,No
50,Female,White,2.008406074963566,0.7141762086334698,-0.16736173678880975,2.104750108549993,Yes
51,Female,Hispanic,2.0371959061913727,1.6220915593275915,0.560748441928985,1.248786877196082,Yes
52,Male,White,0.5569188380783952,0.6014470173895883,1.6496608649135038,0.41754518113838446,No
53,Male,Asian,2.9488031322989197,2.4142996316030696,-0.016314377575437054,1.638865674168111,Yes
54,Female,Black,-0.5603797377536699,0.7520984775750256,0.13495816471402,1.9933204998874465,No
55,Male,White,-1.1294444286541543,0.12077096308181434,-1.5928369451282107,4.696336260841487,No
56,Female,Asian,-1.0712010519205957,1.699654356176762,-0.5885109015849952,2.478028332417625,No
57,Male,Other,1.2524736833902237,3.4361025539309686,1.3126810392924193,1.2427466891215537,Yes
58,Male,Other,1.1468042534364804,1.6402224342941731,0.6935186666315247,2.195561636758544,Yes
59,Male,Other,2.606080230842841,0.4929679993561089,-1.7198486278390943,-0.14470231913171538,No
60,Male,White,1.3227252188428298,0.9071964231822716,-0.2483862020814776,0.27182180212380935,No
61,Male,Other,0.13960161718325315,0.37208415159570907,-0.3178295858697677,1.8437248219851656,No
62,Male,Other,2.700844326481193,2.6805103443347935,-0.814686380093943,-0.8451005903767681,No
63,Male,Other,2.1002425930475117,1.6686305094335134,-1.4524294573034306,-0.9387959649147498,No
64,Female,Other,0.24303909224497955,1.0974289774294859,-2.6409449226569066,-0.5471130310682009,No
65,Male,Asian,0.5298919157587372,0.8533720600058341,-1.3442375630499979,0.3013098603646067,No
66,Female,Asian,0.5704251441783884,0.4520735679802559,0.6276298491189383,2.1969555238738403,No
67,Female,Asian,1.999252339022579,2.2343575270336737,-2.16288945538128,1.2496636475598044,No
68,Male,Black,0.99158883157237,3.2987032480039167,0.5944505861248363,2.3910332575837314,Yes
69,Male,White,2.422029167156892,0.5435175805508639,-0.9869814511982866,-0.40261419326530723,No
70,Male,Other,1.4564038075655765,0.7402906842455932,1.6937219823872813,3.1408676671319795,Yes
71,Male,Asian,2.6773805605668954,-0.13253512149570912,-0.44326600192310783,3.483503757948002,Yes
72,Male,Hispanic,1.6995413625882616,1.0662172421858205,2.237925480337166,0.6080859744573497,Yes
73,Female,Other,1.7922460524947548,1.4303170094711302,2.611629174973829,0.8418772831500256,Yes
74,Female,Hispanic,2.4485981191582447,2.376562941026215,-0.523506769295689,-1.0591444083090453,No
75,Male,Black,2.5960900241730456,-0.02748832095742304,-0.46337629281212445,1.8877782241438754,No
76,Male,Asian,2.479098072020671,1.2573695930277524,-3.4991901920081903,-1.7005053290337062,No
77,Male,Black,0.4571116284237806,1.6788975877639132,0.19464355487704452,1.3108249089526152,No
78,Male,Black,1.2196740559622974,-0.3245255203345483,1.0168949971851742,1.2231834939110813,No
79,Female,Black,2.447563777168279,2.445568549112375,-1.433989386828315,-1.0521929426817598,No
80,Female,White,1.4686243480451262,1.296820766404827,-2.323601117162762,0.8192731930850469,No
81,Male,Other,0.7257173263208775,2.7183512107662047,-0.21030636595569896,1.4837683282531047,Yes
82,Male,Hispanic,1.2280154199874576,0.9995018536877353,0.30019090813956295,-0.09811914343008321,No
83,Male,Other,0.12181883576497587,2.8977963410887684,-0.3414364597415745,-0.26148437680389613,No
84,Male,White,0.7888255707760229,1.1952165122095253,1.2458076773114821,-1.4250857980254756,No
85,Female,Other,1.2287949926939383,0.29030537054465566,1.3188462833640875,2.772063103374075,Yes
86,Female,Asian,1.044950535023899,2.4932045669079286,-0.2484032122809816,2.9631062233942425,Yes
87,Female,Hispanic,2.4434948248834276,-0.3552449278513543,0.5843754825312502,2.798716172010963,Yes
88,Female,Other,-0.9594350770770952,0.8232669694976784,0.12691348619738294,1.1020246394971769,No
89,Male,Hispanic,1.3883112419797254,0.6120011936476398,-1.8951300850409158,-1.5831392628340728,No
90,Female,Asian,2.0024900011806883,-0.5796111918492668,-0.12489313825710857,3.4171602298815813,Yes
91,Male,Hispanic,2.83941342598839,2.744931715085136,-1.783704628296904,4.7541010156182875,Yes
92,Male,Other,1.9056109045639618,0.9893237866125135,-1.3678616215974078,-0.04549666874440261,No
93,Female,Other,2.7469543739691336,2.775876083322043,-0.2291022873781441,0.9810583510159223,Yes
94,Male,Asian,2.419517976115121,-0.008965316527058453,-2.085605475503398,-2.793696311438854,No
95,Female,White,3.2810786092665407,2.879828996512063,1.0120119160231142,1.846598318938929,Yes
96,Female,Asian,2.357171867531381,1.8903816568064364,-0.03413672461453676,3.918850515631542,Yes
97,Male,Black,1.9326523490611616,3.6595145842800116,0.6295370805345336,1.8344520403265887,Yes
98,Female,Black,2.5370024432613407,-0.8655490092799134,-1.097294558886421,3.243482812288555,No
99,Female,Other,-0.5257046163092562,-0.2324582059843634,1.3309817772042523,0.9451377761784762,No
100,Male,Asian,1.163110999523319,1.9317523531395586,1.4595232192950296,1.7431043208598314,Yes
101,Female,White,0.9800378235875242,1.28518645730136,5.869835475258311,6.775807243604291,Yes
102,Female,Other,2.181791044934839,2.0384333247578423,-0.6398250519545992,2.3474607420199245,Yes
103,Male,White,1.7132238486940192,-0.255307468336897,-0.24185902953190547,-0.22920927808844938,No
104,Female,Asian,1.8161776083602983,1.6275921648056368,2.185887825493725,1.700130336969052,Yes
105,Male,White,1.8677205566281478,2.747371273871741,0.8917845097294758,0.814103837327709,Yes
106,Male,Asian,1.3463780172277584,2.381334651262504,0.9546523616422875,1.6006925175582203,Yes
107,Female,White,2.912868717539872,0.6141902491121924,0.7309999272302989,-0.6178836869417212,No
108,Male,Asian,0.3783732808134477,1.2408901032041504,-2.151668100841106,3.0321655194682458,No
109,Male,Asian,1.4197102283309575,3.147933579307991,-1.266656810451462,2.4825082928289897,Yes
110,Male,White,0.44612960247046973,0.4972184866920092,1.2392080380435417,1.695394495837005,No
111,Female,White,1.0973132903454303,2.560124666908467,0.2758942936078277,3.216302214762406,Yes
112,Female,Black,3.387160863971544,2.92477743848049,1.7538528683153332,1.6986555183206977,Yes
113,Male,Black,2.0124887194217673,0.9654153867875078,-0.2937343534803557,2.3554811891778646,Yes
114,Female,White,2.4302317128164823,1.4213353382603096,1.9231592652574656,0.39503623056928894,Yes
115,Male,Other,0.7255273165846419,1.642681916582532,-0.009223783900707883,2.258875942196771,Yes
116,Male,Asian,2.113765000976397,2.3510973996376894,1.8082622569843632,2.0889040107930708,Yes
117,Male,Black,1.4583242670690382,3.20500309609615,-1.784130401854385,3.940406234167093,Yes
118,Female,Black,0.29919432603762475,2.8287013085050643,-0.7006737723777424,-0.34424876476377086,No
119,Male,Other,2.9788747955464387,0.27406618734015964,-0.7453077075417357,2.8487679515970568,Yes
120,Female,Black,-0.40080449646137617,0.21316809752424803,-2.9587427048636012,0.49083511546435044,No
121,Male,Black,0.599130009568126,3.3070954678169793,0.33923636217674474,0.8329173347556151,Yes
122,Male,White,1.0709285005742657,1.700627174258601,0.048789760090218515,2.682145239095835,Yes
123,Female,White,1.3514415587316895,0.9557910253603753,1.9055542410328905,1.0577743768863739,Yes
124,Male,Other,0.30294293562708774,1.3658645638334401,2.022367326824561,-0.06963854630800714,No
125,Female,Asian,1.132333716917092,1.9479712803712388,-0.541238408534969,0.6141075637377096,No
126,Male,Asian,1.5869974437288557,2.5105441546162206,0.0866972920912443,2.33281800608226,Yes
127,Male,Other,0.9729391490209696,2.1478830521953247,-2.060869855178952,-1.036388628583075,No
128,Male,Asian,1.63009887632573,3.374948900289822,-1.9693649728297808,3.9633970321236895,Yes
129,Male,Asian,0.04280763085145001,1.7452673646997532,-0.7537616747928374,0.9692448456652255,No
130,Female,Other,3.4126929378865087,-1.0275481838355631,-1.805617800889944,4.497085315121057,Yes
131,Female,Black,1.7157239532857322,2.7740598366757774,-1.1734829351264,-0.18125542883308965,No
132,Female,Other,2.142904700350407,1.3864018468017618,0.9586803783076662,0.17290247585923557,Yes
133,Female,Other,0.9581617279585306,2.255621938130425,-0.3433131728580681,1.6712886610133157,No
134,Male,White,0.7732091839801254,0.4974074315876458,-2.382668819526047,0.3753622507201475,No
135,Male,Asian,3.1639845761228145,2.7677764664085256,0.051730904443251534,1.8163097014893634,Yes
136,Male,Black,1.0849039821067974,0.7430617418030174,-0.5932123696145537,0.768436924571681,No
137,Male,Other,2.3158341550203407,2.587412956864446,-1.3939637625224013,-1.431323728330685,No
138,Male,Other,-0.2703271720760658,0.8708141583644625,0.41065149328299844,1.325855458512304,No
139,Female,Hispanic,2.3055804925871195,2.791980174238262,0.7212618665926547,1.082488417270423,Yes
140,Female,White,1.644967614331408,2.1583619678816044,-0.6801601491207591,-0.7018358718114746,No
141,Male,White,0.7333716171237259,-1.2635060058478405,-2.276368243415859,-0.02575568401359951,No
142,Male,White,2.121411281524231,2.0795501359199022,0.33158215263611046,4.389230442649713,Yes
143,Male,Other,1.523672006509553,0.5730732456552379,1.306756763884974,0.5734987781640304,No
144,Female,White,0.8678194089953188,-0.0480955696563754,-0.04481027160012611,1.1804307404456251,No
145,Female,Other,2.517971740260808,0.015547734237357114,-2.0128512074120604,5.129813993792606,Yes
146,Male,Hispanic,0.5083621564031542,1.0733603125821742,-0.8001948730255212,1.6720370884435158,No
147,Male,Other,2.7366633522291037,1.7015211457032833,-2.5943217284297773,-0.12228566168934318,No
148,Male,Other,1.8069102229947491,2.1587476689385734,2.133376692447036,-0.4370992980968922,Yes
149,Female,Other,2.5542691317820614,2.22674656551578,0.9328597374266446,2.1574007568852105,Yes
150,Female,Hispanic,2.1978836572560914,0.5694824690324919,1.2958840291831006,1.6015931095414773,Yes
151,Female,Black,3.7602037845620906,1.2297561524402787,0.8918631059602581,1.195777856538491,Yes
152,Female,Other,2.121026882676004,2.332700734527187,-1.0942795068410622,2.8001122834344683,Yes
153,Female,White,0.584440472140989,2.7262317870825368,6.073538191499411,6.578735036089377,Yes
154,Female,Other,1.0741076559998597,0.40855608538939503,1.4604456607823826,3.1913307670226443,Yes
155,Female,Asian,1.6069595858162866,-0.5874326136503638,-1.201354831682126,4.35932214908421,No
156,Male,White,1.406102578782495,1.6853646574018213,0.8727513953083523,0.133650703714163,No
157,Male,Black,0.5810093027154482,1.4788660529855082,0.321430813686273,-0.08215043015176526,No
158,Male,Asian,1.553158008531347,3.137387088555033,-2.282287335415495,-1.1590389226687898,No
159,Female,Other,1.7359250247318587,1.2493291010255116,0.11004822542308233,2.5262940733540526,Yes
160,Female,Asian,2.844239759678356,2.1936642820128593,1.094307081144675,2.4609195478441217,Yes
161,Female,Other,0.7177250741561985,2.731306531072673,0.995168999099583,3.026536582269644,Yes
162,Male,Other,1.87929909063747,1.1457006030394263,1.5841500966794517,0.8070696959953694,Yes
163,Female,White,-0.9770054208059775,1.373138259699735,0.6171918300224631,0.00977134828534798,No
164,Male,White,0.30789594188628777,2.9062099394916605,-0.5401349603929351,0.08606031743115372,No
165,Female,Black,0.7229387734895198,-0.043046175316622914,-0.7925182365954353,4.141596981045818,No
166,Male,White,2.231318489847361,1.839822792452063,1.1960895774846345,1.2516119723491244,Yes
167,Female,Hispanic,1.1916655171705892,0.9237123374463907,-1.9131171900813995,0.12544006439131472,No
168,Male,Asian,1.3203483352082153,1.7436340137709458,-1.5996062978086973,0.8092775379161303,No
169,Male,Other,3.0631737931159178,2.3970647127211233,1.250509079828064,1.3568409256475347,Yes
170,Female,Other,2.898023179553163,2.706585995313982,-3.033804781198901,-0.2361566990312608,No
171,Male,White,1.7671767189699636,2.014822877190921,-1.3361000755211567,1.0706064765327599,No
172,Female,Other,1.904552264798511,0.8496862610475494,0.7567972979637579,1.1024677658504314,Yes
173,Female,Hispanic,0.6891010590235733,0.4839779870100296,0.03730293015756706,-0.16152904244349808,No
174,Female,Asian,2.2183039990586844,1.7955503495004772,0.7898501988117521,1.4549344205349342,Yes
175,Female,Black,1.882978869094932,1.4705707583136682,1.5878039262256494,0.43423269758780414,Yes
176,Female,Asian,2.914058381248542,2.656465424335366,0.200993422902986,-0.35880199487559783,Yes
177,Female,Other,-0.14564465808649496,1.7613183179438616,0.4916465889850293,0.7062279327910723,No
178,Male,Black,2.309702182571424,0.2762685956473556,0.4906660360465933,5.726829290038294,Yes
179,Male,Asian,1.5744420349345671,1.0080548244569212,1.8634087359097007,0.12461432340372758,Yes
180,Male,White,1.5840704089486712,2.3564904542095215,1.480984961574522,0.3218029236870972,Yes
181,Female,Asian,0.4424616065928233,3.3085909263049844,0.4037123386951522,4.31802775237124,Yes
182,Female,Other,0.1816390366116174,-0.34118230681245465,-3.3483368833432348,-0.5754532938812574,No
183,Male,Hispanic,2.0119729633896295,1.558860624093576,-1.4179031108569482,1.8448331315173632,No
184,Male,Other,2.1136610988499296,2.236628773180552,-3.0884573693473403,-0.8974516737748275,No
185,Male,Other,1.5368129359845304,1.9427510798042151,-1.941118446242245,-0.16570424313492982,No
186,Female,Other,1.3681231307037724,0.7180466335496154,0.40273202631415056,0.5290081189355432,No
187,Male,Black,1.3980628434458415,2.7182235792506932,0.4759000279857035,2.7555101415622465,Yes
188,Male,White,0.6628105832602766,0.1646209349187019,-0.6657295313802571,2.7793323707951125,No
189,Male,Other,0.5702396591142074,-0.15296783808390568,0.29799154806823724,3.159287852440318,No
190,Female,White,1.089760843488276,0.9276348708049406,-3.650930732620392,-1.5733257987393707,No
191,Female,Other,3.189355453794116,2.344125209696325,1.618182368838149,1.6944985434073732,Yes
192,Male,Other,2.0189548718361054,0.9600055357842419,-1.6271753356049046,-2.238734038358742,No
193,Female,Other,2.994480223301497,3.2164479575090894,1.1549993341638023,-0.4825655001851106,Yes
194,Male,Hispanic,0.8982415973927672,1.1056974373500847,-2.307329149133659,1.5426418775142445,No
195,Female,Other,2.0514695646509082,1.6960726776068495,0.16433135201876037,0.9140640497474148,Yes
196,Female,Hispanic,3.655423993387932,3.701152166010009,-2.6819196082634895,-0.9884558816750326,No
197,Male,Black,3.0612443282361053,1.6373243607976629,2.229332001070561,-0.3978916325052908,Yes
198,Female,Other,1.1280348177584016,0.9323751230403544,-2.335873185474834,-3.0723590167505126,No
199,Male,Other,1.276815306960105,1.8765634321528044,-0.38958670277263296,-1.423148577581462,No
200,Male,Black,0.870103127251401,-0.024832365053973238,0.256405856919957,1.8550440641376142,No
201,Male,Other,3.441231742935905,1.8156901212148924,-0.03818219694671532,3.474699425832406,Yes
202,Male,Other,1.5155097627148701,2.460571492263834,0.044652021098083416,1.821646953730803,Yes
203,Male,Black,3.693318532834911,2.1588273959807824,-1.6887692647442338,2.430024175523449,Yes
204,Male,Other,1.538894403950005,1.697615697024566,-2.5030141828686143,-0.6057267385257106,No
205,Female,Other,2.7217572964203836,1.1040158435059144,0.5489840476894754,0.5739448370128899,Yes
206,Female,Other,2.7765867961618227,1.8047894788135486,1.2062363736410822,1.2369969476455465,Yes
207,Female,Hispanic,0.654515926314635,2.9179055535448795,1.2196046323515126,1.1780494471013858,Yes
208,Male,Hispanic,1.6412465046369151,0.5903323445351603,1.454662642151701,2.7394325200931733,Yes
209,Female,White,1.8411844107362252,2.19730077835822,1.5152952137589601,2.212504481381171,Yes
210,Female,Hispanic,3.527518001933949,2.540084999905467,-2.2079669904870873,4.032435312342545,Yes
211,Male,Other,1.306606782590232,1.0743848965339224,-2.3610694024961676,-0.4067114943186444,No
212,Female,Black,0.7508561244507501,0.672975554914961,-1.857586331777934,2.4769091095363494,No
213,Female,Black,1.5234135253199201,0.7940653748050966,-1.649073640673059,3.661179631879707,No
214,Male,Other,-0.2426986903605135,1.0663078653402847,-0.8812931732975702,2.5776504279890693,No
215,Male,Other,0.7965490607899963,-0.2802967228541391,-3.2944776585973043,1.2550902566565627,No
216,Female,Black,3.615650850967369,0.3477088384167353,2.5395651939475905,2.7139312254526953,Yes
217,Male,Other,3.14719672954801,-1.89806748029961,1.1210884546488042,1.3490392504901605,No
218,Male,Black,2.4614940611064613,0.9081693549818322,-2.2512327184051566,-1.1504050721087205,No
219,Male,Asian,-0.1248931875045014,0.11199991499113371,2.726800836590055,1.3498919544175565,No
220,Female,Black,1.828007015784772,0.2822139839086033,0.2654891875021659,0.16188309529073486,No
221,Female,Other,1.6307552776664223,1.7458152087093874,-0.6334847353948165,4.581828917612519,Yes
222,Male,Other,2.6922936082277857,2.7613338155669416,-0.8853311994679668,2.8296745312371128,Yes
223,Male,Asian,2.8206668015128127,1.0035332382253292,1.9564433649643533,3.0161729658095706,Yes
224,Male,Hispanic,1.1771912681217875,1.4949717859119303,1.170942994728354,3.700675837173866,Yes
225,Female,Other,-0.5713992991337078,1.12286466625644,-1.1410278685044069,4.081701485869765,No
226,Male,Asian,2.8342758614772094,1.7609647080910331,0.7609997706129454,0.08710151464158611,Yes
227,Female,Other,0.29434004499209143,2.551520597585733,-0.27833949144005293,1.3700018874434436,No
228,Female,Other,2.4026365974771164,0.6213001099677102,-3.114570713921296,-0.7841366514456646,No
229,Male,Black,1.3333029262028528,1.629492552414799,-0.4723430570609698,4.370962705548224,Yes
230,Male,White,0.06903609743327854,2.0797435018142023,-0.278818518427574,1.1509532667514428,No
231,Female,Other,3.307074213182513,1.9396757834530025,0.016133504060151793,3.2317788842896653,Yes
232,Male,White,-0.56676202102904,0.3974567502328431,1.6621054711490264,1.2227036802120068,No
233,Female,White,3.4154462171347895,1.1815596554458017,-1.3305401372790844,3.3677854545416874,Yes
234,Female,Hispanic,2.7030737737988604,1.4370150015357037,-0.2020489959649342,2.8916242653500817,Yes
235,Male,Asian,2.7104139521147914,2.652259087965343,-3.1498161768534603,-1.077737736769834,No
236,Female,Other,1.6342008038317395,1.2409763843194845,2.5683842956365432,3.652155123646481,Yes
237,Male,White,3.0848781959016067,1.8443694319908155,-0.5927714986771608,2.711236829085993,Yes
238,Female,Black,1.7183049600953795,3.2691887738555554,-2.2970473823994033,-0.6927024953630911,No
239,Male,Other,0.5498046805954645,-0.8675799358053584,0.9705979939007776,2.249090381319699,No
240,Female,Black,0.7698263235550274,0.03602011562957019,0.7833167895541268,0.7955994800118331,No
241,Male,Other,2.530541124600924,2.2843240949850783,-1.1411110302735503,-0.9476968103525397,No
242,Male,Asian,2.5714671634410315,2.027015693889858,-0.7132869470468864,1.2820148704432122,Yes
243,Female,Other,0.4780087810191169,2.036707169367148,-0.27580822793746057,0.5532522575903398,No
244,Male,Other,2.5801139172896534,1.3627831778805877,-1.9834111540091963,4.891703181521727,Yes
245,Female,Other,0.9246393649235518,0.6420622666892922,1.56625578349595,1.3522225212024686,No
246,Female,Black,2.185223545937974,4.075439386425902,2.0327093905926548,2.4868666947964275,Yes
247,Male,Other,3.2069998326325972,1.573168171422307,0.6144051750690969,0.3601370696281482,Yes
248,Female,Other,2.2979813089105527,1.2805527826922174,0.46921726925573104,2.7926582291196946,Yes
249,Male,Black,0.07393900164369127,1.9404624158085189,-1.3684080225351218,1.080721414832393,No
250,Male,Hispanic,2.0049010126625393,0.2682010626246347,-2.810739933884402,-1.848924324720806,No
251,Male,Black,2.3509978414502135,1.5168403654661733,-1.0534780960181203,-2.412471649813292,No
252,Male,White,2.710169017809574,2.0314724626825615,1.8872470635834602,1.4472044476876458,Yes
253,Female,White,-0.06872702856956336,1.7426947030520743,-1.4697172516944108,4.599979956453662,Yes
254,Female,Other,-1.1204814533878849,-0.5935861365497128,-0.3979136745037637,2.4940076044994925,No
255,Male,Other,0.4152771422266571,0.3082887257200312,-0.4954620344797316,1.6654943931031594,No
256,Male,Other,2.6463179856817733,3.4463085941250533,0.8519907408231503,1.14174322597756,Yes
257,Female,Asian,1.4347225243242567,0.19181203482427822,-0.623845824184859,1.476262324627731,No
258,Female,Other,0.11227368820180739,1.297363755569344,-2.0882881892652194,0.31944780591387945,No
259,Female,Black,1.3317148763191335,2.468423537173453,0.37400549808855543,2.1133516433537185,Yes
260,Female,Hispanic,1.5846896295612793,0.42369486223125263,2.1036443087267838,3.2705149579253288,Yes
261,Male,Black,0.292620469063252,0.9705054555092383,-0.20793128101207672,1.111687777166849,No
262,Female,Hispanic,1.4684448035673783,0.8070399499043278,-1.878301476314271,0.6049355611826088,No
263,Female,Other,1.6555251984309005,1.2982094768570547,-1.1036982653609029,-0.3588898419694281,No
264,Male,Asian,0.8160230634292693,1.0969885305935672,1.4485294594691216,1.1305955331150002,No
265,Female,Other,1.8608836888033053,1.5983147680065546,-0.6452181301834626,0.9636591681906274,No
266,Male,Other,-0.29441322077215415,1.8531835221486808,1.1963567588452246,-2.061314006467483,No
267,Female,Black,0.4597372849386877,1.075808168414517,-0.23733391673946702,0.5875004186690811,No
268,Male,Asian,1.2504433720117574,-0.7703986871067483,0.7598678956041081,1.4803815115555778,No
269,Male,Other,1.634652313334126,1.9363657589888699,-2.92688651282371,-0.11480373817755773,No
270,Male,Asian,0.20302226808619062,4.276157243672973,-0.7086028540620073,1.685015086947927,Yes
271,Male,Other,3.1972065254586886,1.3129424054163685,2.2744720682582464,1.5972515915195862,Yes
272,Female,Asian,3.7768163113282167,1.9960860090907986,0.4656824047875936,3.1412105790973155,Yes
273,Female,White,1.3449566527498278,2.1587569395118003,0.11099957949990441,2.0876889616799477,Yes
274,Male,Black,2.841006054852787,2.676334880379235,-2.1405507671476047,-0.6260910645210873,No
275,Male,Hispanic,1.346519780835203,2.2085142293203734,0.08116565368842017,3.078549910943294,Yes
276,Male,Black,3.950197076283553,2.315663259072133,-3.0614569060336487,-0.9714971041695035,No
277,Male,Asian,2.9126176048748436,1.5517001372667896,-0.002089364735238416,-0.24670108492640264,No
278,Male,Black,1.8854327707951961,0.7274674069943676,-3.315533960367363,-2.412024342833867,No
279,Male,Black,0.007835978223465379,1.2342871736037102,-0.6445794670792011,3.385835833587868,No
280,Female,Black,-0.73448981787703,0.494882016755236,-2.2430871657621076,1.0564819649333983,No
281,Male,Asian,2.343599763948302,3.1804064887091954,0.11454890125966632,1.1041074099892731,Yes
282,Female,Other,1.2560769631544302,0.988941037600113,-0.0001425633677837922,1.608823660381886,No
283,Female,Hispanic,0.9883983028942521,1.1530354324053935,0.7550271807265784,2.251631203072406,Yes
284,Female,Other,-1.5931601466410354,-0.4842656132793417,0.32809659665177693,2.34144474944729,No
285,Male,Asian,1.0000450186757928,3.0516226264868314,-0.38925788989180643,1.0577048463183654,Yes
286,Female,White,1.5843771485814175,1.6844383641425549,-0.2430905697424289,1.1936535583915777,No
287,Male,Other,2.0566595568956996,2.1473300593339695,1.7981614186905175,0.2091657743123757,Yes
288,Female,Black,2.5045506467371066,0.878582697178655,0.17409066324884326,2.690021912304146,Yes
289,Male,Other,1.022745823721503,0.3439186991792783,0.15596245578550305,-0.03393460282343996,No
290,Male,White,1.1786241144697738,0.4833415917402094,3.7368529673741144,1.5369859009711173,Yes
291,Male,Black,4.930768603161885,1.9081939213516488,-1.7452513488205665,4.4682061652735445,Yes
292,Female,Other,0.37594925191948647,-0.07507281498295959,-0.6325957762233188,1.6300795384958424,No
293,Male,Asian,1.372562472311658,-0.431196560892257,1.3414758891938723,0.9742986196251708,No
294,Female,White,0.8732702154035701,3.642937717075285,-2.2991851072598823,4.207540744861722,Yes
295,Female,Black,2.913509693599187,3.8390909534444067,-1.4802779671086737,-2.619788786451294,No
296,Female,Asian,-0.511325919669914,0.09343628981695529,-0.1694895781716782,4.898117050776164,No
297,Female,Black,0.306164413974535,-0.5266190821219343,-0.7677844441470958,0.8119188227756493,No
298,Female,Hispanic,1.845434039147739,1.5253792603686964,-0.33001536594198616,0.7777012443752404,No
299,Male,Other,0.9378408247412937,1.1247629826405516,-1.8082376100440034,3.170220635017344,No
300,Female,White,0.46238104502699895,2.6405949288939445,0.8725396331847424,0.6891732523293325,Yes
301,Male,Other,0.3319846630507559,2.5680071403061966,-0.053973772350745186,2.7007201837951245,Yes
302,Female,Other,0.868852258027091,1.021334101151592,-0.136080960113949,-2.4962013271691434,No
303,Male,White,-0.3828070858537447,0.8380843984576475,-0.2782265146032691,3.6712209058912526,No
304,Female,Asian,0.7738434977436035,-0.06834075026347142,-0.7979954408948388,0.610274645561778,No
305,Female,Asian,0.6705013249484231,-1.2339779578072818,-0.0534395984567356,1.1095851197416884,No
306,Female,Asian,0.2859441609427815,2.330840312545427,-2.883697408401917,-1.5045637736522424,No
307,Female,White,0.914228563631712,2.3935462372929233,0.26843680221794136,0.21302740589047275,No
308,Female,Other,1.8623260737513943,1.7888875720231103,0.2843165812510247,0.3897502121368728,No
309,Female,Asian,-0.7911196665458116,1.2046283500771082,-1.8201784643154277,-1.0974805437313864,No
310,Female,Other,3.3257307263724223,0.7362489833026813,-0.08313678313851067,0.362922828575559,No
311,Female,Black,1.4821864133406866,2.4670755932197155,1.8591294839859631,2.1064619118216816,Yes
312,Male,Hispanic,2.2915030087992183,1.5679391122812443,1.1010911135288826,2.4789074168315546,Yes
313,Female,White,1.0757631578036984,1.4907470715157323,-0.07354315449074544,-1.8018660854299933,No
314,Female,Other,2.318884813463345,1.197825634170088,-1.0732105354531374,5.481317728703179,Yes
315,Female,Asian,2.3981449977676945,1.219487674221042,1.7996083992745078,2.387269376325829,Yes
316,Male,Other,0.8888270586119733,2.675622486241351,1.3855013958916873,1.9865575183318998,Yes
317,Male,Asian,4.219111861092208,2.564765340761741,-2.75522725483522,-0.7116257725179599,No
318,Female,Black,1.9614821784214744,1.1896713757273165,0.030297968548239473,0.7039598629356127,No
319,Male,Black,2.8583348843328196,2.9984318617002375,-0.43429309522036685,4.325270421460012,Yes
320,Male,White,3.012555578155138,3.020165446021692,-1.897681015742547,1.8573448187845352,Yes
321,Male,Other,2.073300046361037,1.9370754755919264,0.29320663268737357,1.2512932840567443,Yes
322,Female,Asian,0.5264355311546203,-0.20338172465069526,0.7176386096755258,2.480682426530463,No
323,Female,Other,-2.0908665252061835,1.638017850154823,-0.9154123898313453,2.5296430596317543,No
324,Male,Hispanic,3.1557362662930895,0.7453599418415837,0.8421252474585865,1.7633620108242662,Yes
325,Female,Other,0.5790834110356063,2.1575473200270583,-0.8315717509940475,0.37685176026367473,No
326,Male,White,-0.08849449162491219,1.3053849996712028,0.19462170681730795,2.481423679967185,No
327,Male,Black,3.4479413131194594,1.6934958494561767,0.3257588574833064,0.7358883360186701,Yes
328,Male,Other,3.160008796151719,3.641712987228141,1.6920983141936272,4.157840163170099,Yes
329,Female,Asian,-0.4749107127906964,-0.9860914890780994,-0.38757081445023955,2.9839767562459834,No
330,Female,Asian,3.051362195771072,3.186708487663588,-2.8082332326922677,-1.3165781836646715,No
331,Female,Hispanic,0.16974367417793323,0.7354547280444388,-2.2656178051941183,0.4386699370641567,No
332,Female,Asian,1.9261773237558388,4.180966671166077,0.3921208757406687,-0.028295037490854602,Yes
333,Female,Other,1.0015879921911544,1.8560188544281402,-2.0460892629127336,0.780290698873237,No
334,Male,Asian,0.4209814997839698,1.153137434418195,4.71719142062792,5.167530359067982,Yes
335,Male,Black,2.571490634313122,1.991804950339001,-3.3085780571696985,-1.081906934702964,No
336,Female,Black,2.183116291329977,2.9341742381704248,1.4193716646639363,0.7791000644550365,Yes
337,Male,White,-0.0008669401837209101,4.10349462801298,1.0632709046261248,-0.8303125425173321,No
338,Female,Other,1.3289590473115223,0.2311290282786853,-0.45756588872570214,-0.6317718981531202,No
339,Female,White,0.9125008524993655,0.18453713924355353,0.8893003671385519,0.9296783464974788,No
340,Female,Hispanic,1.815468735356208,3.5862338449724342,1.5607080124018904,0.6484205678293942,Yes
341,Female,Other,0.9445312535891279,1.691315317701832,-0.0522125684566177,2.222762528787836,Yes
342,Female,White,0.6217599348708478,-0.2299943127451849,0.5531509995568069,0.749825513366861,No
343,Female,White,1.4555423779386678,1.263041299081817,-0.6020321245257249,2.5991700434316916,Yes
344,Female,Other,1.847115464187839,-0.5402399800315074,-1.45960589708641,-0.072672032620959,No
345,Male,White,2.2079931276037135,0.050669026320824706,1.0002680712552283,2.020667412991159,Yes
346,Male,Other,1.7047727618045645,0.30776880672787277,-3.015213599444159,1.141387803226246,No
347,Male,Hispanic,3.0285779486882767,2.129129420064508,-1.0997064202982616,4.29309239287336,Yes
348,Male,Black,1.129418902947275,2.8081598298480888,-1.118788329098403,3.2133763545823353,Yes
349,Male,White,2.372480605601967,5.023754160130595,-1.27346558109525,0.9165371572257932,Yes
350,Female,Other,1.1091622583404908,0.7148390015451707,2.620405025137856,1.6288396941205974,Yes
351,Female,Hispanic,2.377368257998876,0.011005433924112462,1.637486514167047,-0.23819315766519367,No
352,Male,Hispanic,1.0348875408643499,0.719895974756537,0.8812188586418651,1.8016344327097085,No
353,Male,Other,0.4768122769027787,-0.8610271835688321,0.9797411594734836,1.182879837780207,No
354,Male,Black,0.5702873856507114,1.638973828491161,-1.8937622242980678,3.7127374461909644,No
355,Male,White,3.3848816759167573,3.074560284559043,0.07225094669323923,0.9201343224692455,Yes
356,Female,Asian,4.102003772452598,2.4276120793918987,1.242811734967249,0.07138834279631756,Yes
357,Female,Hispanic,2.645677445222654,2.9023476327641813,-1.0459947571869308,-0.7205592005648913,No
358,Female,Black,2.483347535551144,4.228594726672601,1.7895828847173783,0.6586007523442841,Yes
359,Female,Other,1.5310320868087648,2.1583552151240246,-1.4675482568504248,-2.168242546499737,No
360,Male,Black,1.7807905630067555,4.998172019763468,1.3173340185438966,2.3199577745068467,Yes
361,Female,Asian,2.0437252711528866,3.5465965013426284,-2.6560415538392315,2.9916719526852082,Yes
362,Male,White,1.528364422924828,2.7919980953557966,0.5770598803910976,0.22786529066949768,Yes
363,Female,Asian,-0.053835971559199614,3.290238675320349,0.03330309504497464,4.1214413759022435,Yes
364,Male,Hispanic,1.2732762585977846,3.8445290657887266,-1.8070449347341766,-1.513009456345722,No
365,Male,Black,1.9601556838224639,2.7517090232061605,-0.865585268326359,0.11699882769165282,No
366,Female,Asian,0.5121334800499153,0.92733778519511,0.0397103345187668,2.860014339666023,No
367,Male,Asian,0.500557696595245,0.06110458936601215,-1.4341446785482062,3.0245322804621306,No
368,Male,Asian,0.7758549525265426,2.1032432361593933,-4.171701136677797,-0.6248462723564865,No
369,Male,White,0.39626300152379423,2.1179959981844028,-2.3736388403683812,-1.3700737427652412,No
370,Female,Asian,1.2091578101844875,2.6836727793092843,-0.6594281209815898,3.284333795464373,Yes
371,Male,White,2.1237206421464725,1.1537677183656587,2.4710746007132833,3.108400118000408,Yes
372,Female,Black,2.9728057065980082,1.248032501566596,-0.6122454873697928,0.09970914933246189,No
373,Female,Other,1.17697949847561,2.4883933037311725,-1.039713178563596,4.109213742213834,Yes
374,Female,Black,2.415956324358638,2.092659461406466,-0.9319280334129127,-1.107204303036967,No
375,Male,Hispanic,2.5175191157238697,1.2708547163729476,-1.5193971396720682,3.965997102231228,Yes
376,Female,Asian,1.0964812421399652,1.8542495992924213,-1.1786756512403629,-1.3254761929461376,No
377,Male,Black,0.8737605221120351,2.234166692892885,-3.6154296346156753,-0.9103932819203273,No
378,Female,Black,1.475550597149201,1.551898649809418,-0.6334875422338422,4.367081556376199,Yes
379,Female,Other,0.8989360431412818,2.3163151991559197,-0.4988680157186236,2.427633277308593,Yes
380,Female,White,2.123183461111439,0.4608946972805755,-1.0514226005229586,-1.836336149034759,No
381,Female,Black,1.195060266293977,2.0056839648982456,-0.9555732917645169,1.0814103087881972,No
382,Male,Other,3.017411235759493,1.5288320563767814,2.8157842721787882,1.3825117805652034,Yes
383,Male,Hispanic,1.6374974714620794,3.0162101040392715,-3.2303979261284557,-2.32254069812978,No
384,Female,Black,2.386185750503387,1.1372583744881,-0.12340718064050642,0.601531207772906,No
385,Female,Other,2.716670093353434,0.24742951906129385,1.871493266145325,1.238346629347482,Yes
386,Female,Other,2.61891535671755,2.441293693434968,-1.5071376562547147,-0.7062579571520113,No
387,Female,Other,3.131961967724252,2.2842691761751013,0.4757927853152647,2.6591465955107965,Yes
388,Female,White,0.9872198566166424,0.8102567449631599,-3.240067646945822,-0.3279930939153768,No
389,Male,Asian,0.7473931930267104,1.0939429503265465,-0.22391380566805266,1.3306938229022334,No
390,Female,Asian,2.1121980515715695,1.2520519267138108,0.6497938871728901,1.803989079895505,Yes
391,Male,Asian,0.40448430614446895,0.44440588608974774,2.5775440716507405,2.6196785169231176,Yes
392,Male,White,3.874196826095321,0.4208969145985597,0.07576411649821979,1.785752431731296,Yes
393,Male,Hispanic,2.1802839810682597,3.9529960405369775,0.6374120404132961,6.404777054089665,Yes
394,Female,Black,1.409289828241412,0.2704757050843777,-0.3658590590451074,2.8190153131574847,No
395,Female,Other,-0.7262561187709888,0.8354748206948879,0.024146411389799265,-0.26673733594500537,No
396,Female,Asian,2.279056498898449,0.7874284187982978,-2.0245100858906526,0.2925441718155092,No
397,Female,Black,2.2423501112175246,1.9859753909814195,0.2925697943309641,1.9742726743492505,Yes
398,Male,Other,2.098854839572942,4.1932185718337625,1.9146548286306966,2.4896189946433136,Yes
399,Female,White,0.9567485365976534,2.9332729195210447,-0.4668165187510265,-1.617935653193781,No
400,Female,Other,0.7327383285934206,1.817588597099379,1.0617953628570622,5.08389364032492,Yes
401,Male,Black,3.4838216724859863,3.725672656583701,0.6984607435827003,2.005730390866627,Yes
402,Female,White,2.166581947166508,1.0534202587655945,2.041815533736695,-0.01621921172898544,Yes
403,Female,Asian,1.2888248486478897,4.51966646602622,-0.6902224187573248,-0.8316028716713479,No
404,Female,White,-0.1919683607198004,1.5277089070136123,-2.976857269801507,5.060171190385402,No
405,Female,Asian,0.9339278335940487,2.1835827708820332,0.7606995220857372,2.5794526626786576,Yes
406,Female,Black,0.22042964484385275,1.432136788274745,0.5600247467354135,1.8332143360947335,No
407,Female,Asian,2.43410482022077,1.937109065195065,2.711432316764649,1.0615258668717327,Yes
408,Male,Asian,0.3986953188695447,0.7685964632651,-0.5001217382395513,2.464843992191341,No
409,Male,White,1.5001971304412673,1.4561111274419998,2.0553827546135435,1.137436253097259,Yes
410,Male,Other,1.4610372594536014,2.1802382248603833,-1.2975449233610408,-1.4232836926525447,No
411,Male,Other,1.240329365887726,0.9995726410408946,0.37045415118872665,3.4218979516162995,Yes
412,Female,Asian,1.7224936642728963,1.4060519740357733,-3.349510401161606,0.19453255422008464,No
413,Female,Other,-0.6265011456836114,0.9600160723835554,-0.10772913479428814,2.4389709655131333,No
414,Male,Asian,0.7423648330541102,1.5592320345254973,-1.1464839894575425,-0.3284976532111131,No
415,Female,Other,0.5461328749845755,0.18046906942367236,-0.08254021629657471,2.912390538024016,No
416,Female,Asian,1.7235349459914198,0.7704344644371719,0.6002287678721705,2.8854268952000033,Yes
417,Female,Black,0.7646426661583563,0.6248929806460262,2.616845106612053,1.3042948019033598,Yes
418,Male,Black,0.3472576319138654,0.40486451339539786,1.3140894086213821,2.7400166496184744,Yes
419,Male,Hispanic,2.3563556552421354,1.624995136914808,-0.19001142536565538,-0.31212234258658667,No
420,Female,White,1.13591298986636,2.757604577796852,2.9032176443664848,1.2732977796657445,Yes
421,Male,White,2.027074994918862,1.8786621434413187,-2.636873859322597,2.53647374883494,No
422,Male,Black,-0.2720087348310831,2.1308856628987867,2.0455861649676406,2.8969321408180635,Yes
423,Female,Black,0.22993592042311572,3.5339488567581485,-0.20158730189911056,0.06605169544108491,No
424,Male,Black,1.739244086227349,0.9791403993195751,0.1629194108068894,0.6378626020332183,No
425,Female,Hispanic,3.7346730127196945,4.341770835008383,-1.2106480404117674,2.2149077167895372,Yes
426,Female,Asian,1.118823216446756,1.1785290724156439,2.6407309111255532,3.2954650077227354,Yes
427,Female,Asian,1.8507078871457483,2.615156852681694,0.3095737858536253,0.9462822362276884,Yes
428,Female,Other,0.35987500061280164,-1.3322765568014936,-0.7968464030543022,0.6498651172577499,No
429,Male,Other,2.8312596084236117,2.469360334183591,1.631806183787353,2.546365607784506,Yes
430,Male,Asian,3.3713087880388497,1.2692942584756692,1.9515748713639645,2.224160906708961,Yes
431,Female,Hispanic,1.6949054564629369,1.2982406108607876,1.3950261211779758,1.6662948795152113,Yes
432,Male,Black,0.3820766891579265,1.5557914561218353,-0.3930909127896538,0.1534438316775526,No
433,Male,Black,1.9402170147018432,2.9313633377223867,-0.9046268010808363,-1.1017762975715104,No
434,Female,Other,0.3673830080210847,2.8757327349917157,-0.17230832586317557,2.059711889797678,Yes
435,Male,White,1.9158769347031044,2.7451282661616174,-2.667117253325182,-2.3020129511701777,No
436,Female,Black,0.13165601496443569,-0.0896786451254723,-1.686695042140392,0.5469816208989837,No
437,Male,Black,2.891315297893181,-2.4955758239096526,0.1735808697813571,1.3565161318660028,No
438,Female,Hispanic,1.6538181620281476,2.4507477293064013,-2.3883639895409794,3.8085596462968994,Yes
439,Male,Black,0.7314588082991105,1.850535906246678,-0.28080594268438797,3.8643327963677465,Yes
440,Male,Black,2.5457151560688476,2.744516390554801,-1.7473231753775438,-0.23831370576570532,No
441,Male,Black,0.19650660926786112,3.3163189591942466,-1.4420151100155734,1.9297630135679067,No
442,Female,Black,1.628202115467369,3.523867834073416,0.17680447574907163,1.292171777281236,Yes
443,Female,Hispanic,1.365546194446047,1.282641532294547,-1.005397797303228,-0.3922120099695765,No
444,Female,Hispanic,0.41304512357433265,1.4731370366413201,6.131884526423967,7.220000672970727,Yes
445,Male,Other,0.8889397272200328,-0.7596990827050076,2.223219681725591,1.0025270065527838,No
446,Female,Hispanic,2.7197854535955095,3.1292293124276696,0.4183775584552687,-0.30561455724041275,Yes
447,Male,Hispanic,-0.1628922567557547,0.9252151326755131,-0.7225117320779445,0.5610881739064384,No
448,Female,Other,1.8884433061394539,3.397151642620818,-0.6135499165294676,1.0396942745048285,Yes
449,Male,Other,3.261886836570504,2.8090737661274425,0.8227762911366049,0.6929846947656906,Yes
450,Female,White,1.2002787233118077,1.9825792259143005,-1.7338279013359446,-1.4470443664023165,No
451,Male,Other,1.2331014660282316,-1.4653220395547524,0.4834397346450817,-0.5888885519401044,No
452,Female,Other,2.0742269751854527,1.1570075250523442,-2.297796368208618,3.9464982103357977,Yes
453,Male,Asian,1.8227481730588067,1.0093934881674174,-0.9630992210725005,-0.9226488985355248,No
454,Female,Other,3.0627202397158975,3.6939320416258346,-0.45939682867287673,-0.06451408406050563,Yes
455,Female,Other,-0.21590351743239933,1.7494152082990149,-0.3534781105041219,0.009904041619152482,No
456,Female,Asian,2.5058478909032074,1.4504437689830882,-0.4523193278077135,1.1387476110210715,Yes
457,Female,Other,1.7621590511691752,2.0767397126133713,-0.47170188713047034,1.9280252240817115,Yes
458,Male,Other,2.8566551506856643,0.3275843259996578,0.3040924791314112,0.41248072184700124,No
459,Female,Other,1.2660117174132066,1.0810181856399281,0.16316114754948446,0.7742582998301317,No
460,Male,Asian,2.2500995773998187,0.6086992018669541,-0.1032729722483716,2.3464561503836023,Yes
461,Male,Hispanic,0.22761537338874005,1.3781426070821885,-0.8278630302897185,3.824299036799964,Yes
462,Male,Other,2.1049291081627826,2.572677580481869,-2.399923416892263,-1.6439717453172715,No
463,Female,Hispanic,0.9182315600968645,2.644979269278095,1.2188340576661632,1.5527766681171284,Yes
464,Male,Hispanic,1.2403778960989444,0.43585133078323435,-3.3661512844653294,-1.068137725917385,No
465,Male,Other,-0.26013646233406895,0.48175848786526454,-3.2970592781066284,-0.7580116708032154,No
466,Female,Other,-0.633356554153516,1.772831061552207,-2.755856008482776,-1.2615107272607047,No
467,Female,Hispanic,2.9967280293026066,0.36775706913229755,2.5248388562072623,0.5180971149781122,Yes
468,Male,Asian,0.8992000149472841,0.3085091590836929,0.5924948352060655,1.0043603040700835,No
469,Female,Other,0.67821498202322,1.1085813249686023,1.294190850568019,3.051631679873704,Yes
470,Male,Other,1.5206980249678297,0.5483384973797982,-0.7558229853347045,0.971072790738418,No
471,Female,Black,1.6714357178662436,1.6362643008329922,1.1458061963327615,2.2809162766510878,Yes
472,Female,Asian,1.8295010900904443,-0.9607195944978006,-0.2901290944058613,-0.8153902764016299,No
473,Female,Hispanic,-0.41761493193540566,1.2448538012871275,-0.11962336765043546,-0.44220740461943286,No
474,Female,Asian,-0.3956779948232616,1.0033056119153256,-0.270656072427083,3.408638061889893,No
475,Female,White,1.0969272214347945,1.4208984429288445,-1.1414826190212046,-0.578048214098637,No
476,Female,White,2.43092770734013,2.1853434363203887,-0.09717955286270674,4.5023311127229855,Yes
477,Male,Other,2.2924816829663177,1.2013668616889595,-0.3748790871330866,3.9060593939343193,Yes
478,Male,Other,2.21175586754124,1.5928890009946195,-1.9954235482152205,-1.643179191510908,No
479,Male,White,2.203094111952368,2.44617911907191,-0.5126285060221131,-2.2252758651245563,No
480,Male,White,0.791639168369368,2.4599622169594055,-0.9893092762658884,1.778915956074126,No
481,Female,Black,0.934854917086232,1.7052059327310989,-0.3512491487859121,1.7614665724994591,No
482,Female,White,1.432528821282403,-0.23349785296465897,2.231230186887523,1.2031262623376233,Yes
483,Female,Other,1.992998428771887,0.7740881305074754,2.3450582530845847,2.792540535672689,Yes
484,Female,Black,-0.706725950995128,1.1118121807430925,-1.570297411904506,1.543557896930734,No
485,Female,White,3.6631601885860956,1.6904355542119347,-1.633493271901584,0.18492815414984487,No
486,Male,Other,1.5678167551707838,1.7477483137883376,-1.2081820252464937,2.1838230456540058,No
487,Male,Other,1.3155043606148626,1.818418445973527,-0.2573437795127289,3.724175896762596,Yes
488,Female,White,1.5394456169075017,3.461434728953122,0.7978162450690365,1.8480009279914893,Yes
489,Female,Other,1.4408407599101933,0.213009394283053,1.5463192588441153,4.310742457925993,Yes
490,Female,Other,2.2818599156774537,2.0697380500438847,0.34876751794960814,0.7553530632636342,Yes
491,Female,Other,1.113214380972672,1.6456297386174534,1.2861979327438604,1.1641882380585358,Yes
492,Male,White,1.95358886687559,1.071932924830924,-0.5420018744503712,0.9755805244341889,No
493,Male,Black,2.0427582081647073,2.0045292115944418,-1.8408790095491592,-1.555730274141914,No
494,Female,Other,2.6852755207924837,1.457733532488585,0.9543787811170682,1.5657103809512065,Yes
495,Female,Other,1.6428081787036892,2.1495864707356613,1.1838295490596984,3.2022322127065976,Yes
496,Female,Black,2.1468831216984827,2.2492527058384977,-1.1409255483755816,1.4663006691804603,Yes
497,Female,White,1.2963481442911202,2.9097276307549658,-0.03412677995212676,1.5068565284341036,Yes
498,Female,White,2.948608116643815,-0.5424082205326561,-1.043354668351963,1.6341897112444093,No
499,Male,White,0.6658065224319738,0.8929747450622516,-0.2718889339553118,2.4284919726007854,No
500,Female,White,0.8190028606706371,1.3749311301765101,0.913539988775504,2.105717484307739,Yes
501,Female,Other,2.2073189466627756,0.8706901787510575,-0.9819453056539367,0.7217096398285194,No
502,Female,Other,1.5445549349095282,1.4913503351304,-0.12747013505382518,1.2345623501420782,No
503,Male,Other,-1.3418931699113799,-1.37557026288825,2.5296757076414798,2.08278583846682,No
504,Male,Other,1.2922439112744981,1.2730172470931111,0.5205973263367182,1.6447460765299358,Yes
505,Male,Other,0.7087264170999283,2.357286590341265,-1.1437025888407784,5.6028675385216715,Yes
506,Female,Other,1.8642326657212198,3.6785067509694054,0.517057028153318,2.2513465248253826,Yes
507,Female,Other,1.4166536833777266,2.635860940358868,-0.15353766185772,3.88541507022584,Yes
508,Male,Black,0.8837152998891357,0.803994369231152,-0.27322968445195545,0.3913122004742884,No
509,Female,Black,3.0853862676761374,0.9311431521424081,0.6979570883649093,1.6073609481735809,Yes
510,Male,Black,4.2260588789619105,0.953012068533861,2.578129909841061,2.2024865706177192,Yes
511,Male,Other,2.070868644790021,1.189869324303766,1.017412079873059,1.680938572538718,Yes
512,Male,Other,-0.6142567791322211,2.1640607274425365,-1.333181978703424,0.8222054384492006,No
513,Male,Black,1.2659736370215002,1.7586840693647352,-2.608948158508996,5.579202980584748,Yes
514,Male,Asian,2.3756898325102855,1.5519881153152655,-0.33278322562902213,0.046593932436795105,No
515,Male,Asian,-0.15307251959093882,1.6041041316954976,-0.8631152785826792,3.7532738419023204,No
516,Female,Other,0.1016175368179657,1.3228989155600048,-0.13352354354507034,5.1961714140050965,Yes
517,Female,Other,1.0416618285133274,-0.2581525702689993,2.0009575836961853,1.6822837702509965,No
518,Female,Other,1.9962521993212612,2.4712890438484814,-0.23881301042756942,-0.33464895113732596,No
519,Male,Black,-0.019825899642942124,0.2839977626862483,0.9760130040911464,2.3613284163275674,No
520,Male,Other,1.7583963994038567,2.715535721588786,-1.2273639948980517,5.27480092446214,Yes
521,Male,Asian,1.3422015454284233,1.139514295120605,-1.3430641265844852,0.8362839768793897,No
522,Female,Other,0.008562270468140731,1.8586248335025957,1.8761553669187045,3.3428567698078187,Yes
523,Female,Asian,1.862274360187046,1.594970497858167,-2.9407533629157117,0.1320118767343621,No
524,Female,White,1.3336911128320903,0.161395007424181,0.8873968544512671,0.32423498073617396,No
525,Female,Other,1.1449475440931285,0.826193241050454,2.75430965809805,2.458006974308106,Yes
526,Female,Other,-1.852038777142425,-1.0225478670538397,1.0933285306081677,2.6483903390380243,No
527,Male,Other,2.6773782630691385,1.8260289588941474,-4.27624766758572,-1.614919023446227,No
528,Male,Black,-0.7116603561589678,-0.19672024529994814,0.9899313775170708,-0.0636591953268062,No
529,Male,Other,2.4108652859205373,1.364881634187538,0.7285920209603804,-0.08240469903176084,No
530,Female,Asian,2.894253857728253,0.47550015927268485,-1.9258991760302715,-0.04090690347904846,No
531,Male,Black,1.7484144991494643,2.50075062550736,0.8049017548943734,1.2752586199906686,Yes
532,Female,Black,0.41522115260747394,1.0588515805129408,1.6553437581294288,0.8558535332086968,No
533,Male,Other,1.1150791490272418,1.0356064059835954,-0.5005482034422133,3.149007503338617,Yes
534,Female,Hispanic,2.8116242220843173,2.897095149259287,-1.2027227409643078,3.572270715271949,Yes
535,Male,White,1.2705300538752748,3.639606320024685,-1.4397637169210025,3.261089627338601,Yes
536,Male,Other,1.4889219235902948,2.12455306655024,-0.21459289089236058,-0.5212626084250802,No
537,Male,Asian,1.2783772898495545,2.235866706611302,1.6852716578564335,1.8563508199977456,Yes
538,Female,Other,2.6138181547186505,3.09094809416933,0.5113902360575062,3.19321012420566,Yes
539,Female,White,-0.5592111716044299,1.5146248206053514,0.5607304060581642,1.2287503088857212,No
540,Male,Asian,0.05982498974931871,-0.7743837618792204,-1.1032045046079284,0.038710061899413284,No
541,Female,Hispanic,1.0856748559553768,1.3553793476562288,0.5850877204995877,4.762278412256853,Yes
542,Male,Black,1.042401128775986,1.9144554895881134,0.501166130977519,2.463398647698284,Yes
543,Female,Other,1.2132817217018337,0.9502735827655002,-2.2038575892639316,-1.7226630119441109,No
544,Male,White,-0.1054638337312579,0.7829496428100949,2.796585501747969,2.630628401109537,Yes
545,Male,Other,3.5445551276438705,1.1444929687165875,-3.1729461742403955,-2.4288407790231132,No
546,Female,White,1.348106937912563,0.48034896338149136,1.3785577718719728,2.9710229177032796,Yes
547,Male,Asian,0.6205450321071291,2.5839518454258616,-0.357166287254149,1.1252545972848185,No
548,Male,White,1.5817153233271382,1.485668830640837,-1.6198566241908752,0.26325219071792905,No
549,Male,Asian,2.844077313280639,-0.9369529097000417,1.6253276249073993,0.4062954447021674,No
550,Female,Black,2.651903787026684,0.5503800241195735,0.38558429928414256,0.6084010757729903,No
551,Male,Other,2.595335735887794,2.7221316428328826,-3.044418218384508,-0.6064212257211374,No
552,Male,Asian,1.3617201169646664,0.5399621836070031,-2.983266324182839,0.1414000670018929,No
553,Male,Asian,4.785811823696603,1.9137713941826693,0.03957016956674703,0.25383353230013483,Yes
554,Male,Other,0.39603728528067794,1.6023876582736756,-0.8403315129452404,-0.20550341599815403,No
555,Male,Other,-0.2928294474377957,1.4912145192477784,-0.5124056937974378,1.1730625397436771,No
556,Male,Other,-0.166264657771509,0.37062867473079597,0.07596091149290185,2.2255500428235893,No
557,Female,Hispanic,0.5131185373956999,1.1129996763683128,2.9867551918155213,1.4625523208805036,Yes
558,Male,Asian,3.0697564593479645,1.4759874842018155,0.8516475703229593,0.6548631308526953,Yes
559,Female,Asian,2.485535061251787,2.2308935898782334,-0.7643536280207139,1.435441548560817,Yes
560,Male,Asian,1.3417334859226786,1.2327468943889295,3.2240430815362875,2.294687356998673,Yes
561,Female,Other,1.8645297120591746,2.4471777171136453,-0.1447313356551032,2.8499151869591213,Yes
562,Male,Asian,1.8051988750608685,-0.1582306475797446,0.05713609431467981,1.449052972578801,No
563,Male,Hispanic,2.4172088627082546,1.9116054229789285,0.26209150598986763,4.42971957493577,Yes
564,Female,Other,0.4237759704736739,-0.36140669556271865,0.3159284195153873,0.369336584500646,No
565,Female,Other,-0.4391882916551706,1.145556302966893,0.20216141951091338,1.9313347549614683,No
566,Female,Other,1.0044991696824601,1.859040834882685,-2.8615866501292375,5.039125803937767,Yes
567,Male,Hispanic,1.2118080391870547,2.528413134909356,0.1612003506299835,0.727150581450305,Yes
568,Female,Other,2.5201093753134645,0.6805035368599575,-4.141528718642561,0.6912221517356028,No
569,Male,Black,2.839438262573116,1.5613085452951228,0.9415971788252557,1.44808061391563,Yes
570,Female,Other,3.2185902759937135,0.9767555864623705,-3.3956081572918064,-1.583334409545766,No
571,Female,Black,0.5800463066354667,-1.7668582063247316,-1.0510837745019785,4.869174397437426,No
572,Female,Other,3.6303098473882143,2.957876960466237,-1.4620385634346016,2.692894970000192,Yes
573,Male,Other,2.4228889170908925,2.449377584380964,-3.0527310618533674,-0.982713362902312,No
574,Male,White,2.441393740311399,1.3317005061687213,-1.5778631884639331,-0.647681964507637,No
575,Male,Other,2.029450886854389,1.3954475530080188,1.2040278702326026,0.6347437265686726,Yes
576,Male,Other,0.8539063673282723,0.6719174842365114,1.4300125211206447,0.4876235799227433,No
577,Male,Asian,1.3780549889538263,2.86649693545382,-0.29762207688497494,0.7080107907605373,Yes
578,Female,Black,0.4528321421809858,0.9272648004863583,1.4978915120542737,2.0059453431410494,Yes
579,Male,White,0.28712012289491884,0.321368894823967,-2.4037317891414265,-0.06533335821976438,No
580,Male,Black,2.05325438613822,1.9620734406750249,2.456676101701306,1.3894777190252907,Yes
581,Male,Black,3.326468577535174,1.23399064958582,-0.45228349875546614,4.809997521649345,Yes
582,Female,Other,4.342222115370016,1.4506906198603353,1.0087696944632318,3.5299831304345006,Yes
583,Male,Black,0.2802474028841284,-1.5458081758544973,-1.115720901043149,1.977244296704087,No
584,Male,Hispanic,1.9323953579370812,2.8382827961855197,1.2802810195799854,3.6239515886602094,Yes
585,Male,Other,1.826680270346571,2.24472427689222,0.06541523288636553,0.041151772906539374,No
586,Female,Other,0.8791039861906755,3.15313526611446,2.4176931242596216,1.6967388112048476,Yes
587,Female,Asian,0.1155670530083146,-0.11536332839582819,-0.2633079658531339,3.8303819596366315,No
588,Male,Asian,1.9024787963799885,1.788603715698828,0.1598501402770397,3.1238585223657864,Yes
589,Male,Other,1.387158123482534,2.284159155469352,-1.551036465778372,3.7559058944849855,Yes
590,Male,Black,1.3124031481688956,0.17684553793283886,-2.468546145237842,-1.74207875072466,No
591,Male,Other,2.4969944825404333,3.836874256847326,1.6441467321977092,2.513206910530711,Yes
592,Female,Other,-0.8222761403954209,0.6090701943014547,0.6807035446956154,0.6885851928350802,No
593,Female,Asian,1.8785911025599218,-0.9424449645390423,1.842021999474299,2.320268195920604,Yes
594,Male,Other,2.429100399951315,1.982765413210248,0.5386460282821354,-0.19489147231306747,Yes
595,Female,Asian,0.36817112926163376,-0.541374596156277,-1.8403111021615768,-0.09228036327341671,No
596,Male,Hispanic,3.0881297638843015,2.0841702484537246,0.10417632206134964,5.113240872487808,Yes
597,Male,Other,-0.23563939367309272,0.1612987934136697,-0.009326381200113532,1.9376292879423174,No
598,Male,Hispanic,0.606726399861059,3.5118000344081723,-0.6536861585882792,-0.4575297561782713,No
599,Female,Hispanic,-0.03285529056750258,1.1136680277217437,-2.823531252196533,-0.25348914285659085,No
600,Male,Black,2.4809272948059355,1.2672665470899052,1.6094654670956756,2.4246234682199983,Yes
601,Female,White,-0.34822621096924533,1.0600673037071893,-0.11050193605382479,0.6484808421370262,No
602,Male,Other,2.2064315337438924,2.27438741797126,-1.052810236592185,2.3378285172466438,Yes
603,Male,Black,1.9607035345487807,1.6459452780863257,-0.750386175329411,-0.9716308252775777,No
604,Male,Black,2.0151966172011146,1.5539926467413752,-0.2400846624275721,2.690759448013277,Yes
605,Male,Asian,1.9235474584326502,3.317481779849869,-2.5379527488726223,-3.1630748291853386,No
606,Female,Other,3.2393791560093277,1.3427608631368593,1.11326948996424,-0.20455699789387793,Yes
607,Female,Asian,-0.22718363026967658,1.72087674958849,-0.9343085035342111,-0.5061046223252714,No
608,Female,Asian,1.568494054236364,0.35673768584321186,0.9922440313867752,2.4807211173328505,Yes
609,Female,Hispanic,2.5625523956490444,0.37457177433993594,-0.7809590152120719,2.058311341641473,No
610,Female,Hispanic,2.831136289128915,-0.6132110330848035,-1.652720573938137,2.3448851411325053,No
611,Male,Asian,-1.1795835285233998,1.8958168452941195,0.5943364630284403,1.5600228167394121,No
612,Female,Other,2.3165510568900896,2.956930580097653,-1.6283602360567229,3.7986796725329737,Yes
613,Female,Asian,0.3977310590185732,1.7529318657313984,0.8213915508897216,2.8021710886738425,Yes
614,Male,Other,0.5697181636245026,2.2627982477753785,1.1965031739304541,0.4286341867731769,No
615,Female,White,1.8757818118750569,1.7344310143018742,-2.0637206933226087,4.763364854542383,Yes
616,Female,Other,1.7081919740735196,1.7197415900010302,-1.1788236950600168,3.810883861613532,Yes
617,Female,White,2.06191342749507,0.631738124719581,-1.6856917777897618,-1.8443670830001304,No
618,Female,Hispanic,2.2471732767636223,0.4023592800080602,1.2464613067113184,0.9088582061384978,Yes
619,Male,Hispanic,4.067056017835765,1.1794190140072907,0.5583841528878457,2.5043603297088484,Yes
620,Male,Black,2.1852347486849895,3.074464255438315,0.5935409652796865,1.7107988574104214,Yes
621,Female,Other,1.8798485478519922,0.72455764590705,0.4115505485935508,0.20166560023262936,No
622,Male,Other,1.9886298642162707,1.9303969341323168,0.7345406918241884,0.8273245287173827,Yes
623,Male,Other,2.2537990077526935,3.089375419837716,0.28509260431492145,1.5123952834159038,Yes
624,Male,Other,0.33615628110108153,0.4834141573107765,-3.036337143536521,-0.7194715109445005,No
625,Female,Asian,1.4889661473860896,2.1616051025640877,1.1223150585737036,3.153633164776881,Yes
626,Male,Other,3.482526841481951,1.4207676977347998,0.2765971318626412,1.3962003928501783,Yes
627,Female,Other,2.2098734542856313,2.4313698949939893,-0.6342813893153629,5.3227276043072465,Yes
628,Male,Asian,0.05263334408794318,2.0192070719497837,0.7528866318479777,1.667236669762573,No
629,Female,Other,-0.08990619941614253,0.303491010597586,0.0450874584707579,4.47753937766579,Yes
630,Male,Other,0.4392462327024951,0.8502858370217075,-3.3982870458551853,-0.7898473552490958,No
631,Male,Black,0.681780622229623,-0.5306051339672799,-2.168338605692967,-1.6665964521213126,No
632,Female,White,1.5693879805276123,4.644707509897758,2.2639022039550083,1.0995657719407892,Yes
633,Male,Asian,2.02305620434938,2.415465987133354,0.823819105084432,0.07322588382686879,Yes
634,Male,Hispanic,0.7598421395988361,1.1156038987432177,0.48013124462152384,1.7554018214137153,No
635,Female,Other,1.31820321021167,1.5881207995174162,-1.4894625583122196,-0.7864500048193062,No
636,Male,Other,-1.028590332506404,2.169282101953188,0.5311599536749796,4.171219842651459,Yes
637,Female,Black,2.01217436663014,1.0866606609146063,-0.9705711009951632,5.069480538560917,Yes
638,Female,White,1.3328469369301552,0.4855132313619688,0.43269319451018146,0.4139485455678348,No
639,Female,Other,1.3028363725207024,-0.13365347842783515,0.9608797745735259,-0.08812662180226805,No
640,Female,Asian,0.12271339473753484,0.08741331566348454,0.06142074717551254,-1.6067354921644674,No
641,Female,Other,2.195994750352883,2.722956656255427,-0.3549445128547269,-0.20638132086108918,No
642,Male,Other,2.171995115060192,1.9816984487156566,-0.43487667608706126,1.0943491945287644,Yes
643,Female,Other,3.561344843901615,0.22663681554062043,0.1961745703992699,2.025077414403802,Yes
644,Female,Black,3.4130341664466766,3.321841061269005,-1.0720037509927867,1.8837074396724411,Yes
645,Male,Asian,0.28191465104562563,1.391993857331138,1.4519273379117286,3.6576401922433197,Yes
646,Female,Black,0.11709135153670902,0.13348326722336723,-0.14071415495462825,4.5735163403742645,Yes
647,Female,Black,1.5762330038675367,3.8118749324117336,-1.694081702856798,-0.04810640179331915,No
648,Female,Asian,0.15647467238112434,2.3916041214342476,-2.106077460365589,-2.070398253221873,No
649,Female,White,4.378123678908125,1.9445225972764404,-1.4039444027073027,3.841528037570946,Yes
650,Male,Other,1.5297366782709338,-0.3330827376648271,-1.810169076177142,-1.8006769936445868,No
651,Male,Hispanic,2.053344923714855,-0.09605161252920968,1.2600475231471213,2.0876436115148893,Yes
652,Male,Black,2.4649111115153266,1.3284817380149108,0.15474291705099388,1.9933333000586184,Yes
653,Male,Asian,2.0369421693392065,1.3389506915479106,0.9925026305083805,-0.3551555717560153,No
654,Female,Black,2.212741337847856,1.4295069632260407,0.14665509741731997,-0.4396767478177389,No
655,Male,Other,1.2578224444948516,1.1539813997007868,-0.7626208099436768,1.0601958997448273,No
656,Female,White,2.2742476989293756,1.569783489519855,-1.5083489549805469,3.2141043386305252,Yes
657,Female,Black,0.8726927119923193,1.3170997829225417,-1.2257010240764268,-2.1718764726244473,No
658,Male,Black,0.7541078544096689,1.8661014576520225,-0.6065160877128333,5.524772940416639,Yes
659,Female,White,-0.0272534188378315,2.080379943168056,0.7444722245474121,2.0719779199612183,Yes
660,Female,Asian,2.651358670750677,0.6079711516136022,1.4139833337402217,1.888077066643735,Yes
661,Male,Asian,1.074428363645083,0.0472599947094805,-0.758537141326862,3.5215415244261816,No
662,Female,Other,0.35663548752570295,2.1334844039870324,-0.8092147818194623,-0.37690356305655603,No
663,Male,Black,2.811919422753857,1.1493454416415556,0.7085205424676566,0.7268403857071297,Yes
664,Male,Asian,0.08253893640732357,2.221865212804972,-1.3256368226624677,4.003635643095458,Yes
665,Female,Other,0.6234495563458091,3.0486051329672517,-2.4262734046895127,-0.13830063205219822,No
666,Female,Black,1.5041376574682643,2.1952724640897223,-0.281637739012942,4.733389151839299,Yes
667,Male,White,2.400488582946576,2.4751815211343247,-1.3689207700571413,-0.7670134648788574,No
668,Female,Black,2.2286368907669596,1.4153893458515763,-3.0800751320218867,0.20779815122796563,No
669,Male,Asian,0.4607243418178727,1.4773632484020838,0.21749132721210507,1.9128295065959149,No
670,Male,Black,0.9686514253266642,0.19648467434772765,-2.6396100050557894,-0.1255768236258994,No
671,Female,Other,1.3122211610268386,1.8012129796148129,-1.549134205218619,5.885719386891547,Yes
672,Male,Black,-1.575110078156523,1.1735196918521815,1.9158674827816942,3.792959435931059,Yes
673,Female,White,0.21528217458025656,0.1608404733680313,-0.2616455340243604,2.5147674479667166,No
674,Female,Other,2.0156250284496173,0.9619903812955166,-0.09525425895898754,4.101157761916698,Yes
675,Male,Black,1.020754979796929,0.6964575348988413,-1.120780097128119,4.322943239756831,Yes
676,Male,White,3.3207170910854362,2.6267681940048178,-0.19053730171039818,2.6225421989503275,Yes
677,Female,Asian,0.903280195211503,0.37434168745739305,1.2964293270823983,2.168974430714374,Yes
678,Male,Asian,-2.025097957989039,0.7581380346780949,-2.169358359444366,-0.2155159660271404,No
679,Female,Asian,0.6533548068054504,-0.9979819444465348,-0.5050959493653977,3.0632505511175783,No
680,Male,Hispanic,-0.45111173922243863,1.1627689526599514,-3.198756778902024,-2.697494589062955,No
681,Male,Asian,1.0046230437226296,0.3500216299942839,-1.5197126388695859,5.143514480544692,Yes
682,Male,White,0.6408292150387309,-0.1391205518835541,0.8770771632791681,3.552412550193303,Yes
683,Male,Black,2.6642754839726344,1.3201085728433473,-1.3313117739580536,-0.06643599421767354,No
684,Female,White,1.3049102005717907,2.9286469757182494,1.297658576719705,0.01770627789812984,Yes
685,Male,Hispanic,1.1217246970206527,1.6988248854008157,-0.8253892717489346,1.5304126131459825,No
686,Male,Hispanic,-1.307088134983708,2.7927495416697825,-1.0108596609632603,3.8060282156993437,No
687,Female,Other,0.8664741921905801,2.2358935222046967,0.9269530120070305,-0.10320284971754479,No
688,Female,Other,3.1226488535819863,2.281293688976553,1.1032042124733716,1.5657141420729461,Yes
689,Male,Hispanic,0.591674858491641,0.8084491933235711,1.090274339043719,1.0374298378582878,No
690,Male,Black,0.35012964285704085,1.065055224304804,-0.6376429233686892,1.458002355871778,No
691,Female,Other,-0.008060811075177643,0.9205503544515856,-3.730252471718935,-0.6857956798588645,No
692,Male,Other,1.1003602980999552,-0.16936585030632423,-1.0019943273338279,-1.440536767673613,No
693,Female,Other,2.4052330415407157,0.9713576897463553,0.25819296587926405,0.09060254560255754,No
694,Female,Hispanic,1.6710374750194816,-0.8281173290926023,1.1841120553870317,2.4909862891846517,No
695,Male,White,2.413703031978322,1.706045292901337,0.3000867406379159,0.7946649664335963,Yes
696,Male,White,3.5462914689798755,1.5555084996070128,1.3077358271782469,1.0752975494983426,Yes
697,Female,Other,0.8197434284629228,0.6834767415094352,1.266409592735172,0.771428196364164,No
698,Male,Black,3.968666782473894,1.9332963813763524,-1.6039695586449754,-2.9613654938787954,No
699,Male,White,0.9227017449630348,1.3733510719744306,0.7632594364907508,-0.9635181107566215,No
700,Male,Asian,2.237291097947738,1.9072844613190418,-0.9347013897111421,-0.6483734850805272,No
701,Female,Asian,2.0691400324338245,0.6087330680721117,-3.3546745174067194,2.207082457615925,No
702,Female,Other,2.169369530961499,2.981923912055562,-1.1500358907399715,0.17018037873341652,No
703,Male,Other,3.51883492298775,1.8712610014322115,-0.4642240185312962,0.22096228898862613,Yes
704,Male,Black,2.5809409259292866,1.9457012214674516,0.19765823647846426,1.4869786055702312,Yes
705,Male,Black,0.8533623355889024,-1.3696983385161774,0.1858874770560225,1.7327250183243974,No
706,Female,Asian,0.2054145188104437,0.5395740325903173,-2.3340051299675273,-1.8291267059722855,No
707,Male,Other,1.526101254180427,0.49217565680786934,1.532685078541718,2.5425668692547876,Yes
708,Female,Other,3.72408436836076,0.6445089443798468,0.6428296436666019,0.5038462231531482,Yes
709,Female,White,0.02670922615217941,0.8997805279504343,-0.6206408081354661,1.0763801830304955,No
710,Female,Other,0.20383040158946242,1.9898305471973128,-1.6006114206485518,4.284816974666944,Yes
711,Male,Black,1.3728556084289336,1.5549793841862543,0.23329719941079533,2.04603649229848,Yes
712,Female,Other,1.8510554485711148,2.439192575624136,-1.2468652604638555,5.03286415798856,Yes
713,Female,White,-0.20920995483445726,1.4010368288841322,-0.2103919619168133,1.0704545820125433,No
714,Male,Asian,3.0450750457715534,1.2516639872032786,-0.4664875224878329,0.1141833885003326,No
715,Male,Other,1.3481894588055856,1.7248377679727789,-1.3087591547528374,0.11452186217515725,No
716,Male,Hispanic,-0.8590808601849715,0.5120517887432239,-0.046286244667130855,0.20487430320279632,No
717,Female,Other,3.02444956391678,4.916616625592462,-1.1990914871529905,2.8153579282221446,Yes
718,Male,Black,2.257984080042187,2.2511289456544783,1.769070026760628,3.1673386144385027,Yes
719,Male,Other,2.5827640089824135,2.9706077993288886,1.2963958432371416,2.0759942761958783,Yes
720,Male,White,2.492410450580077,2.900027337257924,-1.3914966863337133,0.9081791184755321,Yes
721,Female,Other,2.9979188928898783,2.253457632133942,-0.6874417969472955,3.5603362948168957,Yes
722,Male,Black,0.8156510669473069,1.5110951726024706,2.703749075773247,1.3955538500919276,Yes
723,Female,White,0.42900925836245407,1.0812410193176831,0.40403048272750175,1.1393347003390526,No
724,Male,Black,0.15116428034275642,0.9898782537841679,-0.3426318923829881,0.5626066896493949,No
725,Male,White,2.660032904428191,1.719675081793192,-3.5568800472372617,-1.3736429105264873,No
726,Female,Black,2.0611279667300626,0.7336186115798902,0.05467023869352676,1.7241182209808132,Yes
727,Male,Other,1.4073019928578279,2.7519657007614864,-0.6596576962132394,1.5657042342835985,Yes
728,Male,Hispanic,4.390742253110711,2.165044426956688,-1.4555467743546455,-0.9903087042375599,No
729,Female,Other,1.3642094472833222,1.7884763682122844,0.22785876510248573,0.766813838939787,No
730,Male,Black,1.407664575905373,0.2586736639209556,-0.526288469730706,5.804748783909835,Yes
731,Female,Black,-0.43507718979780097,0.9245362792521122,1.2305369431420148,3.1319982440431993,Yes
732,Male,Asian,2.1462122847210336,1.6430482049082467,-2.0011524048635985,0.9120392107033437,No
733,Female,Other,0.7243303151213751,-0.29509877371277127,0.5210678270005683,1.2715766851222257,No
734,Male,Other,2.4854560434270505,3.0266847768098044,-0.8947486337361219,-0.8749761242214431,No
735,Female,Hispanic,1.8732687921509255,4.40225494312091,0.1413580106988527,-0.33320307325828624,Yes
736,Female,Other,-0.4165097604213859,-0.07638473364029075,0.05397115446426637,-0.09455448226950436,No
737,Female,Other,0.7254163656251909,1.025022461781318,-3.4233878315019504,-0.6062482523706518,No
738,Female,Hispanic,1.5094607786867762,2.957444563254567,-2.1893237668281245,3.9578952526283455,Yes
739,Female,Black,1.0932915140675221,1.6106700662726112,-4.0217243074059725,-1.0446018798045296,No
740,Female,White,1.1098344079706222,1.3903063724924403,0.36530749779391714,2.4130179418976736,Yes
741,Male,Other,1.500214547963875,2.745138610272127,-0.8791758151241539,0.6163977619933386,No
742,Male,Hispanic,1.6264790685646824,0.730320365490366,0.41206592934677955,2.7522696438686896,Yes
743,Female,Other,2.760085421480133,3.410479377459506,0.49016490510803923,0.7842675253400961,Yes
744,Male,Other,-0.38139062545621183,2.7691313356467053,-2.496591449447856,-0.46924822518923315,No
745,Female,Hispanic,2.088588800193572,2.7519531342564103,-3.362753938612788,3.4626258416942073,Yes
746,Female,White,0.9232932777883168,1.7425302268213652,3.985224373892921,5.260055108423043,Yes
747,Female,White,0.7711866755383692,1.8372216979116893,-0.4543331052059596,5.324990215050438,Yes
748,Male,Black,1.4587916606753708,2.1486389505324164,-1.584964735186969,4.164606465642803,Yes
749,Male,Black,1.2031106892701378,-0.23295311229175186,-0.7296789765482734,2.2279237568422463,No
750,Male,Other,2.9059633175431197,0.8161357021499092,0.26456077101800773,0.810555696575638,Yes
751,Male,Other,1.6523004759533133,2.2292149233160203,-2.196175236724306,-2.014694979715033,No
752,Male,Asian,-0.9208155356057568,0.8142462002827142,-0.9833645192325198,-1.3589995757898758,No
753,Male,Other,0.4375377753783438,0.6181015422503293,-0.7783627323679595,1.7277440172937069,No
754,Male,Hispanic,0.3721413821618481,1.2172444106173144,-3.1557828564147505,0.7490031415825558,No
755,Female,Hispanic,2.164377724713409,0.414249981130965,0.6199890862770783,3.3680455929558692,Yes
756,Male,Black,1.6966105257876463,1.5525251428364837,0.8986271004670696,0.1476580667111984,No
757,Female,White,-0.10561519786754037,2.108407586135292,-0.0016010782791038866,1.2010591361516014,No
758,Male,Other,4.153099631695363,0.6159275365794212,-0.22617724221267577,1.0084744269039243,Yes
759,Male,Other,2.212829947634539,1.0625798659518644,1.1754258595829468,0.402866067769426,Yes
760,Female,Black,-1.8351639544614589,1.438665726620105,-1.411060339444543,0.5884914151466947,No
761,Female,White,2.2508673898797302,3.4350251993840537,-1.6949094991020597,-1.9544750108018807,No
762,Male,White,1.5384123132956415,0.07785609300641749,-0.5392398135781955,0.3795869416417643,No
763,Female,Black,1.5591691393889922,3.333955030595715,-1.9891914350596653,-1.5565821467142724,No
764,Male,Asian,2.3556669447744962,2.710642560922291,1.5235541058027724,2.0165272783302557,Yes
765,Male,Other,3.019587337680041,1.1999806459629534,0.9947899074468608,3.340703385604092,Yes
766,Male,Black,1.585448457967294,0.49062331989278973,-3.219280644273568,-0.6434391617048815,No
767,Male,Asian,1.279912572711964,0.44238413310492,-2.051830627532262,0.7500048396934547,No
768,Female,Asian,-0.7155035605311504,0.1257616984068205,-0.5660416447011973,-0.4620172043491997,No
769,Female,Other,2.758817582308555,0.9232190708312977,-0.5598676900106259,0.480760703121218,No
770,Male,Hispanic,0.7536546692585429,0.8787225695418996,-0.15067027583858084,1.307799279749644,No
771,Male,Black,0.3260354277169861,3.606103636323252,0.468016941355429,0.3824043114998177,Yes
772,Female,Other,-0.3951169822718108,1.7280537073099154,0.45888930049411186,-0.46410541854244536,No
773,Male,Other,2.8833358255057027,3.1506491457853123,-1.0681770790083274,-0.2435663272908235,Yes
774,Male,Asian,2.214146874828269,3.0549200976888566,1.3656189876412073,1.5217722810214993,Yes
775,Male,White,-0.7515118375987075,3.530208912474748,-2.1255598537986358,-2.5537744812452168,No
776,Female,Asian,1.6706014515884244,1.726435754690149,0.8951344626903518,1.8065854563398764,Yes
777,Female,Black,2.027501773580348,3.0936842196035714,-0.7180953370855672,4.354267274391441,Yes
778,Male,Black,0.3994246891387281,1.3582567490694144,0.5614144022293963,0.8477630010889889,No
779,Female,White,0.7302491594415703,2.2113099299688757,-1.471120795726572,5.182699222150642,Yes
780,Female,Other,1.3835530034727246,2.5084204280657976,1.740841913106547,1.9351116923072427,Yes
781,Female,Other,2.2754687230681343,1.5900149770899814,-0.21145684146568833,0.9400984482362367,Yes
782,Female,Black,2.666382343422846,2.1532598515370074,-2.6415609401335756,-3.5020572542245922,No
783,Female,Other,1.2392868195396658,0.3043673824310905,1.4324918725787563,2.533770791584029,Yes
784,Female,Other,1.8483142771272962,1.0925981697942508,-0.2926934437502442,-2.147077755469665,No
785,Male,Other,2.3773921334412824,2.713133005116693,-0.880915648783191,1.368781075666392,Yes
786,Female,Other,0.7180156696800774,1.8599948446826566,-0.47340215556142784,2.718768753812556,Yes
787,Male,Asian,1.649111729018741,4.681838744741928,1.299497662652764,2.632691576792087,Yes
788,Female,Other,1.1657589783851847,1.4080334497447802,-1.3318712140201485,1.0953853972228673,No
789,Female,Other,2.8595400409778424,2.6977429687838406,-0.48199534304264874,1.3262504152691907,Yes
790,Female,Hispanic,0.7470803202670168,-1.730477262928468,0.38791263115530794,1.564315966104583,No
791,Female,White,1.6358720046115731,-0.10674532715385121,0.680507958232024,2.0779065464839435,No
792,Male,Asian,1.274452954099624,1.5826190571873842,2.299644840435535,1.7514682589578858,Yes
793,Male,Other,2.786080735513611,3.2608870196945317,-2.152716324705267,3.2387244657469116,Yes
794,Male,White,2.4613206620061923,1.6504195499772325,-1.6601807495405554,2.741350970737523,Yes
795,Male,Asian,1.4334500743868799,1.3500235483458958,2.3021680943957814,-0.48459186931232523,Yes
796,Female,Other,1.8758775251426332,2.0337592309398724,2.1524568893966567,4.360933216092184,Yes
797,Male,Other,-0.7222694586682792,1.167888825560187,1.4890857470083327,0.6179254102742469,No
798,Female,Black,0.12761592342898553,-0.0983867422996576,-1.5221955083847485,1.9048025714603605,No
799,Female,Other,2.2902657505756214,2.3437717012216996,-0.36803971864357743,1.9405293747423933,Yes
800,Female,Other,3.434615301490288,2.08994153809563,-0.15715249107787763,3.494463533256171,Yes
801,Female,Other,2.74651851437242,1.3029891123682813,-1.5115906597385376,4.814502371796527,Yes
802,Female,White,3.5136661048204667,4.15518643367073,-3.036108107408212,4.624038984459913,Yes
803,Female,White,1.5204764690633603,2.103589207798492,-1.1990810942813785,0.0622895609767784,No
804,Male,Black,0.8375468724350033,1.7696331168999024,1.8389282811371903,0.6775160672355518,Yes
805,Female,White,3.7414273915455474,0.7191483491830735,1.3296404883202773,2.1072376377393027,Yes
806,Male,White,0.9765577294607124,-0.7231349135279874,0.07803363921588513,3.301914904602668,No
807,Female,Other,0.9827939737604451,1.2373047299363265,-0.8183356989179854,4.2494752117590044,Yes
808,Male,Asian,1.525286582027556,-0.5250154542379588,0.28296308469640674,0.9473026368416084,No
809,Male,Other,0.9423213094892882,2.1411567584430395,-1.7945227422887393,0.2405856015846779,No
810,Female,Other,2.0029096393196317,1.9675964414481664,2.6507808636728516,1.9784508858250283,Yes
811,Female,Other,0.44132517156449746,1.8906836942296155,-4.174455109475518,-1.7259721431924053,No
812,Male,Other,1.8780293742700125,0.8470122404994349,-0.23273092395033862,2.7714102747842624,Yes
813,Male,Black,0.9736052831938999,-0.481208346915849,1.981679625296613,2.651670680728051,Yes
814,Female,Hispanic,1.7522172403932814,2.124319716813911,0.5581893053135696,1.8376693340532129,Yes
815,Female,White,2.871882191335759,0.5069839522681634,-0.4003310293139024,3.575516795456229,Yes
816,Male,Black,-0.19645221446433103,1.570863213146364,-0.7567841635420179,-0.3653970101594799,No
817,Female,Other,1.3216171672918555,-0.09618972441666096,0.9781502230403499,2.662744930433271,Yes
818,Female,Other,1.3374806088227524,0.32033519035564184,-0.38657065493180476,1.1228065106264726,No
819,Male,Hispanic,1.768379445225778,3.6646606675626865,1.8663620086113453,-0.8696509960232397,Yes
820,Female,White,0.7291700441884208,2.8019663620048503,-0.799900512423771,3.2206450725777467,Yes
821,Male,Other,2.8306643240860083,2.188169012674682,-1.990191618505609,2.06770292390833,Yes
822,Male,Black,1.0443514265773113,-0.6683264717552482,-2.877114832540108,-1.170345986703982,No
823,Male,Asian,3.1400988999862216,0.047074229432877424,1.5389985031897733,2.787986156734009,Yes
824,Male,Asian,1.3147500817262199,1.5201141775040592,-1.434008132983835,-2.3943596716546494,No
825,Female,Asian,0.9059952956485533,0.475260403173301,1.0789447555539486,2.888414990167537,Yes
826,Male,Black,0.9563631711521245,0.23375931470120936,0.6953136754896506,-0.45847396442821275,No
827,Male,White,1.6997672741686385,0.9951422217377104,0.8135018125587976,3.3059662812333266,Yes
828,Female,Asian,3.111398739836037,0.6153849502608122,1.5267816409166233,2.130027802100921,Yes
829,Male,White,1.5687647507867928,2.1221967720604242,-2.6019426370923067,4.302773239172401,Yes
830,Female,Black,-0.10987490090170371,0.06278326421731262,-2.1203192777882225,-0.19327578522490518,No
831,Male,Black,3.1279000564887216,1.7390600190581185,1.4559473387179416,2.6675530658574553,Yes
832,Female,Other,0.9883761131337374,2.1791825536497624,-3.154984234812871,-1.6361946084480854,No
833,Female,Other,1.8973807136634073,1.8143284709933756,-1.3441684672505263,1.4982664326939072,No
834,Female,White,3.105719551816598,2.775955403757256,1.6435667405372123,1.0194641154644106,Yes
835,Male,Hispanic,1.9614200969186968,1.4830956510524849,-1.5715827476485336,1.4492875761049415,No
836,Male,Other,-0.05631691486047208,1.1958444353361337,1.9730351512955424,1.6183615324845397,Yes
837,Male,Other,1.617475371338412,2.064148823882493,-3.3448431202643123,-1.365735729555447,No
838,Female,Asian,2.260309528042394,2.3666230886908446,-1.0748219187244539,1.1947982049806334,Yes
839,Female,Hispanic,0.7436985915984287,0.2704378968844584,0.6192726306665384,2.7722821324981686,No
840,Female,Asian,2.7232848318477165,1.0988975187632146,0.3171112791231166,0.08171380505310655,No
841,Female,Asian,2.3245045478471544,0.6533877545504965,1.2767924982036178,0.7598613984491218,Yes
842,Female,Black,1.7661362561576894,1.0334708065072769,-0.5914296232868196,1.1196157371698674,No
843,Male,Black,0.7737646182536894,0.13030076067019258,-0.2229619030416202,-0.002333461049684793,No
844,Male,Asian,1.5117062317808005,1.9520071309691973,-1.06783071666753,-2.5465948246105734,No
845,Male,Asian,-0.3379344097488173,0.9869143365220695,-1.452501611279587,0.9176731156322966,No
846,Male,Other,0.0008845782368056554,0.49488281637044396,-1.5877681195235354,-1.436604940990431,No
847,Male,Black,1.707698472777774,1.4952633202155958,-1.2026331236755423,4.3499414109849495,Yes
848,Female,Other,1.0793925481030935,0.7381220403335711,-1.358472390244069,3.632416358448689,No
849,Female,Black,2.2333540287476072,-0.05831323499748331,-0.8254916275642139,-1.4174162682967828,No
850,Male,Other,1.4714774547793525,0.6182160888021027,-1.8289169607555216,-0.8492946732144496,No
851,Male,Other,0.9840449648346914,1.3234821066515323,-2.5460873541779634,-2.543383501983377,No
852,Male,Other,3.10402309190634,4.159500525479055,-0.5792290319475187,0.17402391669651607,Yes
853,Female,Black,0.7281899537239611,1.6873946285184864,-2.1676595779134367,-1.5840610090370177,No
854,Female,Hispanic,1.8009442957931654,0.792159922275852,0.6423294887206622,0.2225014425868994,No
855,Male,Black,1.8716073652905731,1.8826923359917422,-2.520777935783468,4.779223379063808,Yes
856,Male,White,4.5675756476555165,1.8536443282660269,0.8859396170657439,1.0185719648286846,Yes
857,Female,Hispanic,3.2712880783875984,0.030371997462905642,-1.00640761777741,-2.476332280362949,No
858,Female,Black,0.2785095312865753,1.6978148937874196,0.5806969260066228,2.0066689199160046,Yes
859,Male,Hispanic,0.2838235491257204,1.0217763405538216,2.2204101516378603,2.6501669817909876,Yes
860,Male,Black,1.5077867870245292,1.701576657980014,-0.0911248082311002,0.18019884180040058,No
861,Female,Other,3.891584038885047,2.303597107482309,0.8489735352897377,0.04093435320561278,Yes
862,Female,Asian,2.4563343500716712,1.759636375395631,-2.365147493402924,4.516542194803133,Yes
863,Female,White,2.706020988911577,0.8785274495767865,0.08899851839401562,0.5423304418777175,No
864,Female,White,-0.32582743957149285,1.8500329059098566,0.6576695624562283,4.037064390589018,Yes
865,Female,Other,-0.24650599618177482,1.0037655735031004,-1.6882016365208568,2.9787463155850786,No
866,Male,Other,0.9176194195445416,0.7616603500903372,-0.7631190289262428,3.1407431522692866,No
867,Male,Other,1.4308104761711073,0.1850970096401282,-0.10186158527850542,4.054406147655947,Yes
868,Male,Black,2.6589486366662674,2.5068699282379674,0.986545599097436,3.4014560746589844,Yes
869,Female,Other,0.6523020982381689,2.829385797384909,-0.580905097887446,1.3392186164165438,No
870,Male,Other,2.0289870514511557,-0.18581162671361318,0.3497606795633026,2.9137072500451957,Yes
871,Male,Asian,2.5499289351297594,2.1836016027083356,0.33876919462300537,2.715235631530708,Yes
872,Male,White,4.004403513233035,1.9392469290627454,1.5075454155651382,2.803997502412824,Yes
873,Male,White,1.7608885817095987,1.2698906256172675,-0.05896140348663703,-2.995863590341769,No
874,Female,Hispanic,0.9904396497917444,1.1599783764036844,0.9431254737838793,-0.01291727978107482,No
875,Male,Other,2.3125798047485793,1.9301663658458297,0.6108969067567291,1.0259764133187685,Yes
876,Female,Asian,2.6177354546592166,0.8875251501905458,1.8485804332820313,1.402259745416953,Yes
877,Male,Black,1.9119773757707756,0.9588323912594726,-0.8651794751850967,2.2490350118552276,No
878,Female,Asian,1.6541378627990753,2.5540243633612905,-0.1248870104909124,0.8428590190388052,Yes
879,Male,Other,0.3468674427275612,0.8856713661904974,1.0242095621211789,2.4889879183287067,Yes
880,Female,Asian,3.0577570257804942,2.3499243680876334,-0.5749517412680689,1.6948693374159198,Yes
881,Male,Asian,1.7825234094303304,1.8341170506272868,-2.232391207524424,4.063894878715811,Yes
882,Male,Asian,2.1042805721685873,2.4428792140180966,-1.5004676431772643,3.436958085596375,Yes
883,Female,Other,2.7734742214321004,0.6791343319704879,-1.1628361881614695,0.8187274324638794,No
884,Female,Other,2.0493327223682036,3.0671787671445294,-0.22254192168877204,1.9149563917071617,Yes
885,Male,Other,1.2543121050063382,2.314661423642314,0.8674609084641608,2.182781000906435,Yes
886,Female,White,3.7450053054100563,0.45637361609154703,1.5225534187236147,0.8026026266266673,Yes
887,Female,Other,2.017276206670776,1.7792988307018662,-0.19522729969389838,-0.34449324513632384,No
888,Male,Asian,0.30708647419842316,1.2692451437836763,-0.29310263126880715,0.08060482547672121,No
889,Female,Other,2.671064931713841,2.872079617696563,0.4433174486086599,0.4089447383764835,Yes
890,Female,Hispanic,2.1482025092544292,0.8043705101793519,0.4251406818648206,2.1176021163852234,Yes
891,Male,Black,0.851112673743327,1.1877278282610186,-1.031531973722544,4.753057170786629,Yes
892,Male,Asian,0.4309583576154613,0.1971800578472328,-2.697179141638996,4.301310551364295,No
893,Female,Black,1.6133452130835373,2.584451267289823,-2.5951347316784403,-0.3424075811165368,No
894,Female,Other,2.049723091722028,0.880999452348584,-0.3173836540558512,2.557116742846966,Yes
895,Female,Asian,2.9081003438165327,1.481464694286228,-0.8811368207446921,1.6789394878423132,Yes
896,Female,Other,1.8112226699374283,3.161994228236452,0.12022934407134311,2.0269864645362867,Yes
897,Male,White,0.1929970959216073,0.1918872380486798,0.6402903647318228,4.280130786231845,Yes
898,Female,Asian,2.4275980923794553,1.274647511663763,1.2919171351209404,1.3151871015402896,Yes
899,Female,Other,0.7371982468081233,1.3147169940501473,0.4812263666685008,0.30351733546889226,No
900,Female,Other,2.4053147345748926,2.142439014418764,1.2728260756554273,0.5528459539257589,Yes
901,Female,White,2.3025783822830914,3.017968013595439,0.629213043425368,4.140331806812293,Yes
902,Male,Other,1.8341973420926978,2.4402959533392488,2.135766994309896,1.5536798506338416,Yes
903,Female,Black,1.7790778991976604,2.481094927967547,1.1583470965774088,1.5907323966908518,Yes
904,Male,Black,3.106988520012542,1.8764789893545943,1.5326660163020096,2.3555872211833764,Yes
905,Male,White,1.358222277646611,2.1438671797976787,-0.24430607101222115,1.7208188701145093,Yes
906,Male,Other,1.1921528296075614,3.034512982818567,0.6225118241780593,-0.11843737646918706,Yes
907,Female,Asian,1.7194405157585095,2.429910781185507,-0.23915351580723254,4.447457578351308,Yes
908,Male,Black,1.5217477744031733,2.676244143092511,-1.4473327667193292,4.385287198412637,Yes
909,Female,Other,1.9933594030188857,2.1744408792816787,-1.7182865793552136,3.366838362381273,Yes
910,Male,White,1.9678487419509607,1.544551502079968,-0.017011503433789585,-0.9562112927971047,No
911,Female,Black,3.0238755510202027,0.06508946521305048,-2.442287651789249,-1.1667793016542498,No
912,Female,Other,2.1386597557657354,3.1664398828218845,-0.407289042852395,-0.8060903007378055,No
913,Female,White,2.566964418332171,2.101197321708331,1.1782878315410028,2.5621286988457017,Yes
914,Male,Other,0.321495314705986,1.122039267781519,1.469247281944051,1.9914344316870298,Yes
915,Female,Black,2.021847499060158,3.6680392493755756,0.3717490994099063,3.2019583503812,Yes
916,Male,Other,0.7046870515713941,-0.2862834579703526,0.6610750614898658,2.078936150499241,No
917,Female,Asian,2.8640381870697955,1.3670708403334448,-2.512869819223337,-1.3869505322598257,No
918,Male,Asian,1.263555617721901,2.397170914054768,0.9307887907812209,3.293438381152884,Yes
919,Female,Other,1.5786514403672753,1.2235073285389912,0.43553879438738297,-0.37593906780672826,No
920,Female,Other,1.0456707418375515,0.33209546886639774,-0.4302805175676594,1.4775661342550195,No
921,Male,Other,2.1859936690698154,3.224856668796419,-0.9856394244063993,0.21336041881017143,Yes
922,Male,Black,0.9326729827748421,2.4279809129277363,0.9121557360534965,-0.5642725691496373,No
923,Male,Black,2.83453669390236,1.7522038741722503,-2.528667829224083,0.0998528322597847,No
924,Female,Black,0.7492103280777412,2.0182340338316216,1.6466342523366915,2.0592056002503085,Yes
925,Male,Other,0.7835217798051137,2.480252466165937,1.0339476762337316,1.2449255724620996,Yes
926,Male,White,2.193909858887311,0.5687797710444877,-0.6284743063727602,3.0776460254173097,Yes
927,Male,White,0.934029703620218,1.2279524001091455,1.7315903712931282,3.014428602746895,Yes
928,Female,White,0.5317745526983099,2.0120473739677784,-0.43148140203089114,4.816770990894795,Yes
929,Female,Asian,1.8744764236324765,2.8573872785066614,-3.2672521359659097,-0.3021480593554171,No
930,Female,Black,0.32734751914036697,2.3363184485365203,-0.8193213362352232,3.565019853725604,Yes
931,Male,White,2.356333763356297,3.950020587527617,-2.481998631750767,2.9381194173338328,Yes
932,Male,Other,2.8634766672484657,2.8594496541013426,-4.294553449862897,-1.0689342215327404,No
933,Female,Other,0.28931955365348416,-0.07759929845749491,-1.1573067439424678,3.555715142611077,No
934,Male,Asian,0.9599652750234419,2.7556490696915583,-0.40814767511510985,0.386786621319003,No
935,Female,Other,2.378493091733809,2.540639698024154,-0.043642441532105704,0.6748849608787559,Yes
936,Male,Other,1.7654648844225296,0.26402594057710804,-0.06682594069159498,3.6547652652258544,Yes
937,Male,Other,2.081266466313811,1.0090615834371273,-1.4860701151704845,-0.570692663120602,No
938,Male,Black,1.2622298195980117,-0.3934989396374682,2.412275585172066,2.527521748124129,Yes
939,Female,Other,1.5480806258426758,2.727107927074152,-2.4093744338211627,-0.7929537797957106,No
940,Male,Asian,2.8887577620613807,1.5224703054572923,-1.5468314841940445,-0.9616110008117285,No
941,Female,White,0.4693568549874282,1.3800959655001757,2.3815201978307954,1.799230140939327,Yes
942,Female,Other,0.02509101782338652,0.8033149621414697,0.13966340220767703,0.29694923254857675,No
943,Male,Black,1.709999882516396,1.3092001433146399,-2.230152298100298,-1.5899516198510841,No
944,Female,White,0.02859098692380002,1.682527150032813,-0.38946172199899687,3.858018778941855,Yes
945,Female,Hispanic,2.8221923601686667,2.9296336805045358,0.8644630166141682,2.4981192078496273,Yes
946,Female,Black,0.24641230000269077,4.245224795732307,-0.6505766097449387,1.1753907088500528,Yes
947,Female,Asian,1.269235042785237,1.0607810910329518,0.855519594933079,3.769279585821481,Yes
948,Male,Asian,1.2290442600686882,1.5611452590685495,-2.0744192206636676,-2.992402106855363,No
949,Male,Black,0.8133847767662743,1.4034740679760924,-1.9420275664936293,0.5466926925292235,No
950,Male,Asian,2.0780071184764197,2.036420060197104,-0.25913406866743394,1.8756183629528456,Yes
951,Female,Black,2.622088586153052,2.560296791790826,1.2001258176278176,2.7433657907235447,Yes
952,Male,Other,3.0380115385542066,1.9079199622718959,-2.747499391785418,-0.4304300691885603,No
953,Male,Black,2.0895280486850254,-0.07777828702768086,0.6117203465594525,-0.43322316997476795,No
954,Female,Other,1.24868249231395,1.252349733063164,1.3153136037904531,1.5598391382324386,Yes
955,Female,Other,2.7413410313999824,1.8522048097816834,0.7952158339765404,2.7167929395877763,Yes
956,Male,White,1.42947968382067,1.6655952393216862,0.935708793869286,1.7974176750846262,Yes
957,Male,White,2.7135486378839495,1.393158415307186,1.704940339760534,1.1488397270551052,Yes
958,Male,Asian,3.1253810886260025,-0.15804140640916442,-1.5016510567511019,3.920105426501518,Yes
959,Male,White,0.4176242096255355,2.203947529408995,-2.3646211782536417,-1.3059118383536361,No
960,Male,White,1.2170773404936295,-1.113638938989571,1.3209518301647059,3.426744444482435,Yes
961,Male,Hispanic,0.41310539864989493,0.6418919840694186,-1.1774933119768594,-0.4035613676763622,No
962,Female,Hispanic,2.853766953039093,2.066939578432033,-0.31914019141906574,-0.47494248692627616,No
963,Male,Other,1.5078247459269325,-0.3480022875928772,-2.6147296539770046,-1.1101528760820019,No
964,Male,Asian,2.39364107187733,1.2187036184117517,0.1193256686691673,-0.5174870270607559,No
965,Female,Other,2.2589216940596084,0.2815290449193364,2.3178082042772585,2.7811717709171653,Yes
966,Male,Other,3.2289431167423372,3.0024291374792966,-3.032925531777416,-2.000478329536768,No
967,Male,Asian,1.3310716911040823,-0.08610374832434475,-1.429447021157583,-1.768739242512475,No
968,Male,Other,0.06609272183751835,3.9915506367504534,0.40818738971017443,3.712383214906903,Yes
969,Male,Black,0.8917179615032687,1.7745396157912434,-2.4249184165455064,-0.8059377090639308,No
970,Female,Asian,1.2874028549391539,1.4871834980839915,-1.208185031233049,4.56241520271833,Yes
971,Female,Other,2.423393497100996,2.1291016161132386,2.9463646339381495,0.5848542730160191,Yes
972,Female,Black,2.8097708339461933,2.9588122365685123,-0.23396834869787853,-1.1420689605154855,No
973,Female,Other,0.08391043900567141,1.6718908330542988,-1.4635180561919752,1.9064849211051067,No
974,Female,Black,1.2041611354018231,1.028818888266395,-0.6316077583516819,0.9151772971816272,No
975,Female,Asian,0.4579183392590893,1.2565875639325452,0.6437914047674499,3.801710739506695,Yes
976,Male,Black,2.2327624652069584,1.6071275429474143,0.5854177131190775,1.0194236882853225,Yes
977,Female,Other,2.148480448543781,1.9146578661959275,-2.006802490325459,-1.0872044135927874,No
978,Female,Other,3.204015090089523,-1.0461629263322427,-2.253654430063654,1.2594966641151502,No
979,Female,Hispanic,1.8646345974474847,2.766407531694414,-0.331521331153774,3.2541187619543455,Yes
980,Female,Asian,-0.18984758317824224,0.691175844239429,-2.2815591879167285,0.5607222444049558,No
981,Female,Other,0.9968355726808684,1.208779659232474,0.7125632377245141,3.056931202953786,Yes
982,Female,Hispanic,1.3458322382164287,3.059661893378312,0.42313265210963924,1.000109210107321,Yes
983,Female,Other,-0.14390030292168898,-1.5643661239585565,-2.9927196528265183,0.011827320892510373,No
984,Female,Asian,1.874534831329545,2.11805369793299,-2.908479790028226,-0.6877897044499336,No
985,Female,Other,1.6499143439429653,0.6558282747770261,2.682646961428327,1.2870305699006357,Yes
986,Male,Other,2.5513908300484487,3.685344670029435,-1.7938439172731642,1.3781255199606173,Yes
987,Male,Other,1.875431720733983,1.0645322861671465,-1.4977129224646473,4.710048973959282,Yes
988,Female,White,0.49958599502332257,1.3946589794141417,-2.347563789922856,4.708669629447406,No
989,Male,Asian,0.5529610816509148,1.7613700624589392,-3.0945552840048016,-2.004679203156612,No
990,Male,Black,1.9061389214442581,1.5246092284559036,0.6503943813672612,1.1457562080088968,Yes
991,Female,Hispanic,1.6658090245908617,0.9436253462544921,0.6337112761279275,1.6992221436899302,Yes
992,Female,Other,2.5257792187294115,1.9023387556014932,-3.4679069294173854,1.0508455768008729,No
993,Female,Asian,1.487046595136742,-0.7680716584346645,0.09984651216202489,3.4209417365370394,No
994,Male,Asian,2.3903433095152127,3.4578424800462138,0.7303007216598913,-0.18097290940124178,Yes
995,Male,Other,-0.6015699749240824,2.106963185217351,-1.8758776109072217,3.870631077326662,No
996,Male,White,2.6677334870537894,2.4580994179088163,0.009818790047063541,1.2255003644739,Yes
997,Male,Asian,2.762514982654789,0.010724835846817493,2.594553421942299,1.299688898996078,Yes
998,Male,Black,2.124758482445306,2.814932512703105,-0.48374661530895724,3.0787992019831796,Yes
999,Female,Other,0.7824742984703351,-0.2849820715777114,0.08033530803972737,1.1435633149171431,No
